solid sketchbench
 facet normal 0 0 1
  outer loop
   vertex 27.555057525634766 16.235136032104492 12
   vertex 26.651052474975586 17.091455459594727 12
   vertex 0 0 12
  endloop
 endfacet
 facet normal 0 0 1
  outer loop
   vertex 25.84493064880371 18.040496826171875 12
   vertex 0 0 12
   vertex 26.651052474975586 17.091455459594727 12
  endloop
 endfacet
 facet normal 0 0 1
  outer loop
   vertex 28.546348571777344 15.481576919555664 12
   vertex 27.555057525634766 16.235136032104492 12
   vertex 0 0 12
  endloop
 endfacet
 facet normal 0 0 1
  outer loop
   vertex 25.146142959594727 19.071130752563477 12
   vertex 0 0 12
   vertex 25.84493064880371 18.040496826171875 12
  endloop
 endfacet
 facet normal 0 0 1
  outer loop
   vertex 29.61330223083496 14.839611053466797 12
   vertex 28.546348571777344 15.481576919555664 12
   vertex 0 0 12
  endloop
 endfacet
 facet normal 0 0 1
  outer loop
   vertex 24.562883377075195 20.171276092529297 12
   vertex 0 0 12
   vertex 25.146142959594727 19.071130752563477 12
  endloop
 endfacet
 facet normal 0 0 1
  outer loop
   vertex 30.743412017822266 14.316767692565918 12
   vertex 29.61330223083496 14.839611053466797 12
   vertex 0 0 12
  endloop
 endfacet
 facet normal 0 0 1
  outer loop
   vertex 24.101987838745117 21.328031539916992 12
   vertex 0 0 12
   vertex 24.562883377075195 20.171276092529297 12
  endloop
 endfacet
 facet normal 0 0 1
  outer loop
   vertex 31.923423767089844 13.919175148010254 12
   vertex 30.743412017822266 14.316767692565918 12
   vertex 0 0 12
  endloop
 endfacet
 facet normal 0 0 1
  outer loop
   vertex 23.768863677978516 22.52783966064453 12
   vertex 0 0 12
   vertex 24.101987838745117 21.328031539916992 12
  endloop
 endfacet
 facet normal 0 0 1
  outer loop
   vertex 33.13950729370117 13.651494979858398 12
   vertex 31.923423767089844 13.919175148010254 12
   vertex 0 0 12
  endloop
 endfacet
 facet normal 0 0 1
  outer loop
   vertex 23.567413330078125 23.75663185119629 12
   vertex 0 0 12
   vertex 23.768863677978516 22.52783966064453 12
  endloop
 endfacet
 facet normal 0 0 1
  outer loop
   vertex 34.377403259277344 13.516865730285645 12
   vertex 33.13950729370117 13.651494979858398 12
   vertex 0 0 12
  endloop
 endfacet
 facet normal 0 0 0.9999999999999999
  outer loop
   vertex 23.5 25 12
   vertex 0 0 12
   vertex 23.567413330078125 23.75663185119629 12
  endloop
 endfacet
 facet normal 0 0 1
  outer loop
   vertex 35.622596740722656 13.516865730285645 12
   vertex 34.377403259277344 13.516865730285645 12
   vertex 0 0 12
  endloop
 endfacet
 facet normal 0 0 0.9999999999999999
  outer loop
   vertex 0 50 12
   vertex 23.5 25 12
   vertex 23.567413330078125 26.24336814880371 12
  endloop
 endfacet
 facet normal 0 0 1
  outer loop
   vertex 0 50 12
   vertex 0 0 12
   vertex 23.5 25 12
  endloop
 endfacet
 facet normal 0 0 1
  outer loop
   vertex 23.768863677978516 27.47216033935547 12
   vertex 0 50 12
   vertex 23.567413330078125 26.24336814880371 12
  endloop
 endfacet
 facet normal 0 0 1
  outer loop
   vertex 24.101987838745117 28.671968460083008 12
   vertex 0 50 12
   vertex 23.768863677978516 27.47216033935547 12
  endloop
 endfacet
 facet normal 0 0 1
  outer loop
   vertex 24.562883377075195 29.828723907470703 12
   vertex 0 50 12
   vertex 24.101987838745117 28.671968460083008 12
  endloop
 endfacet
 facet normal 0 0 1
  outer loop
   vertex 25.146142959594727 30.928869247436523 12
   vertex 0 50 12
   vertex 24.562883377075195 29.828723907470703 12
  endloop
 endfacet
 facet normal 0 0 1
  outer loop
   vertex 25.84493064880371 31.959503173828125 12
   vertex 0 50 12
   vertex 25.146142959594727 30.928869247436523 12
  endloop
 endfacet
 facet normal 0 0 1
  outer loop
   vertex 26.651052474975586 32.90854263305664 12
   vertex 0 50 12
   vertex 25.84493064880371 31.959503173828125 12
  endloop
 endfacet
 facet normal 0 0 1
  outer loop
   vertex 27.555057525634766 33.764862060546875 12
   vertex 0 50 12
   vertex 26.651052474975586 32.90854263305664 12
  endloop
 endfacet
 facet normal 0 0 1
  outer loop
   vertex 28.546348571777344 34.51842498779297 12
   vertex 0 50 12
   vertex 27.555057525634766 33.764862060546875 12
  endloop
 endfacet
 facet normal 0 0 1
  outer loop
   vertex 29.61330223083496 35.1603889465332 12
   vertex 0 50 12
   vertex 28.546348571777344 34.51842498779297 12
  endloop
 endfacet
 facet normal 0 0 1
  outer loop
   vertex 30.743412017822266 35.683231353759766 12
   vertex 0 50 12
   vertex 29.61330223083496 35.1603889465332 12
  endloop
 endfacet
 facet normal 0 0 1
  outer loop
   vertex 31.923423767089844 36.08082580566406 12
   vertex 0 50 12
   vertex 30.743412017822266 35.683231353759766 12
  endloop
 endfacet
 facet normal 0 0 1
  outer loop
   vertex 33.13950729370117 36.34850311279297 12
   vertex 0 50 12
   vertex 31.923423767089844 36.08082580566406 12
  endloop
 endfacet
 facet normal 0 0 1
  outer loop
   vertex 70 0 12
   vertex 36.86049270629883 13.651494979858398 12
   vertex 35.622596740722656 13.516865730285645 12
  endloop
 endfacet
 facet normal 0 0 1
  outer loop
   vertex 70 0 12
   vertex 38.076576232910156 13.919175148010254 12
   vertex 36.86049270629883 13.651494979858398 12
  endloop
 endfacet
 facet normal 0 0 1
  outer loop
   vertex 70 0 12
   vertex 39.256587982177734 14.316767692565918 12
   vertex 38.076576232910156 13.919175148010254 12
  endloop
 endfacet
 facet normal 0 0 1
  outer loop
   vertex 70 0 12
   vertex 40.386695861816406 14.839611053466797 12
   vertex 39.256587982177734 14.316767692565918 12
  endloop
 endfacet
 facet normal 0 0 1
  outer loop
   vertex 70 0 12
   vertex 41.453651428222656 15.481576919555664 12
   vertex 40.386695861816406 14.839611053466797 12
  endloop
 endfacet
 facet normal 0 0 1
  outer loop
   vertex 70 0 12
   vertex 42.444942474365234 16.235136032104492 12
   vertex 41.453651428222656 15.481576919555664 12
  endloop
 endfacet
 facet normal 0 0 1
  outer loop
   vertex 70 0 12
   vertex 43.34894943237305 17.091455459594727 12
   vertex 42.444942474365234 16.235136032104492 12
  endloop
 endfacet
 facet normal 0 0 1
  outer loop
   vertex 70 0 12
   vertex 44.15507125854492 18.040496826171875 12
   vertex 43.34894943237305 17.091455459594727 12
  endloop
 endfacet
 facet normal 0 0 1
  outer loop
   vertex 70 0 12
   vertex 44.853858947753906 19.071130752563477 12
   vertex 44.15507125854492 18.040496826171875 12
  endloop
 endfacet
 facet normal 0 0 1
  outer loop
   vertex 70 0 12
   vertex 45.43711853027344 20.171276092529297 12
   vertex 44.853858947753906 19.071130752563477 12
  endloop
 endfacet
 facet normal 0 0 1
  outer loop
   vertex 70 0 12
   vertex 45.89801025390625 21.328031539916992 12
   vertex 45.43711853027344 20.171276092529297 12
  endloop
 endfacet
 facet normal 0 0 1
  outer loop
   vertex 70 0 12
   vertex 46.231136322021484 22.52783966064453 12
   vertex 45.89801025390625 21.328031539916992 12
  endloop
 endfacet
 facet normal 0 0 1
  outer loop
   vertex 70 0 12
   vertex 35.622596740722656 13.516865730285645 12
   vertex 0 0 12
  endloop
 endfacet
 facet normal 0 0 1
  outer loop
   vertex 46.432586669921875 23.75663185119629 12
   vertex 46.231136322021484 22.52783966064453 12
   vertex 70 0 12
  endloop
 endfacet
 facet normal 0 0 1
  outer loop
   vertex 34.377403259277344 36.48313522338867 12
   vertex 0 50 12
   vertex 33.13950729370117 36.34850311279297 12
  endloop
 endfacet
 facet normal 0 0 0.9999999999999999
  outer loop
   vertex 46.5 25 12
   vertex 46.432586669921875 23.75663185119629 12
   vertex 70 0 12
  endloop
 endfacet
 facet normal 0 0 0.9999999999999999
  outer loop
   vertex 70 50 12
   vertex 46.432586669921875 26.24336814880371 12
   vertex 46.5 25 12
  endloop
 endfacet
 facet normal 0 0 1
  outer loop
   vertex 70 50 12
   vertex 46.231136322021484 27.47216033935547 12
   vertex 46.432586669921875 26.24336814880371 12
  endloop
 endfacet
 facet normal 0 0 1
  outer loop
   vertex 70 50 12
   vertex 45.89801025390625 28.671968460083008 12
   vertex 46.231136322021484 27.47216033935547 12
  endloop
 endfacet
 facet normal 0 0 1
  outer loop
   vertex 70 50 12
   vertex 45.43711853027344 29.828723907470703 12
   vertex 45.89801025390625 28.671968460083008 12
  endloop
 endfacet
 facet normal 0 0 1
  outer loop
   vertex 70 50 12
   vertex 44.853858947753906 30.928869247436523 12
   vertex 45.43711853027344 29.828723907470703 12
  endloop
 endfacet
 facet normal 0 0 1
  outer loop
   vertex 70 50 12
   vertex 44.15507125854492 31.959503173828125 12
   vertex 44.853858947753906 30.928869247436523 12
  endloop
 endfacet
 facet normal 0 0 1
  outer loop
   vertex 70 50 12
   vertex 43.34894943237305 32.90854263305664 12
   vertex 44.15507125854492 31.959503173828125 12
  endloop
 endfacet
 facet normal 0 0 1
  outer loop
   vertex 70 50 12
   vertex 42.444942474365234 33.764862060546875 12
   vertex 43.34894943237305 32.90854263305664 12
  endloop
 endfacet
 facet normal 0 0 1
  outer loop
   vertex 70 50 12
   vertex 41.453651428222656 34.51842498779297 12
   vertex 42.444942474365234 33.764862060546875 12
  endloop
 endfacet
 facet normal 0 0 0.9999999999999999
  outer loop
   vertex 70 50 12
   vertex 40.386695861816406 35.1603889465332 12
   vertex 41.453651428222656 34.51842498779297 12
  endloop
 endfacet
 facet normal 0 0 1
  outer loop
   vertex 70 50 12
   vertex 39.256587982177734 35.683231353759766 12
   vertex 40.386695861816406 35.1603889465332 12
  endloop
 endfacet
 facet normal 0 0 1
  outer loop
   vertex 70 50 12
   vertex 38.076576232910156 36.08082580566406 12
   vertex 39.256587982177734 35.683231353759766 12
  endloop
 endfacet
 facet normal 0 0 1
  outer loop
   vertex 70 50 12
   vertex 36.86049270629883 36.34850311279297 12
   vertex 38.076576232910156 36.08082580566406 12
  endloop
 endfacet
 facet normal 0 0 1
  outer loop
   vertex 70 50 12
   vertex 35.622596740722656 36.48313522338867 12
   vertex 36.86049270629883 36.34850311279297 12
  endloop
 endfacet
 facet normal 0 0 1
  outer loop
   vertex 70 50 12
   vertex 46.5 25 12
   vertex 70 0 12
  endloop
 endfacet
 facet normal 0 0 1
  outer loop
   vertex 70 50 12
   vertex 0 50 12
   vertex 34.377403259277344 36.48313522338867 12
  endloop
 endfacet
 facet normal 0 0 1
  outer loop
   vertex 70 50 12
   vertex 34.377403259277344 36.48313522338867 12
   vertex 35.622596740722656 36.48313522338867 12
  endloop
 endfacet
 facet normal -0.7065876934218122 -0.0383100901811327 0.7065876934218122
  outer loop
   vertex 44.94137954711914 26.08119010925293 10.5
   vertex 45 25 10.5
   vertex 46.5 25 12
  endloop
 endfacet
 facet normal -0.7065876622387036 -0.03830999479072892 0.7065877297768324
  outer loop
   vertex 44.94137954711914 26.08119010925293 10.5
   vertex 46.5 25 12
   vertex 46.432586669921875 26.24336814880371 12
  endloop
 endfacet
 facet normal -0.6983034126854142 -0.11448108679982814 0.7065878746462003
  outer loop
   vertex 44.766204833984375 27.149703979492188 10.5
   vertex 46.432586669921875 26.24336814880371 12
   vertex 46.231136322021484 27.47216033935547 12
  endloop
 endfacet
 facet normal -0.6983035088369308 -0.11448154324297076 0.706587705669111
  outer loop
   vertex 44.766204833984375 27.149703979492188 10.5
   vertex 44.94137954711914 26.08119010925293 10.5
   vertex 46.432586669921875 26.24336814880371 12
  endloop
 endfacet
 facet normal -0.6818326936956756 -0.18931047426610897 0.7065873775697101
  outer loop
   vertex 44.476531982421875 28.193016052246094 10.5
   vertex 46.231136322021484 27.47216033935547 12
   vertex 45.89801025390625 28.671968460083008 12
  endloop
 endfacet
 facet normal -0.6818325481074708 -0.18930901276458661 0.7065879096243942
  outer loop
   vertex 44.476531982421875 28.193016052246094 10.5
   vertex 44.766204833984375 27.149703979492188 10.5
   vertex 46.231136322021484 27.47216033935547 12
  endloop
 endfacet
 facet normal -0.657368145895687 -0.2619184016011163 0.7065874833765335
  outer loop
   vertex 44.07575607299805 29.198890686035156 10.5
   vertex 45.89801025390625 28.671968460083008 12
   vertex 45.43711853027344 29.828723907470703 12
  endloop
 endfacet
 facet normal -0.6251959326964133 -0.3314575860574459 0.7065875136066534
  outer loop
   vertex 44.07575607299805 29.198890686035156 10.5
   vertex 45.43711853027344 29.828723907470703 12
   vertex 44.853858947753906 30.928869247436523 12
  endloop
 endfacet
 facet normal -0.6573681437438861 -0.26191863954535133 0.7065873971770441
  outer loop
   vertex 44.07575607299805 29.198890686035156 10.5
   vertex 44.476531982421875 28.193016052246094 10.5
   vertex 45.89801025390625 28.671968460083008 12
  endloop
 endfacet
 facet normal -0.6251954824893305 -0.3314579755297739 0.7065877292542216
  outer loop
   vertex 43.568572998046875 30.15553855895996 10.5
   vertex 44.07575607299805 29.198890686035156 10.5
   vertex 44.853858947753906 30.928869247436523 12
  endloop
 endfacet
 facet normal -0.5856934682958683 -0.3971103364782467 0.7065879576228924
  outer loop
   vertex 42.96092987060547 31.051742553710938 10.5
   vertex 44.853858947753906 30.928869247436523 12
   vertex 44.15507125854492 31.959503173828125 12
  endloop
 endfacet
 facet normal -0.5856933040438302 -0.39711105180866035 0.706587691747911
  outer loop
   vertex 42.96092987060547 31.051742553710938 10.5
   vertex 43.568572998046875 30.15553855895996 10.5
   vertex 44.853858947753906 30.928869247436523 12
  endloop
 endfacet
 facet normal -0.539325381338324 -0.45810736010778236 0.7065874182713349
  outer loop
   vertex 42.25995635986328 31.876995086669922 10.5
   vertex 44.15507125854492 31.959503173828125 12
   vertex 43.34894943237305 32.90854263305664 12
  endloop
 endfacet
 facet normal -0.5393258533517706 -0.45810599999310314 0.7065879398041712
  outer loop
   vertex 42.25995635986328 31.876995086669922 10.5
   vertex 42.96092987060547 31.051742553710938 10.5
   vertex 44.15507125854492 31.959503173828125 12
  endloop
 endfacet
 facet normal -0.4866332103064185 -0.5137333032417957 0.7065877240422046
  outer loop
   vertex 41.47386169433594 32.621620178222656 10.5
   vertex 43.34894943237305 32.90854263305664 12
   vertex 42.444942474365234 33.764862060546875 12
  endloop
 endfacet
 facet normal -0.4282377998795007 -0.5633349004995745 0.706587699180717
  outer loop
   vertex 41.47386169433594 32.621620178222656 10.5
   vertex 42.444942474365234 33.764862060546875 12
   vertex 41.453651428222656 34.51842498779297 12
  endloop
 endfacet
 facet normal -0.4866327596366231 -0.5137342546750697 0.7065873426703135
  outer loop
   vertex 41.47386169433594 32.621620178222656 10.5
   vertex 42.25995635986328 31.876995086669922 10.5
   vertex 43.34894943237305 32.90854263305664 12
  endloop
 endfacet
 facet normal -0.42823660078619424 -0.5633352451360977 0.70658815114219
  outer loop
   vertex 40.61186981201172 33.27688980102539 10.5
   vertex 41.47386169433594 32.621620178222656 10.5
   vertex 41.453651428222656 34.51842498779297 12
  endloop
 endfacet
 facet normal -0.36481843605847686 -0.6063347572409737 0.7065873412914899
  outer loop
   vertex 39.684085845947266 33.835121154785156 10.5
   vertex 41.453651428222656 34.51842498779297 12
   vertex 40.386695861816406 35.1603889465332 12
  endloop
 endfacet
 facet normal -0.3648198778924467 -0.6063328957259998 0.7065881942511242
  outer loop
   vertex 39.684085845947266 33.835121154785156 10.5
   vertex 40.61186981201172 33.27688980102539 10.5
   vertex 41.453651428222656 34.51842498779297 12
  endloop
 endfacet
 facet normal -0.2971238877219958 -0.6422242000695242 0.7065872006978519
  outer loop
   vertex 38.70138168334961 34.28976821899414 10.5
   vertex 40.386695861816406 35.1603889465332 12
   vertex 39.256587982177734 35.683231353759766 12
  endloop
 endfacet
 facet normal -0.29712420810414475 -0.6422238679149604 0.7065873678738053
  outer loop
   vertex 38.70138168334961 34.28976821899414 10.5
   vertex 39.684085845947266 33.835121154785156 10.5
   vertex 40.386695861816406 35.1603889465332 12
  endloop
 endfacet
 facet normal -0.22594678402688517 -0.6705824454641165 0.7065884478416509
  outer loop
   vertex 37.6752815246582 34.635498046875 10.5
   vertex 39.256587982177734 35.683231353759766 12
   vertex 38.076576232910156 36.08082580566406 12
  endloop
 endfacet
 facet normal -0.22594398622746925 -0.6705847787112803 0.7065871281366398
  outer loop
   vertex 37.6752815246582 34.635498046875 10.5
   vertex 38.70138168334961 34.28976821899414 10.5
   vertex 39.256587982177734 35.683231353759766 12
  endloop
 endfacet
 facet normal -0.15211716701182632 -0.6910827925685207 0.7065868250370871
  outer loop
   vertex 36.617820739746094 34.86826705932617 10.5
   vertex 38.076576232910156 36.08082580566406 12
   vertex 36.86049270629883 36.34850311279297 12
  endloop
 endfacet
 facet normal -0.15212106093295788 -0.6910802035110778 0.7065885189668161
  outer loop
   vertex 36.617820739746094 34.86826705932617 10.5
   vertex 37.6752815246582 34.635498046875 10.5
   vertex 38.076576232910156 36.08082580566406 12
  endloop
 endfacet
 facet normal -0.07650929338777068 -0.7034766460597087 0.7065882368635125
  outer loop
   vertex 35.54138946533203 34.98533248901367 10.5
   vertex 36.86049270629883 36.34850311279297 12
   vertex 35.622596740722656 36.48313522338867 12
  endloop
 endfacet
 facet normal 0 -0.707624871182625 0.7065883113127286
  outer loop
   vertex 35.54138946533203 34.98533248901367 10.5
   vertex 35.622596740722656 36.48313522338867 12
   vertex 34.377403259277344 36.48313522338867 12
  endloop
 endfacet
 facet normal -0.07650559963056972 -0.7034785617750966 0.7065867295300758
  outer loop
   vertex 35.54138946533203 34.98533248901367 10.5
   vertex 36.617820739746094 34.86826705932617 10.5
   vertex 36.86049270629883 36.34850311279297 12
  endloop
 endfacet
 facet normal 0 -0.7076248711826251 0.7065883113127286
  outer loop
   vertex 34.45861053466797 34.98533248901367 10.5
   vertex 35.54138946533203 34.98533248901367 10.5
   vertex 34.377403259277344 36.48313522338867 12
  endloop
 endfacet
 facet normal 0.07650944476975392 -0.7034780379649941 0.7065868346933349
  outer loop
   vertex 33.382179260253906 34.86826705932617 10.5
   vertex 34.377403259277344 36.48313522338867 12
   vertex 33.13950729370117 36.34850311279297 12
  endloop
 endfacet
 facet normal 0.15211716701182632 -0.6910827925685207 0.7065868250370871
  outer loop
   vertex 33.382179260253906 34.86826705932617 10.5
   vertex 33.13950729370117 36.34850311279297 12
   vertex 31.923423767089844 36.08082580566406 12
  endloop
 endfacet
 facet normal 0.07650542554996026 -0.7034769610821098 0.7065883420267414
  outer loop
   vertex 33.382179260253906 34.86826705932617 10.5
   vertex 34.45861053466797 34.98533248901367 10.5
   vertex 34.377403259277344 36.48313522338867 12
  endloop
 endfacet
 facet normal 0.15212106093295788 -0.6910802035110778 0.7065885189668161
  outer loop
   vertex 32.3247184753418 34.635498046875 10.5
   vertex 33.382179260253906 34.86826705932617 10.5
   vertex 31.923423767089844 36.08082580566406 12
  endloop
 endfacet
 facet normal 0.225947175438736 -0.6705836071266612 0.7065872202101116
  outer loop
   vertex 31.29861831665039 34.28976821899414 10.5
   vertex 31.923423767089844 36.08082580566406 12
   vertex 30.743412017822266 35.683231353759766 12
  endloop
 endfacet
 facet normal 0.22594353611083443 -0.6705834427989199 0.7065885399110856
  outer loop
   vertex 31.29861831665039 34.28976821899414 10.5
   vertex 32.3247184753418 34.635498046875 10.5
   vertex 31.923423767089844 36.08082580566406 12
  endloop
 endfacet
 facet normal 0.2971232559946468 -0.6422239185269086 0.7065877222391304
  outer loop
   vertex 30.315916061401367 33.835121154785156 10.5
   vertex 30.743412017822266 35.683231353759766 12
   vertex 29.61330223083496 35.1603889465332 12
  endloop
 endfacet
 facet normal 0.297124764055236 -0.6422238230778494 0.7065871748456745
  outer loop
   vertex 30.315916061401367 33.835121154785156 10.5
   vertex 31.29861831665039 34.28976821899414 10.5
   vertex 30.743412017822266 35.683231353759766 12
  endloop
 endfacet
 facet normal 0.3648184986200279 -0.6063337773017405 0.7065881498918816
  outer loop
   vertex 29.38813018798828 33.27688980102539 10.5
   vertex 29.61330223083496 35.1603889465332 12
   vertex 28.546348571777344 34.51842498779297 12
  endloop
 endfacet
 facet normal 0.36481954884854434 -0.6063335953578072 0.7065877637763193
  outer loop
   vertex 29.38813018798828 33.27688980102539 10.5
   vertex 30.315916061401367 33.835121154785156 10.5
   vertex 29.61330223083496 35.1603889465332 12
  endloop
 endfacet
 facet normal 0.42823598789446954 -0.5633356853940076 0.7065881715919899
  outer loop
   vertex 28.52613639831543 32.621620178222656 10.5
   vertex 29.38813018798828 33.27688980102539 10.5
   vertex 28.546348571777344 34.51842498779297 12
  endloop
 endfacet
 facet normal 0.42823796464830016 -0.5633351172483417 0.7065874265147081
  outer loop
   vertex 28.52613639831543 32.621620178222656 10.5
   vertex 28.546348571777344 34.51842498779297 12
   vertex 27.555057525634766 33.764862060546875 12
  endloop
 endfacet
 facet normal 0.48663396884327126 -0.5137330382100527 0.7065873943252278
  outer loop
   vertex 27.74004554748535 31.876995086669922 10.5
   vertex 28.52613639831543 32.621620178222656 10.5
   vertex 27.555057525634766 33.764862060546875 12
  endloop
 endfacet
 facet normal 0.4866339812066964 -0.5137330331539801 0.7065873894864899
  outer loop
   vertex 27.74004554748535 31.876995086669922 10.5
   vertex 27.555057525634766 33.764862060546875 12
   vertex 26.651052474975586 32.90854263305664 12
  endloop
 endfacet
 facet normal 0.5393256433099832 -0.45810706808833956 0.7065874076402565
  outer loop
   vertex 27.03907012939453 31.051742553710938 10.5
   vertex 27.74004554748535 31.876995086669922 10.5
   vertex 26.651052474975586 32.90854263305664 12
  endloop
 endfacet
 facet normal 0.5393252734606668 -0.458107268475624 0.7065875600209641
  outer loop
   vertex 27.03907012939453 31.051742553710938 10.5
   vertex 26.651052474975586 32.90854263305664 12
   vertex 25.84493064880371 31.959503173828125 12
  endloop
 endfacet
 facet normal 0.5856939792861188 -0.3971102631307714 0.7065875752829235
  outer loop
   vertex 26.431428909301758 30.15553855895996 10.5
   vertex 27.03907012939453 31.051742553710938 10.5
   vertex 25.84493064880371 31.959503173828125 12
  endloop
 endfacet
 facet normal 0.5856936727040802 -0.3971104750705619 0.7065877102976236
  outer loop
   vertex 26.431428909301758 30.15553855895996 10.5
   vertex 25.84493064880371 31.959503173828125 12
   vertex 25.146142959594727 30.928869247436523 12
  endloop
 endfacet
 facet normal 0.6251954824893305 -0.3314579755297739 0.7065877292542216
  outer loop
   vertex 25.924245834350586 29.198890686035156 10.5
   vertex 26.431428909301758 30.15553855895996 10.5
   vertex 25.146142959594727 30.928869247436523 12
  endloop
 endfacet
 facet normal 0.6251959326964133 -0.3314575860574459 0.7065875136066534
  outer loop
   vertex 25.924245834350586 29.198890686035156 10.5
   vertex 25.146142959594727 30.928869247436523 12
   vertex 24.562883377075195 29.828723907470703 12
  endloop
 endfacet
 facet normal 0.6573676004749202 -0.26191966959427126 0.7065875207824389
  outer loop
   vertex 25.523468017578125 28.193016052246094 10.5
   vertex 25.924245834350586 29.198890686035156 10.5
   vertex 24.562883377075195 29.828723907470703 12
  endloop
 endfacet
 facet normal 0.6573671372498141 -0.26192016755786257 0.7065877671531295
  outer loop
   vertex 25.523468017578125 28.193016052246094 10.5
   vertex 24.562883377075195 29.828723907470703 12
   vertex 24.101987838745117 28.671968460083008 12
  endloop
 endfacet
 facet normal 0.6818324696685167 -0.18930932814824925 0.7065879008175768
  outer loop
   vertex 25.233795166015625 27.149703979492188 10.5
   vertex 24.101987838745117 28.671968460083008 12
   vertex 23.768863677978516 27.47216033935547 12
  endloop
 endfacet
 facet normal 0.6818326780356112 -0.18930904883879288 0.70658777458327
  outer loop
   vertex 25.233795166015625 27.149703979492188 10.5
   vertex 25.523468017578125 28.193016052246094 10.5
   vertex 24.101987838745117 28.671968460083008 12
  endloop
 endfacet
 facet normal 0.6983035675750914 -0.1144811121927136 0.7065877174583628
  outer loop
   vertex 25.05862045288086 26.08119010925293 10.5
   vertex 23.768863677978516 27.47216033935547 12
   vertex 23.567413330078125 26.24336814880371 12
  endloop
 endfacet
 facet normal 0.7065876622387036 -0.03830999479072892 0.7065877297768324
  outer loop
   vertex 25.05862045288086 26.08119010925293 10.5
   vertex 23.567413330078125 26.24336814880371 12
   vertex 23.5 25 12
  endloop
 endfacet
 facet normal 0.6983033307136584 -0.11448151404101649 0.7065878864352884
  outer loop
   vertex 25.05862045288086 26.08119010925293 10.5
   vertex 25.233795166015625 27.149703979492188 10.5
   vertex 23.768863677978516 27.47216033935547 12
  endloop
 endfacet
 facet normal 0.7065876934218122 -0.0383100901811327 0.7065876934218122
  outer loop
   vertex 25 25 10.5
   vertex 25.05862045288086 26.08119010925293 10.5
   vertex 23.5 25 12
  endloop
 endfacet
 facet normal 0.7065876959582074 0.03830999661894371 0.7065876959582074
  outer loop
   vertex 25 25 10.5
   vertex 23.5 25 12
   vertex 23.567413330078125 23.75663185119629 12
  endloop
 endfacet
 facet normal 0.7065876546443981 0.03831008807868138 0.7065877323132156
  outer loop
   vertex 25.05862045288086 23.91880989074707 10.5
   vertex 25 25 10.5
   vertex 23.567413330078125 23.75663185119629 12
  endloop
 endfacet
 facet normal 0.6983034126854142 0.11448108679982814 0.7065878746462003
  outer loop
   vertex 25.233795166015625 22.850296020507812 10.5
   vertex 23.567413330078125 23.75663185119629 12
   vertex 23.768863677978516 22.52783966064453 12
  endloop
 endfacet
 facet normal 0.6818324696685167 0.18930932814824925 0.7065879008175768
  outer loop
   vertex 25.233795166015625 22.850296020507812 10.5
   vertex 23.768863677978516 22.52783966064453 12
   vertex 24.101987838745117 21.328031539916992 12
  endloop
 endfacet
 facet normal 0.6983035088369308 0.11448154324297076 0.706587705669111
  outer loop
   vertex 25.233795166015625 22.850296020507812 10.5
   vertex 25.05862045288086 23.91880989074707 10.5
   vertex 23.567413330078125 23.75663185119629 12
  endloop
 endfacet
 facet normal 0.6818326780356112 0.18930904883879288 0.70658777458327
  outer loop
   vertex 25.523468017578125 21.806983947753906 10.5
   vertex 25.233795166015625 22.850296020507812 10.5
   vertex 24.101987838745117 21.328031539916992 12
  endloop
 endfacet
 facet normal 0.6573673498424969 0.2619202522629047 0.7065875379707662
  outer loop
   vertex 25.924245834350586 20.801109313964844 10.5
   vertex 24.101987838745117 21.328031539916992 12
   vertex 24.562883377075195 20.171276092529297 12
  endloop
 endfacet
 facet normal 0.6573673559932411 0.26191957218368916 0.7065877843421642
  outer loop
   vertex 25.924245834350586 20.801109313964844 10.5
   vertex 25.523468017578125 21.806983947753906 10.5
   vertex 24.101987838745117 21.328031539916992 12
  endloop
 endfacet
 facet normal 0.6251957557216821 0.3314574922314721 0.7065877142090843
  outer loop
   vertex 26.431428909301758 19.84446144104004 10.5
   vertex 24.562883377075195 20.171276092529297 12
   vertex 25.146142959594727 19.071130752563477 12
  endloop
 endfacet
 facet normal 0.6251956860101552 0.33145808342978667 0.7065874985614621
  outer loop
   vertex 26.431428909301758 19.84446144104004 10.5
   vertex 25.924245834350586 20.801109313964844 10.5
   vertex 24.562883377075195 20.171276092529297 12
  endloop
 endfacet
 facet normal 0.5856937765053041 0.3971105454495932 0.7065875847024781
  outer loop
   vertex 27.03907012939453 18.948257446289062 10.5
   vertex 25.146142959594727 19.071130752563477 12
   vertex 25.84493064880371 18.040496826171875 12
  endloop
 endfacet
 facet normal 0.5856938599147091 0.3971101821949695 0.7065877197172953
  outer loop
   vertex 27.03907012939453 18.948257446289062 10.5
   vertex 26.431428909301758 19.84446144104004 10.5
   vertex 25.146142959594727 19.071130752563477 12
  endloop
 endfacet
 facet normal 0.5393256281104909 0.45810664903022463 0.7065876909326423
  outer loop
   vertex 27.74004554748535 18.123004913330078 10.5
   vertex 25.84493064880371 18.040496826171875 12
   vertex 26.651052474975586 17.091455459594727 12
  endloop
 endfacet
 facet normal 0.5393255192506854 0.45810696271148255 0.7065875706522431
  outer loop
   vertex 27.74004554748535 18.123004913330078 10.5
   vertex 27.03907012939453 18.948257446289062 10.5
   vertex 25.84493064880371 18.040496826171875 12
  endloop
 endfacet
 facet normal 0.4866337534978135 0.5137327927647357 0.7065877210897273
  outer loop
   vertex 28.52613639831543 17.378379821777344 10.5
   vertex 26.651052474975586 17.091455459594727 12
   vertex 27.555057525634766 16.235136032104492 12
  endloop
 endfacet
 facet normal 0.48663374777981994 0.5137328048362938 0.7065877162509983
  outer loop
   vertex 28.52613639831543 17.378379821777344 10.5
   vertex 27.74004554748535 18.123004913330078 10.5
   vertex 26.651052474975586 17.091455459594727 12
  endloop
 endfacet
 facet normal 0.4282363604027575 0.5633358586350224 0.7065878077103663
  outer loop
   vertex 29.38813018798828 16.72311019897461 10.5
   vertex 27.555057525634766 16.235136032104492 12
   vertex 28.546348571777344 15.481576919555664 12
  endloop
 endfacet
 facet normal 0.3648194802191563 0.6063336072473418 0.7065877890078844
  outer loop
   vertex 29.38813018798828 16.72311019897461 10.5
   vertex 28.546348571777344 15.481576919555664 12
   vertex 29.61330223083496 14.839611053466797 12
  endloop
 endfacet
 facet normal 0.4282362527977887 0.5633360338689071 0.7065877332182878
  outer loop
   vertex 29.38813018798828 16.72311019897461 10.5
   vertex 28.52613639831543 17.378379821777344 10.5
   vertex 27.555057525634766 16.235136032104492 12
  endloop
 endfacet
 facet normal 0.36481954884854434 0.6063335953578072 0.7065877637763193
  outer loop
   vertex 30.315916061401367 16.164878845214844 10.5
   vertex 29.38813018798828 16.72311019897461 10.5
   vertex 29.61330223083496 14.839611053466797 12
  endloop
 endfacet
 facet normal 0.2971237500413397 0.6422238149673004 0.7065876086163825
  outer loop
   vertex 31.29861831665039 15.710232734680176 10.5
   vertex 29.61330223083496 14.839611053466797 12
   vertex 30.743412017822266 14.316767692565918 12
  endloop
 endfacet
 facet normal 0.22594607477502412 0.6705835574290852 0.7065876193364219
  outer loop
   vertex 31.29861831665039 15.710232734680176 10.5
   vertex 30.743412017822266 14.316767692565918 12
   vertex 31.923423767089844 13.919175148010254 12
  endloop
 endfacet
 facet normal 0.2971240115954326 0.6422235438022164 0.706587745095795
  outer loop
   vertex 31.29861831665039 15.710232734680176 10.5
   vertex 30.315916061401367 16.164878845214844 10.5
   vertex 29.61330223083496 14.839611053466797 12
  endloop
 endfacet
 facet normal 0.22594543475070675 0.6705835285300528 0.7065878514236557
  outer loop
   vertex 32.3247184753418 15.364500045776367 10.5
   vertex 31.29861831665039 15.710232734680176 10.5
   vertex 31.923423767089844 13.919175148010254 12
  endloop
 endfacet
 facet normal 0.15211853808834458 0.6910816349924332 0.7065876620392197
  outer loop
   vertex 33.382179260253906 15.131734848022461 10.5
   vertex 31.923423767089844 13.919175148010254 12
   vertex 33.13950729370117 13.651494979858398 12
  endloop
 endfacet
 facet normal 0.07650774591496295 0.7034773669467626 0.7065876867089191
  outer loop
   vertex 33.382179260253906 15.131734848022461 10.5
   vertex 33.13950729370117 13.651494979858398 12
   vertex 34.377403259277344 13.516865730285645 12
  endloop
 endfacet
 facet normal 0.1521188389783158 0.691081434931692 0.7065877929320905
  outer loop
   vertex 33.382179260253906 15.131734848022461 10.5
   vertex 32.3247184753418 15.364500045776367 10.5
   vertex 31.923423767089844 13.919175148010254 12
  endloop
 endfacet
 facet normal 0.07650796920494841 0.7034774267735131 0.7065876029681322
  outer loop
   vertex 34.45861053466797 15.014665603637695 10.5
   vertex 33.382179260253906 15.131734848022461 10.5
   vertex 34.377403259277344 13.516865730285645 12
  endloop
 endfacet
 facet normal 0 0.707625546025886 0.7065876354788319
  outer loop
   vertex 35.54138946533203 15.014665603637695 10.5
   vertex 34.377403259277344 13.516865730285645 12
   vertex 35.622596740722656 13.516865730285645 12
  endloop
 endfacet
 facet normal -0.07650775432489726 0.7034774442748603 0.7065876088105935
  outer loop
   vertex 35.54138946533203 15.014665603637695 10.5
   vertex 35.622596740722656 13.516865730285645 12
   vertex 36.86049270629883 13.651494979858398 12
  endloop
 endfacet
 facet normal 0 0.707625546025886 0.7065876354788319
  outer loop
   vertex 35.54138946533203 15.014665603637695 10.5
   vertex 34.45861053466797 15.014665603637695 10.5
   vertex 34.377403259277344 13.516865730285645 12
  endloop
 endfacet
 facet normal -0.07650795953349722 0.7034773378462069 0.7065876925512039
  outer loop
   vertex 36.617820739746094 15.131734848022461 10.5
   vertex 35.54138946533203 15.014665603637695 10.5
   vertex 36.86049270629883 13.651494979858398 12
  endloop
 endfacet
 facet normal -0.15211853808834458 0.6910816349924332 0.7065876620392197
  outer loop
   vertex 36.617820739746094 15.131734848022461 10.5
   vertex 36.86049270629883 13.651494979858398 12
   vertex 38.076576232910156 13.919175148010254 12
  endloop
 endfacet
 facet normal -0.1521188389783158 0.691081434931692 0.7065877929320905
  outer loop
   vertex 37.6752815246582 15.364500045776367 10.5
   vertex 36.617820739746094 15.131734848022461 10.5
   vertex 38.076576232910156 13.919175148010254 12
  endloop
 endfacet
 facet normal -0.22594543475070675 0.6705835285300528 0.7065878514236557
  outer loop
   vertex 38.70138168334961 15.710232734680176 10.5
   vertex 37.6752815246582 15.364500045776367 10.5
   vertex 38.076576232910156 13.919175148010254 12
  endloop
 endfacet
 facet normal -0.22594607477502412 0.6705835574290852 0.7065876193364219
  outer loop
   vertex 38.70138168334961 15.710232734680176 10.5
   vertex 38.076576232910156 13.919175148010254 12
   vertex 39.256587982177734 14.316767692565918 12
  endloop
 endfacet
 facet normal -0.297123591841925 0.642223883023326 0.7065876132833032
  outer loop
   vertex 39.684085845947266 16.164878845214844 10.5
   vertex 38.70138168334961 15.710232734680176 10.5
   vertex 39.256587982177734 14.316767692565918 12
  endloop
 endfacet
 facet normal -0.297124263337686 0.6422238405230751 0.7065873695445092
  outer loop
   vertex 39.684085845947266 16.164878845214844 10.5
   vertex 39.256587982177734 14.316767692565918 12
   vertex 40.386695861816406 14.839611053466797 12
  endloop
 endfacet
 facet normal -0.3648203476316539 0.6063336764354704 0.7065872817806483
  outer loop
   vertex 40.61186981201172 16.72311019897461 10.5
   vertex 39.684085845947266 16.164878845214844 10.5
   vertex 40.386695861816406 14.839611053466797 12
  endloop
 endfacet
 facet normal -0.36481900919101184 0.6063339083098225 0.7065877738587218
  outer loop
   vertex 40.61186981201172 16.72311019897461 10.5
   vertex 40.386695861816406 14.839611053466797 12
   vertex 41.453651428222656 15.481576919555664 12
  endloop
 endfacet
 facet normal -0.4282368175346391 0.5633355302636138 0.7065877924578212
  outer loop
   vertex 41.47386169433594 17.378379821777344 10.5
   vertex 40.61186981201172 16.72311019897461 10.5
   vertex 41.453651428222656 15.481576919555664 12
  endloop
 endfacet
 facet normal -0.42823623750909096 0.5633356969710079 0.7065880110801811
  outer loop
   vertex 41.47386169433594 17.378379821777344 10.5
   vertex 41.453651428222656 15.481576919555664 12
   vertex 42.444942474365234 16.235136032104492 12
  endloop
 endfacet
 facet normal -0.48663225486497874 0.5137337217917416 0.7065880777504188
  outer loop
   vertex 42.25995635986328 18.123004913330078 10.5
   vertex 41.47386169433594 17.378379821777344 10.5
   vertex 42.444942474365234 16.235136032104492 12
  endloop
 endfacet
 facet normal -0.48663322930102954 0.5137333232941967 0.7065876963811019
  outer loop
   vertex 42.25995635986328 18.123004913330078 10.5
   vertex 42.444942474365234 16.235136032104492 12
   vertex 43.34894943237305 17.091455459594727 12
  endloop
 endfacet
 facet normal -0.5393256281104909 0.45810664903022463 0.7065876909326423
  outer loop
   vertex 42.25995635986328 18.123004913330078 10.5
   vertex 43.34894943237305 17.091455459594727 12
   vertex 44.15507125854492 18.040496826171875 12
  endloop
 endfacet
 facet normal -0.5393258533517706 0.45810599999310314 0.7065879398041712
  outer loop
   vertex 42.96092987060547 18.948257446289062 10.5
   vertex 42.25995635986328 18.123004913330078 10.5
   vertex 44.15507125854492 18.040496826171875 12
  endloop
 endfacet
 facet normal -0.5856934682958683 0.3971103364782467 0.7065879576228924
  outer loop
   vertex 42.96092987060547 18.948257446289062 10.5
   vertex 44.15507125854492 18.040496826171875 12
   vertex 44.853858947753906 19.071130752563477 12
  endloop
 endfacet
 facet normal -0.5856933040438302 0.39711105180866035 0.706587691747911
  outer loop
   vertex 43.568572998046875 19.84446144104004 10.5
   vertex 42.96092987060547 18.948257446289062 10.5
   vertex 44.853858947753906 19.071130752563477 12
  endloop
 endfacet
 facet normal -0.6251957557216821 0.3314574922314721 0.7065877142090843
  outer loop
   vertex 43.568572998046875 19.84446144104004 10.5
   vertex 44.853858947753906 19.071130752563477 12
   vertex 45.43711853027344 20.171276092529297 12
  endloop
 endfacet
 facet normal -0.6251956860101552 0.33145808342978667 0.7065874985614621
  outer loop
   vertex 44.07575607299805 20.801109313964844 10.5
   vertex 43.568572998046875 19.84446144104004 10.5
   vertex 45.43711853027344 20.171276092529297 12
  endloop
 endfacet
 facet normal -0.657368145895687 0.2619184016011163 0.7065874833765335
  outer loop
   vertex 44.07575607299805 20.801109313964844 10.5
   vertex 45.43711853027344 20.171276092529297 12
   vertex 45.89801025390625 21.328031539916992 12
  endloop
 endfacet
 facet normal -0.6573681437438861 0.26191863954535133 0.7065873971770441
  outer loop
   vertex 44.476531982421875 21.806983947753906 10.5
   vertex 44.07575607299805 20.801109313964844 10.5
   vertex 45.89801025390625 21.328031539916992 12
  endloop
 endfacet
 facet normal -0.6818330957319787 0.18930916481109017 0.7065873404492002
  outer loop
   vertex 44.766204833984375 22.850296020507812 10.5
   vertex 44.476531982421875 21.806983947753906 10.5
   vertex 45.89801025390625 21.328031539916992 12
  endloop
 endfacet
 facet normal -0.6818322175006601 0.18931034205082353 0.7065878725047101
  outer loop
   vertex 44.766204833984375 22.850296020507812 10.5
   vertex 45.89801025390625 21.328031539916992 12
   vertex 46.231136322021484 22.52783966064453 12
  endloop
 endfacet
 facet normal -0.6983034126854142 0.11448108679982814 0.7065878746462003
  outer loop
   vertex 44.766204833984375 22.850296020507812 10.5
   vertex 46.231136322021484 22.52783966064453 12
   vertex 46.432586669921875 23.75663185119629 12
  endloop
 endfacet
 facet normal -0.6983035088369308 0.11448154324297076 0.706587705669111
  outer loop
   vertex 44.94137954711914 23.91880989074707 10.5
   vertex 44.766204833984375 22.850296020507812 10.5
   vertex 46.432586669921875 23.75663185119629 12
  endloop
 endfacet
 facet normal -0.7065876546443981 0.03831008807868138 0.7065877323132156
  outer loop
   vertex 45 25 10.5
   vertex 44.94137954711914 23.91880989074707 10.5
   vertex 46.432586669921875 23.75663185119629 12
  endloop
 endfacet
 facet normal -0.7065876959582074 0.03830999661894371 0.7065876959582074
  outer loop
   vertex 45 25 10.5
   vertex 46.432586669921875 23.75663185119629 12
   vertex 46.5 25 12
  endloop
 endfacet
 facet normal -1 0 0
  outer loop
   vertex 0 0 12
   vertex 0 50 0
   vertex 0 0 0
  endloop
 endfacet
 facet normal -1 0 0
  outer loop
   vertex 0 0 12
   vertex 0 50 12
   vertex 0 50 0
  endloop
 endfacet
 facet normal 0 1 0
  outer loop
   vertex 70 50 12
   vertex 70 50 0
   vertex 0 50 0
  endloop
 endfacet
 facet normal 0 1 0
  outer loop
   vertex 70 50 12
   vertex 0 50 0
   vertex 0 50 12
  endloop
 endfacet
 facet normal 0 -1 0
  outer loop
   vertex 70 0 12
   vertex 0 0 0
   vertex 70 0 0
  endloop
 endfacet
 facet normal 0 -1 0
  outer loop
   vertex 70 0 12
   vertex 0 0 12
   vertex 0 0 0
  endloop
 endfacet
 facet normal 1 0 0
  outer loop
   vertex 70 0 12
   vertex 70 0 0
   vertex 70 50 0
  endloop
 endfacet
 facet normal 1 0 0
  outer loop
   vertex 70 0 12
   vertex 70 50 0
   vertex 70 50 12
  endloop
 endfacet
 facet normal -0.9985334124287074 -0.05413893482034011 0
  outer loop
   vertex 44.94137954711914 26.08119010925293 10.5
   vertex 45 25 1.5
   vertex 45 25 10.5
  endloop
 endfacet
 facet normal -0.9985334124287074 -0.05413893482034011 0
  outer loop
   vertex 44.94137954711914 26.08119010925293 10.5
   vertex 44.94137954711914 26.08119010925293 1.5
   vertex 45 25 1.5
  endloop
 endfacet
 facet normal -0.9868264111191635 -0.16178267619764447 0
  outer loop
   vertex 44.766204833984375 27.149703979492188 10.5
   vertex 44.94137954711914 26.08119010925293 1.5
   vertex 44.94137954711914 26.08119010925293 10.5
  endloop
 endfacet
 facet normal -0.9868264111191635 -0.16178267619764447 0
  outer loop
   vertex 44.766204833984375 27.149703979492188 10.5
   vertex 44.766204833984375 27.149703979492188 1.5
   vertex 44.94137954711914 26.08119010925293 1.5
  endloop
 endfacet
 facet normal -0.9635503066592573 -0.26752720709649563 0
  outer loop
   vertex 44.766204833984375 27.149703979492188 10.5
   vertex 44.476531982421875 28.193016052246094 1.5
   vertex 44.766204833984375 27.149703979492188 1.5
  endloop
 endfacet
 facet normal -0.9635503066592573 -0.26752720709649563 0
  outer loop
   vertex 44.476531982421875 28.193016052246094 10.5
   vertex 44.476531982421875 28.193016052246094 1.5
   vertex 44.766204833984375 27.149703979492188 10.5
  endloop
 endfacet
 facet normal -0.9289770930170965 -0.370137218676405 0
  outer loop
   vertex 44.07575607299805 29.198890686035156 10.5
   vertex 44.476531982421875 28.193016052246094 1.5
   vertex 44.476531982421875 28.193016052246094 10.5
  endloop
 endfacet
 facet normal -0.9289770930170965 -0.370137218676405 0
  outer loop
   vertex 44.07575607299805 29.198890686035156 10.5
   vertex 44.07575607299805 29.198890686035156 1.5
   vertex 44.476531982421875 28.193016052246094 1.5
  endloop
 endfacet
 facet normal -0.8835118640510717 -0.4684087809606058 0
  outer loop
   vertex 43.568572998046875 30.15553855895996 10.5
   vertex 44.07575607299805 29.198890686035156 1.5
   vertex 44.07575607299805 29.198890686035156 10.5
  endloop
 endfacet
 facet normal -0.8835118640510717 -0.4684087809606058 0
  outer loop
   vertex 43.568572998046875 30.15553855895996 10.5
   vertex 43.568572998046875 30.15553855895996 1.5
   vertex 44.07575607299805 29.198890686035156 1.5
  endloop
 endfacet
 facet normal -0.8276882509939129 -0.5611881673437507 0
  outer loop
   vertex 42.96092987060547 31.051742553710938 10.5
   vertex 43.568572998046875 30.15553855895996 1.5
   vertex 43.568572998046875 30.15553855895996 10.5
  endloop
 endfacet
 facet normal -0.8276882509939129 -0.5611881673437507 0
  outer loop
   vertex 42.96092987060547 31.051742553710938 10.5
   vertex 42.96092987060547 31.051742553710938 1.5
   vertex 43.568572998046875 30.15553855895996 1.5
  endloop
 endfacet
 facet normal -0.7621631072904778 -0.6473850460779302 0
  outer loop
   vertex 42.25995635986328 31.876995086669922 10.5
   vertex 42.96092987060547 31.051742553710938 1.5
   vertex 42.96092987060547 31.051742553710938 10.5
  endloop
 endfacet
 facet normal -0.7621631072904778 -0.6473850460779302 0
  outer loop
   vertex 42.25995635986328 31.876995086669922 10.5
   vertex 42.25995635986328 31.876995086669922 1.5
   vertex 42.96092987060547 31.051742553710938 1.5
  endloop
 endfacet
 facet normal -0.6876978386397457 -0.7259970266676181 0
  outer loop
   vertex 42.25995635986328 31.876995086669922 10.5
   vertex 41.47386169433594 32.621620178222656 1.5
   vertex 42.25995635986328 31.876995086669922 1.5
  endloop
 endfacet
 facet normal -0.6876978386397457 -0.7259970266676181 0
  outer loop
   vertex 41.47386169433594 32.621620178222656 10.5
   vertex 41.47386169433594 32.621620178222656 1.5
   vertex 42.25995635986328 31.876995086669922 10.5
  endloop
 endfacet
 facet normal -0.6051744666370905 -0.7960928745633346 0
  outer loop
   vertex 40.61186981201172 33.27688980102539 10.5
   vertex 41.47386169433594 32.621620178222656 1.5
   vertex 41.47386169433594 32.621620178222656 10.5
  endloop
 endfacet
 facet normal -0.6051744666370905 -0.7960928745633346 0
  outer loop
   vertex 40.61186981201172 33.27688980102539 10.5
   vertex 40.61186981201172 33.27688980102539 1.5
   vertex 41.47386169433594 32.621620178222656 1.5
  endloop
 endfacet
 facet normal -0.5155553916857281 -0.856856252882463 0
  outer loop
   vertex 39.684085845947266 33.835121154785156 10.5
   vertex 40.61186981201172 33.27688980102539 1.5
   vertex 40.61186981201172 33.27688980102539 10.5
  endloop
 endfacet
 facet normal -0.5155553916857281 -0.856856252882463 0
  outer loop
   vertex 39.684085845947266 33.835121154785156 10.5
   vertex 39.684085845947266 33.835121154785156 1.5
   vertex 40.61186981201172 33.27688980102539 1.5
  endloop
 endfacet
 facet normal -0.41988887706684674 -0.907575523532638 0
  outer loop
   vertex 38.70138168334961 34.28976821899414 10.5
   vertex 39.684085845947266 33.835121154785156 1.5
   vertex 39.684085845947266 33.835121154785156 10.5
  endloop
 endfacet
 facet normal -0.41988887706684674 -0.907575523532638 0
  outer loop
   vertex 38.70138168334961 34.28976821899414 10.5
   vertex 38.70138168334961 34.28976821899414 1.5
   vertex 39.684085845947266 33.835121154785156 1.5
  endloop
 endfacet
 facet normal -0.31929856933583367 -0.9476541687873746 0
  outer loop
   vertex 37.6752815246582 34.635498046875 10.5
   vertex 37.6752815246582 34.635498046875 1.5
   vertex 38.70138168334961 34.28976821899414 1.5
  endloop
 endfacet
 facet normal -0.31929856933583367 -0.9476541687873746 0
  outer loop
   vertex 37.6752815246582 34.635498046875 10.5
   vertex 38.70138168334961 34.28976821899414 1.5
   vertex 38.70138168334961 34.28976821899414 10.5
  endloop
 endfacet
 facet normal -0.21497422109206218 -0.9766197234675639 0
  outer loop
   vertex 36.617820739746094 34.86826705932617 10.5
   vertex 36.617820739746094 34.86826705932617 1.5
   vertex 37.6752815246582 34.635498046875 1.5
  endloop
 endfacet
 facet normal -0.21497422109206218 -0.9766197234675639 0
  outer loop
   vertex 36.617820739746094 34.86826705932617 10.5
   vertex 37.6752815246582 34.635498046875 1.5
   vertex 37.6752815246582 34.635498046875 10.5
  endloop
 endfacet
 facet normal -0.10811579974274471 -0.994138307201763 0
  outer loop
   vertex 35.54138946533203 34.98533248901367 10.5
   vertex 35.54138946533203 34.98533248901367 1.5
   vertex 36.617820739746094 34.86826705932617 1.5
  endloop
 endfacet
 facet normal 0 -1 0
  outer loop
   vertex 35.54138946533203 34.98533248901367 10.5
   vertex 34.45861053466797 34.98533248901367 1.5
   vertex 35.54138946533203 34.98533248901367 1.5
  endloop
 endfacet
 facet normal -0.10811579974274471 -0.994138307201763 0
  outer loop
   vertex 35.54138946533203 34.98533248901367 10.5
   vertex 36.617820739746094 34.86826705932617 1.5
   vertex 36.617820739746094 34.86826705932617 10.5
  endloop
 endfacet
 facet normal 0 -1 0
  outer loop
   vertex 34.45861053466797 34.98533248901367 10.5
   vertex 34.45861053466797 34.98533248901367 1.5
   vertex 35.54138946533203 34.98533248901367 10.5
  endloop
 endfacet
 facet normal 0.10811579974274471 -0.994138307201763 0
  outer loop
   vertex 33.382179260253906 34.86826705932617 10.5
   vertex 33.382179260253906 34.86826705932617 1.5
   vertex 34.45861053466797 34.98533248901367 1.5
  endloop
 endfacet
 facet normal 0.10811579974274471 -0.994138307201763 0
  outer loop
   vertex 33.382179260253906 34.86826705932617 10.5
   vertex 34.45861053466797 34.98533248901367 1.5
   vertex 34.45861053466797 34.98533248901367 10.5
  endloop
 endfacet
 facet normal 0.21497422109206218 -0.9766197234675639 0
  outer loop
   vertex 32.3247184753418 34.635498046875 10.5
   vertex 32.3247184753418 34.635498046875 1.5
   vertex 33.382179260253906 34.86826705932617 1.5
  endloop
 endfacet
 facet normal 0.31929856933583367 -0.9476541687873746 0
  outer loop
   vertex 32.3247184753418 34.635498046875 10.5
   vertex 31.29861831665039 34.28976821899414 1.5
   vertex 32.3247184753418 34.635498046875 1.5
  endloop
 endfacet
 facet normal 0.21497422109206218 -0.9766197234675639 0
  outer loop
   vertex 32.3247184753418 34.635498046875 10.5
   vertex 33.382179260253906 34.86826705932617 1.5
   vertex 33.382179260253906 34.86826705932617 10.5
  endloop
 endfacet
 facet normal 0.41988954835321296 -0.9075752129623941 0
  outer loop
   vertex 31.29861831665039 34.28976821899414 10.5
   vertex 30.315916061401367 33.835121154785156 1.5
   vertex 31.29861831665039 34.28976821899414 1.5
  endloop
 endfacet
 facet normal 0.31929856933583367 -0.9476541687873746 0
  outer loop
   vertex 31.29861831665039 34.28976821899414 10.5
   vertex 31.29861831665039 34.28976821899414 1.5
   vertex 32.3247184753418 34.635498046875 10.5
  endloop
 endfacet
 facet normal 0.41988954835321296 -0.9075752129623941 0
  outer loop
   vertex 30.315916061401367 33.835121154785156 10.5
   vertex 30.315916061401367 33.835121154785156 1.5
   vertex 31.29861831665039 34.28976821899414 10.5
  endloop
 endfacet
 facet normal 0.5155546135166731 -0.8568567210926653 0
  outer loop
   vertex 29.38813018798828 33.27688980102539 10.5
   vertex 29.38813018798828 33.27688980102539 1.5
   vertex 30.315916061401367 33.835121154785156 1.5
  endloop
 endfacet
 facet normal 0.5155546135166731 -0.8568567210926653 0
  outer loop
   vertex 29.38813018798828 33.27688980102539 10.5
   vertex 30.315916061401367 33.835121154785156 1.5
   vertex 30.315916061401367 33.835121154785156 10.5
  endloop
 endfacet
 facet normal 0.6051736179755075 -0.7960935196988066 0
  outer loop
   vertex 28.52613639831543 32.621620178222656 10.5
   vertex 29.38813018798828 33.27688980102539 1.5
   vertex 29.38813018798828 33.27688980102539 10.5
  endloop
 endfacet
 facet normal 0.6051736179755075 -0.7960935196988066 0
  outer loop
   vertex 28.52613639831543 32.621620178222656 10.5
   vertex 28.52613639831543 32.621620178222656 1.5
   vertex 29.38813018798828 33.27688980102539 1.5
  endloop
 endfacet
 facet normal 0.6876995975884922 -0.7259953605062679 0
  outer loop
   vertex 27.74004554748535 31.876995086669922 10.5
   vertex 28.52613639831543 32.621620178222656 1.5
   vertex 28.52613639831543 32.621620178222656 10.5
  endloop
 endfacet
 facet normal 0.6876995975884922 -0.7259953605062679 0
  outer loop
   vertex 27.74004554748535 31.876995086669922 10.5
   vertex 27.74004554748535 31.876995086669922 1.5
   vertex 28.52613639831543 32.621620178222656 1.5
  endloop
 endfacet
 facet normal 0.7621622381267908 -0.6473860693385057 0
  outer loop
   vertex 27.03907012939453 31.051742553710938 10.5
   vertex 27.74004554748535 31.876995086669922 1.5
   vertex 27.74004554748535 31.876995086669922 10.5
  endloop
 endfacet
 facet normal 0.7621622381267908 -0.6473860693385057 0
  outer loop
   vertex 27.03907012939453 31.051742553710938 10.5
   vertex 27.03907012939453 31.051742553710938 1.5
   vertex 27.74004554748535 31.876995086669922 1.5
  endloop
 endfacet
 facet normal 0.8276890692048031 -0.5611869605745367 0
  outer loop
   vertex 26.431428909301758 30.15553855895996 10.5
   vertex 27.03907012939453 31.051742553710938 1.5
   vertex 27.03907012939453 31.051742553710938 10.5
  endloop
 endfacet
 facet normal 0.8276890692048031 -0.5611869605745367 0
  outer loop
   vertex 26.431428909301758 30.15553855895996 10.5
   vertex 26.431428909301758 30.15553855895996 1.5
   vertex 27.03907012939453 31.051742553710938 1.5
  endloop
 endfacet
 facet normal 0.8835118640510717 -0.4684087809606058 0
  outer loop
   vertex 25.924245834350586 29.198890686035156 10.5
   vertex 26.431428909301758 30.15553855895996 1.5
   vertex 26.431428909301758 30.15553855895996 10.5
  endloop
 endfacet
 facet normal 0.8835118640510717 -0.4684087809606058 0
  outer loop
   vertex 25.924245834350586 29.198890686035156 10.5
   vertex 25.924245834350586 29.198890686035156 1.5
   vertex 26.431428909301758 30.15553855895996 1.5
  endloop
 endfacet
 facet normal 0.9289764873142671 -0.3701387388767156 0
  outer loop
   vertex 25.523468017578125 28.193016052246094 10.5
   vertex 25.924245834350586 29.198890686035156 1.5
   vertex 25.924245834350586 29.198890686035156 10.5
  endloop
 endfacet
 facet normal 0.9289764873142671 -0.3701387388767156 0
  outer loop
   vertex 25.523468017578125 28.193016052246094 10.5
   vertex 25.523468017578125 28.193016052246094 1.5
   vertex 25.924245834350586 29.198890686035156 1.5
  endloop
 endfacet
 facet normal 0.9635503066592573 -0.26752720709649563 0
  outer loop
   vertex 25.233795166015625 27.149703979492188 10.5
   vertex 25.523468017578125 28.193016052246094 1.5
   vertex 25.523468017578125 28.193016052246094 10.5
  endloop
 endfacet
 facet normal 0.9635503066592573 -0.26752720709649563 0
  outer loop
   vertex 25.233795166015625 27.149703979492188 10.5
   vertex 25.233795166015625 27.149703979492188 1.5
   vertex 25.523468017578125 28.193016052246094 1.5
  endloop
 endfacet
 facet normal 0.9868264111191635 -0.16178267619764447 0
  outer loop
   vertex 25.05862045288086 26.08119010925293 10.5
   vertex 25.233795166015625 27.149703979492188 1.5
   vertex 25.233795166015625 27.149703979492188 10.5
  endloop
 endfacet
 facet normal 0.9868264111191635 -0.16178267619764447 0
  outer loop
   vertex 25.05862045288086 26.08119010925293 10.5
   vertex 25.05862045288086 26.08119010925293 1.5
   vertex 25.233795166015625 27.149703979492188 1.5
  endloop
 endfacet
 facet normal 0.9985334124287074 -0.05413893482034011 0
  outer loop
   vertex 25.05862045288086 26.08119010925293 10.5
   vertex 25 25 1.5
   vertex 25.05862045288086 26.08119010925293 1.5
  endloop
 endfacet
 facet normal 0.9985334124287074 -0.05413893482034011 0
  outer loop
   vertex 25 25 10.5
   vertex 25 25 1.5
   vertex 25.05862045288086 26.08119010925293 10.5
  endloop
 endfacet
 facet normal 0.9985334124287074 0.05413893482034011 0
  outer loop
   vertex 25 25 10.5
   vertex 25.05862045288086 23.91880989074707 1.5
   vertex 25 25 1.5
  endloop
 endfacet
 facet normal 0.9985334124287074 0.05413893482034011 0
  outer loop
   vertex 25.05862045288086 23.91880989074707 10.5
   vertex 25.05862045288086 23.91880989074707 1.5
   vertex 25 25 10.5
  endloop
 endfacet
 facet normal 0.9868264111191635 0.16178267619764447 0
  outer loop
   vertex 25.233795166015625 22.850296020507812 10.5
   vertex 25.05862045288086 23.91880989074707 1.5
   vertex 25.05862045288086 23.91880989074707 10.5
  endloop
 endfacet
 facet normal 0.9868264111191635 0.16178267619764447 0
  outer loop
   vertex 25.233795166015625 22.850296020507812 10.5
   vertex 25.233795166015625 22.850296020507812 1.5
   vertex 25.05862045288086 23.91880989074707 1.5
  endloop
 endfacet
 facet normal 0.9635503066592573 0.26752720709649563 0
  outer loop
   vertex 25.523468017578125 21.806983947753906 10.5
   vertex 25.233795166015625 22.850296020507812 1.5
   vertex 25.233795166015625 22.850296020507812 10.5
  endloop
 endfacet
 facet normal 0.9635503066592573 0.26752720709649563 0
  outer loop
   vertex 25.523468017578125 21.806983947753906 10.5
   vertex 25.523468017578125 21.806983947753906 1.5
   vertex 25.233795166015625 22.850296020507812 1.5
  endloop
 endfacet
 facet normal 0.9289764873142671 0.3701387388767156 0
  outer loop
   vertex 25.924245834350586 20.801109313964844 10.5
   vertex 25.523468017578125 21.806983947753906 1.5
   vertex 25.523468017578125 21.806983947753906 10.5
  endloop
 endfacet
 facet normal 0.9289764873142671 0.3701387388767156 0
  outer loop
   vertex 25.924245834350586 20.801109313964844 10.5
   vertex 25.924245834350586 20.801109313964844 1.5
   vertex 25.523468017578125 21.806983947753906 1.5
  endloop
 endfacet
 facet normal 0.8835118640510717 0.4684087809606058 0
  outer loop
   vertex 26.431428909301758 19.84446144104004 10.5
   vertex 25.924245834350586 20.801109313964844 1.5
   vertex 25.924245834350586 20.801109313964844 10.5
  endloop
 endfacet
 facet normal 0.8835118640510717 0.4684087809606058 0
  outer loop
   vertex 26.431428909301758 19.84446144104004 10.5
   vertex 26.431428909301758 19.84446144104004 1.5
   vertex 25.924245834350586 20.801109313964844 1.5
  endloop
 endfacet
 facet normal 0.8276890692048031 0.5611869605745367 0
  outer loop
   vertex 26.431428909301758 19.84446144104004 10.5
   vertex 27.03907012939453 18.948257446289062 1.5
   vertex 26.431428909301758 19.84446144104004 1.5
  endloop
 endfacet
 facet normal 0.8276890692048031 0.5611869605745367 0
  outer loop
   vertex 27.03907012939453 18.948257446289062 10.5
   vertex 27.03907012939453 18.948257446289062 1.5
   vertex 26.431428909301758 19.84446144104004 10.5
  endloop
 endfacet
 facet normal 0.7621622381267908 0.6473860693385057 0
  outer loop
   vertex 27.74004554748535 18.123004913330078 10.5
   vertex 27.03907012939453 18.948257446289062 1.5
   vertex 27.03907012939453 18.948257446289062 10.5
  endloop
 endfacet
 facet normal 0.7621622381267908 0.6473860693385057 0
  outer loop
   vertex 27.74004554748535 18.123004913330078 10.5
   vertex 27.74004554748535 18.123004913330078 1.5
   vertex 27.03907012939453 18.948257446289062 1.5
  endloop
 endfacet
 facet normal 0.6876995975884922 0.7259953605062679 0
  outer loop
   vertex 28.52613639831543 17.378379821777344 10.5
   vertex 27.74004554748535 18.123004913330078 1.5
   vertex 27.74004554748535 18.123004913330078 10.5
  endloop
 endfacet
 facet normal 0.6876995975884922 0.7259953605062679 0
  outer loop
   vertex 28.52613639831543 17.378379821777344 10.5
   vertex 28.52613639831543 17.378379821777344 1.5
   vertex 27.74004554748535 18.123004913330078 1.5
  endloop
 endfacet
 facet normal 0.6051736179755075 0.7960935196988066 0
  outer loop
   vertex 28.52613639831543 17.378379821777344 10.5
   vertex 29.38813018798828 16.72311019897461 1.5
   vertex 28.52613639831543 17.378379821777344 1.5
  endloop
 endfacet
 facet normal 0.6051736179755075 0.7960935196988066 0
  outer loop
   vertex 29.38813018798828 16.72311019897461 10.5
   vertex 29.38813018798828 16.72311019897461 1.5
   vertex 28.52613639831543 17.378379821777344 10.5
  endloop
 endfacet
 facet normal 0.5155546135166731 0.8568567210926653 0
  outer loop
   vertex 30.315916061401367 16.164878845214844 10.5
   vertex 29.38813018798828 16.72311019897461 1.5
   vertex 29.38813018798828 16.72311019897461 10.5
  endloop
 endfacet
 facet normal 0.5155546135166731 0.8568567210926653 0
  outer loop
   vertex 30.315916061401367 16.164878845214844 10.5
   vertex 30.315916061401367 16.164878845214844 1.5
   vertex 29.38813018798828 16.72311019897461 1.5
  endloop
 endfacet
 facet normal 0.419888822871861 0.9075755486058904 0
  outer loop
   vertex 31.29861831665039 15.710232734680176 10.5
   vertex 30.315916061401367 16.164878845214844 1.5
   vertex 30.315916061401367 16.164878845214844 10.5
  endloop
 endfacet
 facet normal 0.419888822871861 0.9075755486058904 0
  outer loop
   vertex 31.29861831665039 15.710232734680176 10.5
   vertex 31.29861831665039 15.710232734680176 1.5
   vertex 30.315916061401367 16.164878845214844 1.5
  endloop
 endfacet
 facet normal 0.3193009422425706 0.9476533692669522 0
  outer loop
   vertex 32.3247184753418 15.364500045776367 10.5
   vertex 32.3247184753418 15.364500045776367 1.5
   vertex 31.29861831665039 15.710232734680176 1.5
  endloop
 endfacet
 facet normal 0.3193009422425706 0.9476533692669522 0
  outer loop
   vertex 32.3247184753418 15.364500045776367 10.5
   vertex 31.29861831665039 15.710232734680176 1.5
   vertex 31.29861831665039 15.710232734680176 10.5
  endloop
 endfacet
 facet normal 0.21497086083290542 0.9766204631241144 0
  outer loop
   vertex 33.382179260253906 15.131734848022461 10.5
   vertex 33.382179260253906 15.131734848022461 1.5
   vertex 32.3247184753418 15.364500045776367 1.5
  endloop
 endfacet
 facet normal 0.10811928162394523 0.9941379285295989 0
  outer loop
   vertex 33.382179260253906 15.131734848022461 10.5
   vertex 34.45861053466797 15.014665603637695 1.5
   vertex 33.382179260253906 15.131734848022461 1.5
  endloop
 endfacet
 facet normal 0.21497086083290542 0.9766204631241144 0
  outer loop
   vertex 33.382179260253906 15.131734848022461 10.5
   vertex 32.3247184753418 15.364500045776367 1.5
   vertex 32.3247184753418 15.364500045776367 10.5
  endloop
 endfacet
 facet normal 0.10811928162394523 0.9941379285295989 0
  outer loop
   vertex 34.45861053466797 15.014665603637695 10.5
   vertex 34.45861053466797 15.014665603637695 1.5
   vertex 33.382179260253906 15.131734848022461 10.5
  endloop
 endfacet
 facet normal 0 1 0
  outer loop
   vertex 35.54138946533203 15.014665603637695 10.5
   vertex 35.54138946533203 15.014665603637695 1.5
   vertex 34.45861053466797 15.014665603637695 1.5
  endloop
 endfacet
 facet normal -0.10811928162394523 0.9941379285295989 0
  outer loop
   vertex 35.54138946533203 15.014665603637695 10.5
   vertex 36.617820739746094 15.131734848022461 1.5
   vertex 35.54138946533203 15.014665603637695 1.5
  endloop
 endfacet
 facet normal 0 1 0
  outer loop
   vertex 35.54138946533203 15.014665603637695 10.5
   vertex 34.45861053466797 15.014665603637695 1.5
   vertex 34.45861053466797 15.014665603637695 10.5
  endloop
 endfacet
 facet normal -0.10811928162394523 0.9941379285295989 0
  outer loop
   vertex 36.617820739746094 15.131734848022461 10.5
   vertex 36.617820739746094 15.131734848022461 1.5
   vertex 35.54138946533203 15.014665603637695 10.5
  endloop
 endfacet
 facet normal -0.21497086083290542 0.9766204631241144 0
  outer loop
   vertex 37.6752815246582 15.364500045776367 10.5
   vertex 36.617820739746094 15.131734848022461 1.5
   vertex 36.617820739746094 15.131734848022461 10.5
  endloop
 endfacet
 facet normal -0.21497086083290542 0.9766204631241144 0
  outer loop
   vertex 37.6752815246582 15.364500045776367 10.5
   vertex 37.6752815246582 15.364500045776367 1.5
   vertex 36.617820739746094 15.131734848022461 1.5
  endloop
 endfacet
 facet normal -0.3193009422425706 0.9476533692669522 0
  outer loop
   vertex 38.70138168334961 15.710232734680176 10.5
   vertex 38.70138168334961 15.710232734680176 1.5
   vertex 37.6752815246582 15.364500045776367 1.5
  endloop
 endfacet
 facet normal -0.3193009422425706 0.9476533692669522 0
  outer loop
   vertex 38.70138168334961 15.710232734680176 10.5
   vertex 37.6752815246582 15.364500045776367 1.5
   vertex 37.6752815246582 15.364500045776367 10.5
  endloop
 endfacet
 facet normal -0.4198881515861583 0.9075758591751761 0
  outer loop
   vertex 39.684085845947266 16.164878845214844 10.5
   vertex 39.684085845947266 16.164878845214844 1.5
   vertex 38.70138168334961 15.710232734680176 1.5
  endloop
 endfacet
 facet normal -0.4198881515861583 0.9075758591751761 0
  outer loop
   vertex 39.684085845947266 16.164878845214844 10.5
   vertex 38.70138168334961 15.710232734680176 1.5
   vertex 38.70138168334961 15.710232734680176 10.5
  endloop
 endfacet
 facet normal -0.5155553916857281 0.856856252882463 0
  outer loop
   vertex 40.61186981201172 16.72311019897461 10.5
   vertex 40.61186981201172 16.72311019897461 1.5
   vertex 39.684085845947266 16.164878845214844 1.5
  endloop
 endfacet
 facet normal -0.6051744666370905 0.7960928745633346 0
  outer loop
   vertex 40.61186981201172 16.72311019897461 10.5
   vertex 41.47386169433594 17.378379821777344 1.5
   vertex 40.61186981201172 16.72311019897461 1.5
  endloop
 endfacet
 facet normal -0.5155553916857281 0.856856252882463 0
  outer loop
   vertex 40.61186981201172 16.72311019897461 10.5
   vertex 39.684085845947266 16.164878845214844 1.5
   vertex 39.684085845947266 16.164878845214844 10.5
  endloop
 endfacet
 facet normal -0.6051744666370905 0.7960928745633346 0
  outer loop
   vertex 41.47386169433594 17.378379821777344 10.5
   vertex 41.47386169433594 17.378379821777344 1.5
   vertex 40.61186981201172 16.72311019897461 10.5
  endloop
 endfacet
 facet normal -0.6876978386397457 0.7259970266676181 0
  outer loop
   vertex 42.25995635986328 18.123004913330078 10.5
   vertex 42.25995635986328 18.123004913330078 1.5
   vertex 41.47386169433594 17.378379821777344 1.5
  endloop
 endfacet
 facet normal -0.6876978386397457 0.7259970266676181 0
  outer loop
   vertex 42.25995635986328 18.123004913330078 10.5
   vertex 41.47386169433594 17.378379821777344 1.5
   vertex 41.47386169433594 17.378379821777344 10.5
  endloop
 endfacet
 facet normal -0.7621631072904778 0.6473850460779302 0
  outer loop
   vertex 42.96092987060547 18.948257446289062 10.5
   vertex 42.96092987060547 18.948257446289062 1.5
   vertex 42.25995635986328 18.123004913330078 1.5
  endloop
 endfacet
 facet normal -0.8276882509939129 0.5611881673437507 0
  outer loop
   vertex 42.96092987060547 18.948257446289062 10.5
   vertex 43.568572998046875 19.84446144104004 1.5
   vertex 42.96092987060547 18.948257446289062 1.5
  endloop
 endfacet
 facet normal -0.7621631072904778 0.6473850460779302 0
  outer loop
   vertex 42.96092987060547 18.948257446289062 10.5
   vertex 42.25995635986328 18.123004913330078 1.5
   vertex 42.25995635986328 18.123004913330078 10.5
  endloop
 endfacet
 facet normal -0.8276882509939129 0.5611881673437507 0
  outer loop
   vertex 43.568572998046875 19.84446144104004 10.5
   vertex 43.568572998046875 19.84446144104004 1.5
   vertex 42.96092987060547 18.948257446289062 10.5
  endloop
 endfacet
 facet normal -0.8835118640510717 0.4684087809606058 0
  outer loop
   vertex 44.07575607299805 20.801109313964844 10.5
   vertex 44.07575607299805 20.801109313964844 1.5
   vertex 43.568572998046875 19.84446144104004 1.5
  endloop
 endfacet
 facet normal -0.9289770930170965 0.370137218676405 0
  outer loop
   vertex 44.07575607299805 20.801109313964844 10.5
   vertex 44.476531982421875 21.806983947753906 1.5
   vertex 44.07575607299805 20.801109313964844 1.5
  endloop
 endfacet
 facet normal -0.8835118640510717 0.4684087809606058 0
  outer loop
   vertex 44.07575607299805 20.801109313964844 10.5
   vertex 43.568572998046875 19.84446144104004 1.5
   vertex 43.568572998046875 19.84446144104004 10.5
  endloop
 endfacet
 facet normal -0.9289770930170965 0.370137218676405 0
  outer loop
   vertex 44.476531982421875 21.806983947753906 10.5
   vertex 44.476531982421875 21.806983947753906 1.5
   vertex 44.07575607299805 20.801109313964844 10.5
  endloop
 endfacet
 facet normal -0.9635503066592573 0.26752720709649563 0
  outer loop
   vertex 44.766204833984375 22.850296020507812 10.5
   vertex 44.766204833984375 22.850296020507812 1.5
   vertex 44.476531982421875 21.806983947753906 1.5
  endloop
 endfacet
 facet normal -0.9635503066592573 0.26752720709649563 0
  outer loop
   vertex 44.766204833984375 22.850296020507812 10.5
   vertex 44.476531982421875 21.806983947753906 1.5
   vertex 44.476531982421875 21.806983947753906 10.5
  endloop
 endfacet
 facet normal -0.9868264111191635 0.16178267619764447 0
  outer loop
   vertex 44.94137954711914 23.91880989074707 10.5
   vertex 44.94137954711914 23.91880989074707 1.5
   vertex 44.766204833984375 22.850296020507812 1.5
  endloop
 endfacet
 facet normal -0.9868264111191635 0.16178267619764447 0
  outer loop
   vertex 44.94137954711914 23.91880989074707 10.5
   vertex 44.766204833984375 22.850296020507812 1.5
   vertex 44.766204833984375 22.850296020507812 10.5
  endloop
 endfacet
 facet normal -0.9985334124287074 0.05413893482034011 0
  outer loop
   vertex 45 25 10.5
   vertex 45 25 1.5
   vertex 44.94137954711914 23.91880989074707 1.5
  endloop
 endfacet
 facet normal -0.9985334124287074 0.05413893482034011 0
  outer loop
   vertex 45 25 10.5
   vertex 44.94137954711914 23.91880989074707 1.5
   vertex 44.94137954711914 23.91880989074707 10.5
  endloop
 endfacet
 facet normal 0 0 -1
  outer loop
   vertex 27.555057525634766 16.235136032104492 0
   vertex 0 0 0
   vertex 26.651052474975586 17.091455459594727 0
  endloop
 endfacet
 facet normal 0 0 -1
  outer loop
   vertex 25.84493064880371 18.040496826171875 0
   vertex 26.651052474975586 17.091455459594727 0
   vertex 0 0 0
  endloop
 endfacet
 facet normal 0 0 -1
  outer loop
   vertex 28.546348571777344 15.481576919555664 0
   vertex 0 0 0
   vertex 27.555057525634766 16.235136032104492 0
  endloop
 endfacet
 facet normal 0 0 -1
  outer loop
   vertex 25.146142959594727 19.071130752563477 0
   vertex 25.84493064880371 18.040496826171875 0
   vertex 0 0 0
  endloop
 endfacet
 facet normal 0 0 -1
  outer loop
   vertex 29.61330223083496 14.839611053466797 0
   vertex 0 0 0
   vertex 28.546348571777344 15.481576919555664 0
  endloop
 endfacet
 facet normal 0 0 -1
  outer loop
   vertex 24.562883377075195 20.171276092529297 0
   vertex 25.146142959594727 19.071130752563477 0
   vertex 0 0 0
  endloop
 endfacet
 facet normal 0 0 -1
  outer loop
   vertex 30.743412017822266 14.316767692565918 0
   vertex 0 0 0
   vertex 29.61330223083496 14.839611053466797 0
  endloop
 endfacet
 facet normal 0 0 -1
  outer loop
   vertex 24.101987838745117 21.328031539916992 0
   vertex 24.562883377075195 20.171276092529297 0
   vertex 0 0 0
  endloop
 endfacet
 facet normal 0 0 -1
  outer loop
   vertex 31.923423767089844 13.919175148010254 0
   vertex 0 0 0
   vertex 30.743412017822266 14.316767692565918 0
  endloop
 endfacet
 facet normal 0 0 -1
  outer loop
   vertex 23.768863677978516 22.52783966064453 0
   vertex 24.101987838745117 21.328031539916992 0
   vertex 0 0 0
  endloop
 endfacet
 facet normal 0 0 -1
  outer loop
   vertex 33.13950729370117 13.651494979858398 0
   vertex 0 0 0
   vertex 31.923423767089844 13.919175148010254 0
  endloop
 endfacet
 facet normal 0 0 -1
  outer loop
   vertex 23.567413330078125 23.75663185119629 0
   vertex 23.768863677978516 22.52783966064453 0
   vertex 0 0 0
  endloop
 endfacet
 facet normal 0 0 -1
  outer loop
   vertex 34.377403259277344 13.516865730285645 0
   vertex 0 0 0
   vertex 33.13950729370117 13.651494979858398 0
  endloop
 endfacet
 facet normal 0 0 -0.9999999999999999
  outer loop
   vertex 23.5 25 0
   vertex 23.567413330078125 23.75663185119629 0
   vertex 0 0 0
  endloop
 endfacet
 facet normal 0 0 -1
  outer loop
   vertex 35.622596740722656 13.516865730285645 0
   vertex 0 0 0
   vertex 34.377403259277344 13.516865730285645 0
  endloop
 endfacet
 facet normal 0 0 -0.9999999999999999
  outer loop
   vertex 0 50 0
   vertex 23.567413330078125 26.24336814880371 0
   vertex 23.5 25 0
  endloop
 endfacet
 facet normal 0 0 -1
  outer loop
   vertex 0 50 0
   vertex 23.5 25 0
   vertex 0 0 0
  endloop
 endfacet
 facet normal 0 0 -1
  outer loop
   vertex 23.768863677978516 27.47216033935547 0
   vertex 23.567413330078125 26.24336814880371 0
   vertex 0 50 0
  endloop
 endfacet
 facet normal 0 0 -1
  outer loop
   vertex 24.101987838745117 28.671968460083008 0
   vertex 23.768863677978516 27.47216033935547 0
   vertex 0 50 0
  endloop
 endfacet
 facet normal 0 0 -1
  outer loop
   vertex 24.562883377075195 29.828723907470703 0
   vertex 24.101987838745117 28.671968460083008 0
   vertex 0 50 0
  endloop
 endfacet
 facet normal 0 0 -1
  outer loop
   vertex 25.146142959594727 30.928869247436523 0
   vertex 24.562883377075195 29.828723907470703 0
   vertex 0 50 0
  endloop
 endfacet
 facet normal 0 0 -1
  outer loop
   vertex 25.84493064880371 31.959503173828125 0
   vertex 25.146142959594727 30.928869247436523 0
   vertex 0 50 0
  endloop
 endfacet
 facet normal 0 0 -1
  outer loop
   vertex 26.651052474975586 32.90854263305664 0
   vertex 25.84493064880371 31.959503173828125 0
   vertex 0 50 0
  endloop
 endfacet
 facet normal 0 0 -1
  outer loop
   vertex 27.555057525634766 33.764862060546875 0
   vertex 26.651052474975586 32.90854263305664 0
   vertex 0 50 0
  endloop
 endfacet
 facet normal 0 0 -1
  outer loop
   vertex 28.546348571777344 34.51842498779297 0
   vertex 27.555057525634766 33.764862060546875 0
   vertex 0 50 0
  endloop
 endfacet
 facet normal 0 0 -1
  outer loop
   vertex 29.61330223083496 35.1603889465332 0
   vertex 28.546348571777344 34.51842498779297 0
   vertex 0 50 0
  endloop
 endfacet
 facet normal 0 0 -1
  outer loop
   vertex 30.743412017822266 35.683231353759766 0
   vertex 29.61330223083496 35.1603889465332 0
   vertex 0 50 0
  endloop
 endfacet
 facet normal 0 0 -1
  outer loop
   vertex 31.923423767089844 36.08082580566406 0
   vertex 30.743412017822266 35.683231353759766 0
   vertex 0 50 0
  endloop
 endfacet
 facet normal 0 0 -1
  outer loop
   vertex 33.13950729370117 36.34850311279297 0
   vertex 31.923423767089844 36.08082580566406 0
   vertex 0 50 0
  endloop
 endfacet
 facet normal 0 0 -1
  outer loop
   vertex 70 0 0
   vertex 35.622596740722656 13.516865730285645 0
   vertex 36.86049270629883 13.651494979858398 0
  endloop
 endfacet
 facet normal 0 0 -1
  outer loop
   vertex 70 0 0
   vertex 36.86049270629883 13.651494979858398 0
   vertex 38.076576232910156 13.919175148010254 0
  endloop
 endfacet
 facet normal 0 0 -1
  outer loop
   vertex 70 0 0
   vertex 38.076576232910156 13.919175148010254 0
   vertex 39.256587982177734 14.316767692565918 0
  endloop
 endfacet
 facet normal 0 0 -1
  outer loop
   vertex 70 0 0
   vertex 39.256587982177734 14.316767692565918 0
   vertex 40.386695861816406 14.839611053466797 0
  endloop
 endfacet
 facet normal 0 0 -1
  outer loop
   vertex 70 0 0
   vertex 40.386695861816406 14.839611053466797 0
   vertex 41.453651428222656 15.481576919555664 0
  endloop
 endfacet
 facet normal 0 0 -1
  outer loop
   vertex 70 0 0
   vertex 41.453651428222656 15.481576919555664 0
   vertex 42.444942474365234 16.235136032104492 0
  endloop
 endfacet
 facet normal 0 0 -1
  outer loop
   vertex 70 0 0
   vertex 42.444942474365234 16.235136032104492 0
   vertex 43.34894943237305 17.091455459594727 0
  endloop
 endfacet
 facet normal 0 0 -1
  outer loop
   vertex 70 0 0
   vertex 43.34894943237305 17.091455459594727 0
   vertex 44.15507125854492 18.040496826171875 0
  endloop
 endfacet
 facet normal 0 0 -1
  outer loop
   vertex 70 0 0
   vertex 44.15507125854492 18.040496826171875 0
   vertex 44.853858947753906 19.071130752563477 0
  endloop
 endfacet
 facet normal 0 0 -1
  outer loop
   vertex 70 0 0
   vertex 44.853858947753906 19.071130752563477 0
   vertex 45.43711853027344 20.171276092529297 0
  endloop
 endfacet
 facet normal 0 0 -1
  outer loop
   vertex 70 0 0
   vertex 45.43711853027344 20.171276092529297 0
   vertex 45.89801025390625 21.328031539916992 0
  endloop
 endfacet
 facet normal 0 0 -1
  outer loop
   vertex 70 0 0
   vertex 45.89801025390625 21.328031539916992 0
   vertex 46.231136322021484 22.52783966064453 0
  endloop
 endfacet
 facet normal 0 0 -1
  outer loop
   vertex 70 0 0
   vertex 0 0 0
   vertex 35.622596740722656 13.516865730285645 0
  endloop
 endfacet
 facet normal 0 0 -1
  outer loop
   vertex 46.432586669921875 23.75663185119629 0
   vertex 70 0 0
   vertex 46.231136322021484 22.52783966064453 0
  endloop
 endfacet
 facet normal 0 0 -1
  outer loop
   vertex 34.377403259277344 36.48313522338867 0
   vertex 33.13950729370117 36.34850311279297 0
   vertex 0 50 0
  endloop
 endfacet
 facet normal 0 0 -0.9999999999999999
  outer loop
   vertex 46.5 25 0
   vertex 70 0 0
   vertex 46.432586669921875 23.75663185119629 0
  endloop
 endfacet
 facet normal 0 0 -0.9999999999999999
  outer loop
   vertex 70 50 0
   vertex 46.5 25 0
   vertex 46.432586669921875 26.24336814880371 0
  endloop
 endfacet
 facet normal 0 0 -1
  outer loop
   vertex 70 50 0
   vertex 46.432586669921875 26.24336814880371 0
   vertex 46.231136322021484 27.47216033935547 0
  endloop
 endfacet
 facet normal 0 0 -1
  outer loop
   vertex 70 50 0
   vertex 46.231136322021484 27.47216033935547 0
   vertex 45.89801025390625 28.671968460083008 0
  endloop
 endfacet
 facet normal 0 0 -1
  outer loop
   vertex 70 50 0
   vertex 45.89801025390625 28.671968460083008 0
   vertex 45.43711853027344 29.828723907470703 0
  endloop
 endfacet
 facet normal 0 0 -1
  outer loop
   vertex 70 50 0
   vertex 45.43711853027344 29.828723907470703 0
   vertex 44.853858947753906 30.928869247436523 0
  endloop
 endfacet
 facet normal 0 0 -1
  outer loop
   vertex 70 50 0
   vertex 44.853858947753906 30.928869247436523 0
   vertex 44.15507125854492 31.959503173828125 0
  endloop
 endfacet
 facet normal 0 0 -1
  outer loop
   vertex 70 50 0
   vertex 44.15507125854492 31.959503173828125 0
   vertex 43.34894943237305 32.90854263305664 0
  endloop
 endfacet
 facet normal 0 0 -1
  outer loop
   vertex 70 50 0
   vertex 43.34894943237305 32.90854263305664 0
   vertex 42.444942474365234 33.764862060546875 0
  endloop
 endfacet
 facet normal 0 0 -1
  outer loop
   vertex 70 50 0
   vertex 42.444942474365234 33.764862060546875 0
   vertex 41.453651428222656 34.51842498779297 0
  endloop
 endfacet
 facet normal 0 0 -0.9999999999999999
  outer loop
   vertex 70 50 0
   vertex 41.453651428222656 34.51842498779297 0
   vertex 40.386695861816406 35.1603889465332 0
  endloop
 endfacet
 facet normal 0 0 -1
  outer loop
   vertex 70 50 0
   vertex 40.386695861816406 35.1603889465332 0
   vertex 39.256587982177734 35.683231353759766 0
  endloop
 endfacet
 facet normal 0 0 -1
  outer loop
   vertex 70 50 0
   vertex 39.256587982177734 35.683231353759766 0
   vertex 38.076576232910156 36.08082580566406 0
  endloop
 endfacet
 facet normal 0 0 -1
  outer loop
   vertex 70 50 0
   vertex 38.076576232910156 36.08082580566406 0
   vertex 36.86049270629883 36.34850311279297 0
  endloop
 endfacet
 facet normal 0 0 -1
  outer loop
   vertex 70 50 0
   vertex 36.86049270629883 36.34850311279297 0
   vertex 35.622596740722656 36.48313522338867 0
  endloop
 endfacet
 facet normal 0 0 -1
  outer loop
   vertex 70 50 0
   vertex 70 0 0
   vertex 46.5 25 0
  endloop
 endfacet
 facet normal 0 0 -1
  outer loop
   vertex 70 50 0
   vertex 34.377403259277344 36.48313522338867 0
   vertex 0 50 0
  endloop
 endfacet
 facet normal 0 0 -1
  outer loop
   vertex 70 50 0
   vertex 35.622596740722656 36.48313522338867 0
   vertex 34.377403259277344 36.48313522338867 0
  endloop
 endfacet
 facet normal -0.7065876934218122 -0.0383100901811327 -0.7065876934218122
  outer loop
   vertex 44.94137954711914 26.08119010925293 1.5
   vertex 46.5 25 0
   vertex 45 25 1.5
  endloop
 endfacet
 facet normal -0.7065876622387036 -0.03830999479072892 -0.7065877297768324
  outer loop
   vertex 44.94137954711914 26.08119010925293 1.5
   vertex 46.432586669921875 26.24336814880371 0
   vertex 46.5 25 0
  endloop
 endfacet
 facet normal -0.6983034126854142 -0.11448108679982814 -0.7065878746462003
  outer loop
   vertex 44.766204833984375 27.149703979492188 1.5
   vertex 46.231136322021484 27.47216033935547 0
   vertex 46.432586669921875 26.24336814880371 0
  endloop
 endfacet
 facet normal -0.6983035088369308 -0.11448154324297076 -0.706587705669111
  outer loop
   vertex 44.766204833984375 27.149703979492188 1.5
   vertex 46.432586669921875 26.24336814880371 0
   vertex 44.94137954711914 26.08119010925293 1.5
  endloop
 endfacet
 facet normal -0.6818326936956756 -0.18931047426610897 -0.7065873775697101
  outer loop
   vertex 44.476531982421875 28.193016052246094 1.5
   vertex 45.89801025390625 28.671968460083008 0
   vertex 46.231136322021484 27.47216033935547 0
  endloop
 endfacet
 facet normal -0.6818325481074708 -0.18930901276458661 -0.7065879096243942
  outer loop
   vertex 44.476531982421875 28.193016052246094 1.5
   vertex 46.231136322021484 27.47216033935547 0
   vertex 44.766204833984375 27.149703979492188 1.5
  endloop
 endfacet
 facet normal -0.657368145895687 -0.2619184016011163 -0.7065874833765335
  outer loop
   vertex 44.07575607299805 29.198890686035156 1.5
   vertex 45.43711853027344 29.828723907470703 0
   vertex 45.89801025390625 28.671968460083008 0
  endloop
 endfacet
 facet normal -0.6573681437438861 -0.26191863954535133 -0.7065873971770441
  outer loop
   vertex 44.07575607299805 29.198890686035156 1.5
   vertex 45.89801025390625 28.671968460083008 0
   vertex 44.476531982421875 28.193016052246094 1.5
  endloop
 endfacet
 facet normal -0.6251957557216821 -0.3314574922314721 -0.7065877142090843
  outer loop
   vertex 43.568572998046875 30.15553855895996 1.5
   vertex 44.853858947753906 30.928869247436523 0
   vertex 45.43711853027344 29.828723907470703 0
  endloop
 endfacet
 facet normal -0.6251956860101552 -0.33145808342978667 -0.7065874985614621
  outer loop
   vertex 43.568572998046875 30.15553855895996 1.5
   vertex 45.43711853027344 29.828723907470703 0
   vertex 44.07575607299805 29.198890686035156 1.5
  endloop
 endfacet
 facet normal -0.5856934682958683 -0.3971103364782467 -0.7065879576228924
  outer loop
   vertex 42.96092987060547 31.051742553710938 1.5
   vertex 44.15507125854492 31.959503173828125 0
   vertex 44.853858947753906 30.928869247436523 0
  endloop
 endfacet
 facet normal -0.5856933040438302 -0.39711105180866035 -0.706587691747911
  outer loop
   vertex 42.96092987060547 31.051742553710938 1.5
   vertex 44.853858947753906 30.928869247436523 0
   vertex 43.568572998046875 30.15553855895996 1.5
  endloop
 endfacet
 facet normal -0.539325381338324 -0.45810736010778236 -0.7065874182713349
  outer loop
   vertex 42.25995635986328 31.876995086669922 1.5
   vertex 43.34894943237305 32.90854263305664 0
   vertex 44.15507125854492 31.959503173828125 0
  endloop
 endfacet
 facet normal -0.5393258533517706 -0.45810599999310314 -0.7065879398041712
  outer loop
   vertex 42.25995635986328 31.876995086669922 1.5
   vertex 44.15507125854492 31.959503173828125 0
   vertex 42.96092987060547 31.051742553710938 1.5
  endloop
 endfacet
 facet normal -0.4866332103064185 -0.5137333032417957 -0.7065877240422046
  outer loop
   vertex 41.47386169433594 32.621620178222656 1.5
   vertex 42.444942474365234 33.764862060546875 0
   vertex 43.34894943237305 32.90854263305664 0
  endloop
 endfacet
 facet normal -0.4866327596366231 -0.5137342546750697 -0.7065873426703135
  outer loop
   vertex 41.47386169433594 32.621620178222656 1.5
   vertex 43.34894943237305 32.90854263305664 0
   vertex 42.25995635986328 31.876995086669922 1.5
  endloop
 endfacet
 facet normal -0.4282375458192843 -0.5633345662904347 -0.7065881196093267
  outer loop
   vertex 40.61186981201172 33.27688980102539 1.5
   vertex 41.453651428222656 34.51842498779297 0
   vertex 42.444942474365234 33.764862060546875 0
  endloop
 endfacet
 facet normal -0.42823689295528883 -0.5633356294777168 -0.7065876676484986
  outer loop
   vertex 40.61186981201172 33.27688980102539 1.5
   vertex 42.444942474365234 33.764862060546875 0
   vertex 41.47386169433594 32.621620178222656 1.5
  endloop
 endfacet
 facet normal -0.36481843605847686 -0.6063347572409737 -0.7065873412914899
  outer loop
   vertex 39.684085845947266 33.835121154785156 1.5
   vertex 40.386695861816406 35.1603889465332 0
   vertex 41.453651428222656 34.51842498779297 0
  endloop
 endfacet
 facet normal -0.29712382251985914 -0.642224059137099 -0.7065873562105788
  outer loop
   vertex 39.684085845947266 33.835121154785156 1.5
   vertex 39.256587982177734 35.683231353759766 0
   vertex 40.386695861816406 35.1603889465332 0
  endloop
 endfacet
 facet normal -0.3648198778924467 -0.6063328957259998 -0.7065881942511242
  outer loop
   vertex 39.684085845947266 33.835121154785156 1.5
   vertex 41.453651428222656 34.51842498779297 0
   vertex 40.61186981201172 33.27688980102539 1.5
  endloop
 endfacet
 facet normal -0.2971242830865529 -0.6422240299868849 -0.7065871890345216
  outer loop
   vertex 38.70138168334961 34.28976821899414 1.5
   vertex 39.256587982177734 35.683231353759766 0
   vertex 39.684085845947266 33.835121154785156 1.5
  endloop
 endfacet
 facet normal -0.22594678402688517 -0.6705824454641165 -0.7065884478416509
  outer loop
   vertex 37.6752815246582 34.635498046875 1.5
   vertex 38.076576232910156 36.08082580566406 0
   vertex 39.256587982177734 35.683231353759766 0
  endloop
 endfacet
 facet normal -0.22594398622746925 -0.6705847787112803 -0.7065871281366398
  outer loop
   vertex 37.6752815246582 34.635498046875 1.5
   vertex 39.256587982177734 35.683231353759766 0
   vertex 38.70138168334961 34.28976821899414 1.5
  endloop
 endfacet
 facet normal -0.15211716701182632 -0.6910827925685207 -0.7065868250370871
  outer loop
   vertex 36.617820739746094 34.86826705932617 1.5
   vertex 36.86049270629883 36.34850311279297 0
   vertex 38.076576232910156 36.08082580566406 0
  endloop
 endfacet
 facet normal -0.15212106093295788 -0.6910802035110778 -0.7065885189668161
  outer loop
   vertex 36.617820739746094 34.86826705932617 1.5
   vertex 38.076576232910156 36.08082580566406 0
   vertex 37.6752815246582 34.635498046875 1.5
  endloop
 endfacet
 facet normal -0.07650929338777068 -0.7034766460597087 -0.7065882368635125
  outer loop
   vertex 35.54138946533203 34.98533248901367 1.5
   vertex 35.622596740722656 36.48313522338867 0
   vertex 36.86049270629883 36.34850311279297 0
  endloop
 endfacet
 facet normal -0.07650559963056972 -0.7034785617750966 -0.7065867295300758
  outer loop
   vertex 35.54138946533203 34.98533248901367 1.5
   vertex 36.86049270629883 36.34850311279297 0
   vertex 36.617820739746094 34.86826705932617 1.5
  endloop
 endfacet
 facet normal 0 -0.707624871182625 -0.7065883113127286
  outer loop
   vertex 34.45861053466797 34.98533248901367 1.5
   vertex 34.377403259277344 36.48313522338867 0
   vertex 35.622596740722656 36.48313522338867 0
  endloop
 endfacet
 facet normal 0 -0.7076248711826251 -0.7065883113127286
  outer loop
   vertex 34.45861053466797 34.98533248901367 1.5
   vertex 35.622596740722656 36.48313522338867 0
   vertex 35.54138946533203 34.98533248901367 1.5
  endloop
 endfacet
 facet normal 0.07650944476975392 -0.7034780379649941 -0.7065868346933349
  outer loop
   vertex 33.382179260253906 34.86826705932617 1.5
   vertex 33.13950729370117 36.34850311279297 0
   vertex 34.377403259277344 36.48313522338867 0
  endloop
 endfacet
 facet normal 0.15211716701182632 -0.6910827925685207 -0.7065868250370871
  outer loop
   vertex 33.382179260253906 34.86826705932617 1.5
   vertex 31.923423767089844 36.08082580566406 0
   vertex 33.13950729370117 36.34850311279297 0
  endloop
 endfacet
 facet normal 0.07650542554996026 -0.7034769610821098 -0.7065883420267414
  outer loop
   vertex 33.382179260253906 34.86826705932617 1.5
   vertex 34.377403259277344 36.48313522338867 0
   vertex 34.45861053466797 34.98533248901367 1.5
  endloop
 endfacet
 facet normal 0.15212106093295788 -0.6910802035110778 -0.7065885189668161
  outer loop
   vertex 32.3247184753418 34.635498046875 1.5
   vertex 31.923423767089844 36.08082580566406 0
   vertex 33.382179260253906 34.86826705932617 1.5
  endloop
 endfacet
 facet normal 0.225947175438736 -0.6705836071266612 -0.7065872202101116
  outer loop
   vertex 31.29861831665039 34.28976821899414 1.5
   vertex 30.743412017822266 35.683231353759766 0
   vertex 31.923423767089844 36.08082580566406 0
  endloop
 endfacet
 facet normal 0.22594353611083443 -0.6705834427989199 -0.7065885399110856
  outer loop
   vertex 31.29861831665039 34.28976821899414 1.5
   vertex 31.923423767089844 36.08082580566406 0
   vertex 32.3247184753418 34.635498046875 1.5
  endloop
 endfacet
 facet normal 0.2971232559946468 -0.6422239185269086 -0.7065877222391304
  outer loop
   vertex 30.315916061401367 33.835121154785156 1.5
   vertex 29.61330223083496 35.1603889465332 0
   vertex 30.743412017822266 35.683231353759766 0
  endloop
 endfacet
 facet normal 0.297124764055236 -0.6422238230778494 -0.7065871748456745
  outer loop
   vertex 30.315916061401367 33.835121154785156 1.5
   vertex 30.743412017822266 35.683231353759766 0
   vertex 31.29861831665039 34.28976821899414 1.5
  endloop
 endfacet
 facet normal 0.3648184986200279 -0.6063337773017405 -0.7065881498918816
  outer loop
   vertex 29.38813018798828 33.27688980102539 1.5
   vertex 28.546348571777344 34.51842498779297 0
   vertex 29.61330223083496 35.1603889465332 0
  endloop
 endfacet
 facet normal 0.36481954884854434 -0.6063335953578072 -0.7065877637763193
  outer loop
   vertex 29.38813018798828 33.27688980102539 1.5
   vertex 29.61330223083496 35.1603889465332 0
   vertex 30.315916061401367 33.835121154785156 1.5
  endloop
 endfacet
 facet normal 0.42823598789446954 -0.5633356853940076 -0.7065881715919899
  outer loop
   vertex 28.52613639831543 32.621620178222656 1.5
   vertex 28.546348571777344 34.51842498779297 0
   vertex 29.38813018798828 33.27688980102539 1.5
  endloop
 endfacet
 facet normal 0.42823796464830016 -0.5633351172483417 -0.7065874265147081
  outer loop
   vertex 28.52613639831543 32.621620178222656 1.5
   vertex 27.555057525634766 33.764862060546875 0
   vertex 28.546348571777344 34.51842498779297 0
  endloop
 endfacet
 facet normal 0.48663396884327126 -0.5137330382100527 -0.7065873943252278
  outer loop
   vertex 27.74004554748535 31.876995086669922 1.5
   vertex 27.555057525634766 33.764862060546875 0
   vertex 28.52613639831543 32.621620178222656 1.5
  endloop
 endfacet
 facet normal 0.4866339812066964 -0.5137330331539801 -0.7065873894864899
  outer loop
   vertex 27.74004554748535 31.876995086669922 1.5
   vertex 26.651052474975586 32.90854263305664 0
   vertex 27.555057525634766 33.764862060546875 0
  endloop
 endfacet
 facet normal 0.5393256433099832 -0.45810706808833956 -0.7065874076402565
  outer loop
   vertex 27.03907012939453 31.051742553710938 1.5
   vertex 26.651052474975586 32.90854263305664 0
   vertex 27.74004554748535 31.876995086669922 1.5
  endloop
 endfacet
 facet normal 0.5393252734606668 -0.458107268475624 -0.7065875600209641
  outer loop
   vertex 27.03907012939453 31.051742553710938 1.5
   vertex 25.84493064880371 31.959503173828125 0
   vertex 26.651052474975586 32.90854263305664 0
  endloop
 endfacet
 facet normal 0.5856939792861188 -0.3971102631307714 -0.7065875752829235
  outer loop
   vertex 26.431428909301758 30.15553855895996 1.5
   vertex 25.84493064880371 31.959503173828125 0
   vertex 27.03907012939453 31.051742553710938 1.5
  endloop
 endfacet
 facet normal 0.5856936727040802 -0.3971104750705619 -0.7065877102976236
  outer loop
   vertex 26.431428909301758 30.15553855895996 1.5
   vertex 25.146142959594727 30.928869247436523 0
   vertex 25.84493064880371 31.959503173828125 0
  endloop
 endfacet
 facet normal 0.6251954824893305 -0.3314579755297739 -0.7065877292542216
  outer loop
   vertex 25.924245834350586 29.198890686035156 1.5
   vertex 25.146142959594727 30.928869247436523 0
   vertex 26.431428909301758 30.15553855895996 1.5
  endloop
 endfacet
 facet normal 0.6251959326964133 -0.3314575860574459 -0.7065875136066534
  outer loop
   vertex 25.924245834350586 29.198890686035156 1.5
   vertex 24.562883377075195 29.828723907470703 0
   vertex 25.146142959594727 30.928869247436523 0
  endloop
 endfacet
 facet normal 0.6573676004749202 -0.26191966959427126 -0.7065875207824389
  outer loop
   vertex 25.523468017578125 28.193016052246094 1.5
   vertex 24.562883377075195 29.828723907470703 0
   vertex 25.924245834350586 29.198890686035156 1.5
  endloop
 endfacet
 facet normal 0.6573671372498141 -0.26192016755786257 -0.7065877671531295
  outer loop
   vertex 25.523468017578125 28.193016052246094 1.5
   vertex 24.101987838745117 28.671968460083008 0
   vertex 24.562883377075195 29.828723907470703 0
  endloop
 endfacet
 facet normal 0.6818324696685167 -0.18930932814824925 -0.7065879008175768
  outer loop
   vertex 25.233795166015625 27.149703979492188 1.5
   vertex 23.768863677978516 27.47216033935547 0
   vertex 24.101987838745117 28.671968460083008 0
  endloop
 endfacet
 facet normal 0.6818326780356112 -0.18930904883879288 -0.70658777458327
  outer loop
   vertex 25.233795166015625 27.149703979492188 1.5
   vertex 24.101987838745117 28.671968460083008 0
   vertex 25.523468017578125 28.193016052246094 1.5
  endloop
 endfacet
 facet normal 0.6983035675750914 -0.1144811121927136 -0.7065877174583628
  outer loop
   vertex 25.05862045288086 26.08119010925293 1.5
   vertex 23.567413330078125 26.24336814880371 0
   vertex 23.768863677978516 27.47216033935547 0
  endloop
 endfacet
 facet normal 0.6983033307136584 -0.11448151404101649 -0.7065878864352884
  outer loop
   vertex 25.05862045288086 26.08119010925293 1.5
   vertex 23.768863677978516 27.47216033935547 0
   vertex 25.233795166015625 27.149703979492188 1.5
  endloop
 endfacet
 facet normal 0.7065876959582074 -0.03830999661894371 -0.7065876959582074
  outer loop
   vertex 25 25 1.5
   vertex 23.5 25 0
   vertex 23.567413330078125 26.24336814880371 0
  endloop
 endfacet
 facet normal 0.7065876546443981 -0.03831008807868138 -0.7065877323132156
  outer loop
   vertex 25 25 1.5
   vertex 23.567413330078125 26.24336814880371 0
   vertex 25.05862045288086 26.08119010925293 1.5
  endloop
 endfacet
 facet normal 0.7065876622387036 0.03830999479072892 -0.7065877297768324
  outer loop
   vertex 25.05862045288086 23.91880989074707 1.5
   vertex 23.567413330078125 23.75663185119629 0
   vertex 23.5 25 0
  endloop
 endfacet
 facet normal 0.6983035675750914 0.1144811121927136 -0.7065877174583628
  outer loop
   vertex 25.05862045288086 23.91880989074707 1.5
   vertex 23.768863677978516 22.52783966064453 0
   vertex 23.567413330078125 23.75663185119629 0
  endloop
 endfacet
 facet normal 0.7065876934218122 0.0383100901811327 -0.7065876934218122
  outer loop
   vertex 25.05862045288086 23.91880989074707 1.5
   vertex 23.5 25 0
   vertex 25 25 1.5
  endloop
 endfacet
 facet normal 0.6983033307136584 0.11448151404101649 -0.7065878864352884
  outer loop
   vertex 25.233795166015625 22.850296020507812 1.5
   vertex 23.768863677978516 22.52783966064453 0
   vertex 25.05862045288086 23.91880989074707 1.5
  endloop
 endfacet
 facet normal 0.6818325826495512 0.18930935951719205 -0.7065877833904525
  outer loop
   vertex 25.523468017578125 21.806983947753906 1.5
   vertex 24.101987838745117 21.328031539916992 0
   vertex 23.768863677978516 22.52783966064453 0
  endloop
 endfacet
 facet normal 0.6573671372498141 0.26192016755786257 -0.7065877671531295
  outer loop
   vertex 25.523468017578125 21.806983947753906 1.5
   vertex 24.562883377075195 20.171276092529297 0
   vertex 24.101987838745117 21.328031539916992 0
  endloop
 endfacet
 facet normal 0.6818325481074708 0.18930901276458661 -0.7065879096243942
  outer loop
   vertex 25.523468017578125 21.806983947753906 1.5
   vertex 23.768863677978516 22.52783966064453 0
   vertex 25.233795166015625 22.850296020507812 1.5
  endloop
 endfacet
 facet normal 0.6573676004749202 0.26191966959427126 -0.7065875207824389
  outer loop
   vertex 25.924245834350586 20.801109313964844 1.5
   vertex 24.562883377075195 20.171276092529297 0
   vertex 25.523468017578125 21.806983947753906 1.5
  endloop
 endfacet
 facet normal 0.6251957557216821 0.3314574922314721 -0.7065877142090843
  outer loop
   vertex 26.431428909301758 19.84446144104004 1.5
   vertex 25.146142959594727 19.071130752563477 0
   vertex 24.562883377075195 20.171276092529297 0
  endloop
 endfacet
 facet normal 0.6251956860101552 0.33145808342978667 -0.7065874985614621
  outer loop
   vertex 26.431428909301758 19.84446144104004 1.5
   vertex 24.562883377075195 20.171276092529297 0
   vertex 25.924245834350586 20.801109313964844 1.5
  endloop
 endfacet
 facet normal 0.5856937765053041 0.3971105454495932 -0.7065875847024781
  outer loop
   vertex 27.03907012939453 18.948257446289062 1.5
   vertex 25.84493064880371 18.040496826171875 0
   vertex 25.146142959594727 19.071130752563477 0
  endloop
 endfacet
 facet normal 0.5856938599147091 0.3971101821949695 -0.7065877197172953
  outer loop
   vertex 27.03907012939453 18.948257446289062 1.5
   vertex 25.146142959594727 19.071130752563477 0
   vertex 26.431428909301758 19.84446144104004 1.5
  endloop
 endfacet
 facet normal 0.5393256281104909 0.45810664903022463 -0.7065876909326423
  outer loop
   vertex 27.74004554748535 18.123004913330078 1.5
   vertex 26.651052474975586 17.091455459594727 0
   vertex 25.84493064880371 18.040496826171875 0
  endloop
 endfacet
 facet normal 0.5393255192506854 0.45810696271148255 -0.7065875706522431
  outer loop
   vertex 27.74004554748535 18.123004913330078 1.5
   vertex 25.84493064880371 18.040496826171875 0
   vertex 27.03907012939453 18.948257446289062 1.5
  endloop
 endfacet
 facet normal 0.4866337534978135 0.5137327927647357 -0.7065877210897273
  outer loop
   vertex 28.52613639831543 17.378379821777344 1.5
   vertex 27.555057525634766 16.235136032104492 0
   vertex 26.651052474975586 17.091455459594727 0
  endloop
 endfacet
 facet normal 0.48663374777981994 0.5137328048362938 -0.7065877162509983
  outer loop
   vertex 28.52613639831543 17.378379821777344 1.5
   vertex 26.651052474975586 17.091455459594727 0
   vertex 27.74004554748535 18.123004913330078 1.5
  endloop
 endfacet
 facet normal 0.4282363604027575 0.5633358586350224 -0.7065878077103663
  outer loop
   vertex 29.38813018798828 16.72311019897461 1.5
   vertex 28.546348571777344 15.481576919555664 0
   vertex 27.555057525634766 16.235136032104492 0
  endloop
 endfacet
 facet normal 0.3648194802191563 0.6063336072473418 -0.7065877890078844
  outer loop
   vertex 29.38813018798828 16.72311019897461 1.5
   vertex 29.61330223083496 14.839611053466797 0
   vertex 28.546348571777344 15.481576919555664 0
  endloop
 endfacet
 facet normal 0.4282362527977887 0.5633360338689071 -0.7065877332182878
  outer loop
   vertex 29.38813018798828 16.72311019897461 1.5
   vertex 27.555057525634766 16.235136032104492 0
   vertex 28.52613639831543 17.378379821777344 1.5
  endloop
 endfacet
 facet normal 0.36481954884854434 0.6063335953578072 -0.7065877637763193
  outer loop
   vertex 30.315916061401367 16.164878845214844 1.5
   vertex 29.61330223083496 14.839611053466797 0
   vertex 29.38813018798828 16.72311019897461 1.5
  endloop
 endfacet
 facet normal 0.2971237500413397 0.6422238149673004 -0.7065876086163825
  outer loop
   vertex 31.29861831665039 15.710232734680176 1.5
   vertex 30.743412017822266 14.316767692565918 0
   vertex 29.61330223083496 14.839611053466797 0
  endloop
 endfacet
 facet normal 0.22594607477502412 0.6705835574290852 -0.7065876193364219
  outer loop
   vertex 31.29861831665039 15.710232734680176 1.5
   vertex 31.923423767089844 13.919175148010254 0
   vertex 30.743412017822266 14.316767692565918 0
  endloop
 endfacet
 facet normal 0.2971240115954326 0.6422235438022164 -0.706587745095795
  outer loop
   vertex 31.29861831665039 15.710232734680176 1.5
   vertex 29.61330223083496 14.839611053466797 0
   vertex 30.315916061401367 16.164878845214844 1.5
  endloop
 endfacet
 facet normal 0.22594543475070675 0.6705835285300528 -0.7065878514236557
  outer loop
   vertex 32.3247184753418 15.364500045776367 1.5
   vertex 31.923423767089844 13.919175148010254 0
   vertex 31.29861831665039 15.710232734680176 1.5
  endloop
 endfacet
 facet normal 0.15211853808834458 0.6910816349924332 -0.7065876620392197
  outer loop
   vertex 33.382179260253906 15.131734848022461 1.5
   vertex 33.13950729370117 13.651494979858398 0
   vertex 31.923423767089844 13.919175148010254 0
  endloop
 endfacet
 facet normal 0.07650774591496295 0.7034773669467626 -0.7065876867089191
  outer loop
   vertex 33.382179260253906 15.131734848022461 1.5
   vertex 34.377403259277344 13.516865730285645 0
   vertex 33.13950729370117 13.651494979858398 0
  endloop
 endfacet
 facet normal 0.1521188389783158 0.691081434931692 -0.7065877929320905
  outer loop
   vertex 33.382179260253906 15.131734848022461 1.5
   vertex 31.923423767089844 13.919175148010254 0
   vertex 32.3247184753418 15.364500045776367 1.5
  endloop
 endfacet
 facet normal 0.07650796920494841 0.7034774267735131 -0.7065876029681322
  outer loop
   vertex 34.45861053466797 15.014665603637695 1.5
   vertex 34.377403259277344 13.516865730285645 0
   vertex 33.382179260253906 15.131734848022461 1.5
  endloop
 endfacet
 facet normal 0 0.707625546025886 -0.7065876354788319
  outer loop
   vertex 35.54138946533203 15.014665603637695 1.5
   vertex 35.622596740722656 13.516865730285645 0
   vertex 34.377403259277344 13.516865730285645 0
  endloop
 endfacet
 facet normal -0.07650775432489726 0.7034774442748603 -0.7065876088105935
  outer loop
   vertex 35.54138946533203 15.014665603637695 1.5
   vertex 36.86049270629883 13.651494979858398 0
   vertex 35.622596740722656 13.516865730285645 0
  endloop
 endfacet
 facet normal 0 0.707625546025886 -0.7065876354788319
  outer loop
   vertex 35.54138946533203 15.014665603637695 1.5
   vertex 34.377403259277344 13.516865730285645 0
   vertex 34.45861053466797 15.014665603637695 1.5
  endloop
 endfacet
 facet normal -0.07650795953349722 0.7034773378462069 -0.7065876925512039
  outer loop
   vertex 36.617820739746094 15.131734848022461 1.5
   vertex 36.86049270629883 13.651494979858398 0
   vertex 35.54138946533203 15.014665603637695 1.5
  endloop
 endfacet
 facet normal -0.15211853808834458 0.6910816349924332 -0.7065876620392197
  outer loop
   vertex 36.617820739746094 15.131734848022461 1.5
   vertex 38.076576232910156 13.919175148010254 0
   vertex 36.86049270629883 13.651494979858398 0
  endloop
 endfacet
 facet normal -0.1521188389783158 0.691081434931692 -0.7065877929320905
  outer loop
   vertex 37.6752815246582 15.364500045776367 1.5
   vertex 38.076576232910156 13.919175148010254 0
   vertex 36.617820739746094 15.131734848022461 1.5
  endloop
 endfacet
 facet normal -0.22594543475070675 0.6705835285300528 -0.7065878514236557
  outer loop
   vertex 38.70138168334961 15.710232734680176 1.5
   vertex 38.076576232910156 13.919175148010254 0
   vertex 37.6752815246582 15.364500045776367 1.5
  endloop
 endfacet
 facet normal -0.22594607477502412 0.6705835574290852 -0.7065876193364219
  outer loop
   vertex 38.70138168334961 15.710232734680176 1.5
   vertex 39.256587982177734 14.316767692565918 0
   vertex 38.076576232910156 13.919175148010254 0
  endloop
 endfacet
 facet normal -0.297123591841925 0.642223883023326 -0.7065876132833032
  outer loop
   vertex 39.684085845947266 16.164878845214844 1.5
   vertex 39.256587982177734 14.316767692565918 0
   vertex 38.70138168334961 15.710232734680176 1.5
  endloop
 endfacet
 facet normal -0.297124263337686 0.6422238405230751 -0.7065873695445092
  outer loop
   vertex 39.684085845947266 16.164878845214844 1.5
   vertex 40.386695861816406 14.839611053466797 0
   vertex 39.256587982177734 14.316767692565918 0
  endloop
 endfacet
 facet normal -0.3648203476316539 0.6063336764354704 -0.7065872817806483
  outer loop
   vertex 40.61186981201172 16.72311019897461 1.5
   vertex 40.386695861816406 14.839611053466797 0
   vertex 39.684085845947266 16.164878845214844 1.5
  endloop
 endfacet
 facet normal -0.36481900919101184 0.6063339083098225 -0.7065877738587218
  outer loop
   vertex 40.61186981201172 16.72311019897461 1.5
   vertex 41.453651428222656 15.481576919555664 0
   vertex 40.386695861816406 14.839611053466797 0
  endloop
 endfacet
 facet normal -0.4282368175346391 0.5633355302636138 -0.7065877924578212
  outer loop
   vertex 41.47386169433594 17.378379821777344 1.5
   vertex 41.453651428222656 15.481576919555664 0
   vertex 40.61186981201172 16.72311019897461 1.5
  endloop
 endfacet
 facet normal -0.42823623750909096 0.5633356969710079 -0.7065880110801811
  outer loop
   vertex 41.47386169433594 17.378379821777344 1.5
   vertex 42.444942474365234 16.235136032104492 0
   vertex 41.453651428222656 15.481576919555664 0
  endloop
 endfacet
 facet normal -0.48663225486497874 0.5137337217917416 -0.7065880777504188
  outer loop
   vertex 42.25995635986328 18.123004913330078 1.5
   vertex 42.444942474365234 16.235136032104492 0
   vertex 41.47386169433594 17.378379821777344 1.5
  endloop
 endfacet
 facet normal -0.48663322930102954 0.5137333232941967 -0.7065876963811019
  outer loop
   vertex 42.25995635986328 18.123004913330078 1.5
   vertex 43.34894943237305 17.091455459594727 0
   vertex 42.444942474365234 16.235136032104492 0
  endloop
 endfacet
 facet normal -0.5393256281104909 0.45810664903022463 -0.7065876909326423
  outer loop
   vertex 42.25995635986328 18.123004913330078 1.5
   vertex 44.15507125854492 18.040496826171875 0
   vertex 43.34894943237305 17.091455459594727 0
  endloop
 endfacet
 facet normal -0.5393258533517706 0.45810599999310314 -0.7065879398041712
  outer loop
   vertex 42.96092987060547 18.948257446289062 1.5
   vertex 44.15507125854492 18.040496826171875 0
   vertex 42.25995635986328 18.123004913330078 1.5
  endloop
 endfacet
 facet normal -0.5856934682958683 0.3971103364782467 -0.7065879576228924
  outer loop
   vertex 42.96092987060547 18.948257446289062 1.5
   vertex 44.853858947753906 19.071130752563477 0
   vertex 44.15507125854492 18.040496826171875 0
  endloop
 endfacet
 facet normal -0.5856933040438302 0.39711105180866035 -0.706587691747911
  outer loop
   vertex 43.568572998046875 19.84446144104004 1.5
   vertex 44.853858947753906 19.071130752563477 0
   vertex 42.96092987060547 18.948257446289062 1.5
  endloop
 endfacet
 facet normal -0.6251957557216821 0.3314574922314721 -0.7065877142090843
  outer loop
   vertex 43.568572998046875 19.84446144104004 1.5
   vertex 45.43711853027344 20.171276092529297 0
   vertex 44.853858947753906 19.071130752563477 0
  endloop
 endfacet
 facet normal -0.6251956860101552 0.33145808342978667 -0.7065874985614621
  outer loop
   vertex 44.07575607299805 20.801109313964844 1.5
   vertex 45.43711853027344 20.171276092529297 0
   vertex 43.568572998046875 19.84446144104004 1.5
  endloop
 endfacet
 facet normal -0.657368145895687 0.2619184016011163 -0.7065874833765335
  outer loop
   vertex 44.07575607299805 20.801109313964844 1.5
   vertex 45.89801025390625 21.328031539916992 0
   vertex 45.43711853027344 20.171276092529297 0
  endloop
 endfacet
 facet normal -0.6573681437438861 0.26191863954535133 -0.7065873971770441
  outer loop
   vertex 44.476531982421875 21.806983947753906 1.5
   vertex 45.89801025390625 21.328031539916992 0
   vertex 44.07575607299805 20.801109313964844 1.5
  endloop
 endfacet
 facet normal -0.6818330957319787 0.18930916481109017 -0.7065873404492002
  outer loop
   vertex 44.766204833984375 22.850296020507812 1.5
   vertex 45.89801025390625 21.328031539916992 0
   vertex 44.476531982421875 21.806983947753906 1.5
  endloop
 endfacet
 facet normal -0.6818322175006601 0.18931034205082353 -0.7065878725047101
  outer loop
   vertex 44.766204833984375 22.850296020507812 1.5
   vertex 46.231136322021484 22.52783966064453 0
   vertex 45.89801025390625 21.328031539916992 0
  endloop
 endfacet
 facet normal -0.6983034126854142 0.11448108679982814 -0.7065878746462003
  outer loop
   vertex 44.766204833984375 22.850296020507812 1.5
   vertex 46.432586669921875 23.75663185119629 0
   vertex 46.231136322021484 22.52783966064453 0
  endloop
 endfacet
 facet normal -0.6983035088369308 0.11448154324297076 -0.706587705669111
  outer loop
   vertex 44.94137954711914 23.91880989074707 1.5
   vertex 46.432586669921875 23.75663185119629 0
   vertex 44.766204833984375 22.850296020507812 1.5
  endloop
 endfacet
 facet normal -0.7065876546443981 0.03831008807868138 -0.7065877323132156
  outer loop
   vertex 45 25 1.5
   vertex 46.432586669921875 23.75663185119629 0
   vertex 44.94137954711914 23.91880989074707 1.5
  endloop
 endfacet
 facet normal -0.7065876959582074 0.03830999661894371 -0.7065876959582074
  outer loop
   vertex 45 25 1.5
   vertex 46.5 25 0
   vertex 46.432586669921875 23.75663185119629 0
  endloop
 endfacet
endsolid sketchbench
