solid sketchbench
 facet normal 0 0 1
  outer loop
   vertex 54.695316647940835 2.3657458825676905 6
   vertex 55.67524067762868 0 6
   vertex 60 0 6
  endloop
 endfacet
 facet normal 0 0 1
  outer loop
   vertex 54.65755568832465 2.456908903401298 6
   vertex 60 0 6
   vertex 54.02540061401459 3.9830662573236033 6
  endloop
 endfacet
 facet normal 0 0 1
  outer loop
   vertex 54.6877644560176 2.3839784867344123 6
   vertex 60 0 6
   vertex 54.65755568832465 2.456908903401298 6
  endloop
 endfacet
 facet normal 0 0 1
  outer loop
   vertex 54.695316647940835 2.3657458825676905 6
   vertex 60 0 6
   vertex 54.6877644560176 2.3839784867344123 6
  endloop
 endfacet
 facet normal 0 0 1
  outer loop
   vertex 53.90081556807294 4.283841164904825 6
   vertex 54.02540061401459 3.9830662573236033 6
   vertex 60 0 6
  endloop
 endfacet
 facet normal 0 0 0.9999999999999999
  outer loop
   vertex 47.897777478867205 18.776457135307545 6
   vertex 53.90081556807294 4.283841164904825 6
   vertex 60 0 6
  endloop
 endfacet
 facet normal 0 0 1
  outer loop
   vertex 47.897777478867205 18.776457135307545 6
   vertex 60 0 6
   vertex 60 32.66250175340724 6
  endloop
 endfacet
 facet normal 0 0 1
  outer loop
   vertex 47.897777478867205 18.776457135307545 6
   vertex 60 32.66250175340724 6
   vertex 60 34 6
  endloop
 endfacet
 facet normal 0 0 1
  outer loop
   vertex 47.5980762113533 19.50000000000002 6
   vertex 60 34 6
   vertex 45.06208136158424 34 6
  endloop
 endfacet
 facet normal 0 0 0.9999999999999999
  outer loop
   vertex 45.06208136158424 34 6
   vertex 45.06208136158424 25.622433160420783 6
   vertex 47.5980762113533 19.50000000000002 6
  endloop
 endfacet
 facet normal 0 0 1
  outer loop
   vertex 60 34 6
   vertex 47.5980762113533 19.50000000000002 6
   vertex 47.837837225364424 18.92116570824605 6
  endloop
 endfacet
 facet normal 0 0 0.9999999999999999
  outer loop
   vertex 60 34 6
   vertex 47.837837225364424 18.92116570824605 6
   vertex 47.897777478867205 18.776457135307545 6
  endloop
 endfacet
 facet normal 0 0 1
  outer loop
   vertex 55.67524067762868 0 6
   vertex 54.695316647940835 2.3657458825676905 6
   vertex 49.76905043055308 4.5627279165082175 6
  endloop
 endfacet
 facet normal 0 0 1
  outer loop
   vertex 49.76905043055308 4.5627279165082175 6
   vertex 50.36974495657312 0 6
   vertex 55.67524067762868 0 6
  endloop
 endfacet
 facet normal 0 0 0.9999999999999999
  outer loop
   vertex 49.44319148485972 7.037872343426855 6
   vertex 49.749104686662825 4.714230882693983 6
   vertex 54.65755568832465 2.456908903401298 6
  endloop
 endfacet
 facet normal 0 0 0.9999999999999999
  outer loop
   vertex 54.65755568832465 2.456908903401298 6
   vertex 54.02540061401459 3.9830662573236033 6
   vertex 49.44319148485972 7.037872343426855 6
  endloop
 endfacet
 facet normal 0 0 1
  outer loop
   vertex 49.749104686662825 4.714230882693983 6
   vertex 49.765044835328425 4.593153432909813 6
   vertex 54.6877644560176 2.3839784867344123 6
  endloop
 endfacet
 facet normal 0 0 1
  outer loop
   vertex 54.6877644560176 2.3839784867344123 6
   vertex 54.65755568832465 2.456908903401298 6
   vertex 49.749104686662825 4.714230882693983 6
  endloop
 endfacet
 facet normal 0 0 0.9999999999999999
  outer loop
   vertex 49.765044835328425 4.593153432909813 6
   vertex 49.76905043055308 4.5627279165082175 6
   vertex 54.695316647940835 2.3657458825676905 6
  endloop
 endfacet
 facet normal 0 0 1
  outer loop
   vertex 54.695316647940835 2.3657458825676905 6
   vertex 54.6877644560176 2.3839784867344123 6
   vertex 49.765044835328425 4.593153432909813 6
  endloop
 endfacet
 facet normal 0 0 0.9999999999999999
  outer loop
   vertex 54.02540061401459 3.9830662573236033 6
   vertex 53.90081556807294 4.283841164904825 6
   vertex 49.38852480343402 7.45310701369516 6
  endloop
 endfacet
 facet normal 0 0 1
  outer loop
   vertex 49.38852480343402 7.45310701369516 6
   vertex 49.44319148485972 7.037872343426855 6
   vertex 54.02540061401459 3.9830662573236033 6
  endloop
 endfacet
 facet normal 0 0 1
  outer loop
   vertex 48.24678699689876 16.125466653339114 6
   vertex 49.38852480343402 7.45310701369516 6
   vertex 53.90081556807294 4.283841164904825 6
  endloop
 endfacet
 facet normal 0 0 1
  outer loop
   vertex 53.90081556807294 4.283841164904825 6
   vertex 47.897777478867205 18.776457135307545 6
   vertex 47.97955549577344 18.155291427061513 6
  endloop
 endfacet
 facet normal 0 0 1
  outer loop
   vertex 53.90081556807294 4.283841164904825 6
   vertex 47.97955549577344 18.155291427061513 6
   vertex 47.99999999999999 18 6
  endloop
 endfacet
 facet normal 0 0 1
  outer loop
   vertex 53.90081556807294 4.283841164904825 6
   vertex 47.99999999999999 18 6
   vertex 48.05291427061512 17.598076211353316 6
  endloop
 endfacet
 facet normal 0 0 1
  outer loop
   vertex 53.90081556807294 4.283841164904825 6
   vertex 48.05291427061512 17.598076211353316 6
   vertex 48.109698277456474 17.16675885785108 6
  endloop
 endfacet
 facet normal 0 0 1
  outer loop
   vertex 53.90081556807294 4.283841164904825 6
   vertex 48.109698277456474 17.16675885785108 6
   vertex 48.17303260747561 16.685686860131533 6
  endloop
 endfacet
 facet normal 0 0 0.9999999999999999
  outer loop
   vertex 53.90081556807294 4.283841164904825 6
   vertex 48.17303260747561 16.685686860131533 6
   vertex 48.24678699689876 16.125466653339114 6
  endloop
 endfacet
 facet normal 0 0 1
  outer loop
   vertex 45.06208136158424 25.622433160420783 6
   vertex 45.06208136158425 25.560241028849187 6
   vertex 47.50272503779458 19.62426406871193 6
  endloop
 endfacet
 facet normal 0 0 1
  outer loop
   vertex 47.50272503779458 19.62426406871193 6
   vertex 47.5980762113533 19.50000000000002 6
   vertex 45.06208136158424 25.622433160420783 6
  endloop
 endfacet
 facet normal 0 0 1
  outer loop
   vertex 45.06208136158425 23.626117483983073 6
   vertex 45.06208136158424 22.804972833613704 6
   vertex 45.54903810567667 22.170358449236303 6
  endloop
 endfacet
 facet normal 0 0 1
  outer loop
   vertex 45.97032986159122 21.621320343559645 6
   vertex 45.06208136158425 24.189163583077033 6
   vertex 45.06208136158425 23.626117483983073 6
  endloop
 endfacet
 facet normal 0 0 1
  outer loop
   vertex 45.06208136158425 23.626117483983073 6
   vertex 45.54903810567667 22.170358449236303 6
   vertex 45.97032986159122 21.621320343559645 6
  endloop
 endfacet
 facet normal 0 0 0.9999999999999999
  outer loop
   vertex 46.31431313986848 21.173032607475616 6
   vertex 45.06208136158425 24.574388294420864 6
   vertex 45.06208136158425 24.189163583077033 6
  endloop
 endfacet
 facet normal 0 0 1
  outer loop
   vertex 45.06208136158425 24.189163583077033 6
   vertex 45.97032986159122 21.621320343559645 6
   vertex 46.31431313986848 21.173032607475616 6
  endloop
 endfacet
 facet normal 0 0 1
  outer loop
   vertex 46.609698277456495 20.78807920141072 6
   vertex 45.06208136158425 24.863037017493802 6
   vertex 45.06208136158425 24.574388294420864 6
  endloop
 endfacet
 facet normal 0 0 1
  outer loop
   vertex 45.06208136158425 24.574388294420864 6
   vertex 46.31431313986848 21.173032607475616 6
   vertex 46.609698277456495 20.78807920141072 6
  endloop
 endfacet
 facet normal 0 0 1
  outer loop
   vertex 46.87453334666089 20.442939419605395 6
   vertex 45.06208136158425 25.094386870754715 6
   vertex 45.06208136158425 24.863037017493802 6
  endloop
 endfacet
 facet normal 0 0 1
  outer loop
   vertex 45.06208136158425 24.863037017493802 6
   vertex 46.609698277456495 20.78807920141072 6
   vertex 46.87453334666089 20.442939419605395 6
  endloop
 endfacet
 facet normal 0 0 1
  outer loop
   vertex 47.12132034355966 20.12132034355963 6
   vertex 45.06208136158425 25.290022955644567 6
   vertex 45.06208136158425 25.094386870754715 6
  endloop
 endfacet
 facet normal 0 0 1
  outer loop
   vertex 45.06208136158425 25.094386870754715 6
   vertex 46.87453334666089 20.442939419605395 6
   vertex 47.12132034355966 20.12132034355963 6
  endloop
 endfacet
 facet normal 0 0 1
  outer loop
   vertex 47.50272503779458 19.62426406871193 6
   vertex 45.06208136158425 25.560241028849187 6
   vertex 45.06208136158425 25.290022955644567 6
  endloop
 endfacet
 facet normal 0 0 1
  outer loop
   vertex 45.06208136158425 25.290022955644567 6
   vertex 47.12132034355966 20.12132034355963 6
   vertex 47.50272503779458 19.62426406871193 6
  endloop
 endfacet
 facet normal 0 0 1
  outer loop
   vertex 45.06208136158425 22.33999987224334 6
   vertex 45.06208136158424 21.79670339751582 6
   vertex 45.54903810567667 22.170358449236303 6
  endloop
 endfacet
 facet normal 0 0 1
  outer loop
   vertex 45.06208136158425 22.33999987224334 6
   vertex 45.54903810567667 22.170358449236303 6
   vertex 45.06208136158424 22.804972833613704 6
  endloop
 endfacet
 facet normal 0 0 1
  outer loop
   vertex 45.06208136158424 21.7290045427467 6
   vertex 45.54903810567667 22.170358449236303 6
   vertex 45.06208136158424 21.79670339751582 6
  endloop
 endfacet
 facet normal 0 0 0.9999999999999999
  outer loop
   vertex 45.06208136158424 21.702841202275252 6
   vertex 45.54903810567667 22.170358449236303 6
   vertex 45.06208136158424 21.7290045427467 6
  endloop
 endfacet
 facet normal 0 0 1
  outer loop
   vertex 45.54903810567667 22.170358449236303 6
   vertex 45.06208136158424 21.702841202275252 6
   vertex 45.06208136158424 21.245111496851738 6
  endloop
 endfacet
 facet normal 0 0 1
  outer loop
   vertex 45.06208136158424 21.245111496851738 6
   vertex 45.97032986159122 21.621320343559645 6
   vertex 45.54903810567667 22.170358449236303 6
  endloop
 endfacet
 facet normal 0 0 1
  outer loop
   vertex 45.06208136158424 21.103489021217932 6
   vertex 45.97032986159122 21.621320343559645 6
   vertex 45.06208136158424 21.245111496851738 6
  endloop
 endfacet
 facet normal 0 0 1
  outer loop
   vertex 45.06208136158424 21.039751855977013 6
   vertex 45.97032986159122 21.621320343559645 6
   vertex 45.06208136158424 21.103489021217932 6
  endloop
 endfacet
 facet normal 0 0 1
  outer loop
   vertex 45.97032986159122 21.621320343559645 6
   vertex 45.06208136158424 21.039751855977013 6
   vertex 45.06208136158424 21.00817316630619 6
  endloop
 endfacet
 facet normal 0 0 0.9999999999999999
  outer loop
   vertex 45.06208136158424 21.00817316630619 6
   vertex 46.31431313986848 21.173032607475616 6
   vertex 45.97032986159122 21.621320343559645 6
  endloop
 endfacet
 facet normal 0 0 0.9999999999999999
  outer loop
   vertex 45.621165708246046 20.918221983093765 6
   vertex 46.31431313986848 21.173032607475616 6
   vertex 45.06208136158424 21.00817316630619 6
  endloop
 endfacet
 facet normal 0 0 1
  outer loop
   vertex 45.06208136158424 21.00817316630619 6
   vertex 45.06208136158425 20.99182683369381 6
   vertex 45.621165708246046 20.918221983093765 6
  endloop
 endfacet
 facet normal 0 0 1
  outer loop
   vertex 46.31431313986848 21.173032607475616 6
   vertex 45.621165708246046 20.918221983093765 6
   vertex 45.77645713530758 20.8977774788672 6
  endloop
 endfacet
 facet normal 0 0 1
  outer loop
   vertex 45.77645713530758 20.8977774788672 6
   vertex 46.609698277456495 20.78807920141072 6
   vertex 46.31431313986848 21.173032607475616 6
  endloop
 endfacet
 facet normal 0 0 1
  outer loop
   vertex 46.609698277456495 20.78807920141072 6
   vertex 45.77645713530758 20.8977774788672 6
   vertex 46.355291427061516 20.658016464856093 6
  endloop
 endfacet
 facet normal 0 0 1
  outer loop
   vertex 46.609698277456495 20.78807920141072 6
   vertex 46.355291427061516 20.658016464856093 6
   vertex 46.49999999999997 20.59807621135333 6
  endloop
 endfacet
 facet normal 0 0 1
  outer loop
   vertex 46.49999999999997 20.59807621135333 6
   vertex 46.87453334666089 20.442939419605395 6
   vertex 46.609698277456495 20.78807920141072 6
  endloop
 endfacet
 facet normal 0 0 1
  outer loop
   vertex 46.87453334666089 20.442939419605395 6
   vertex 46.49999999999997 20.59807621135333 6
   vertex 46.997056274847715 20.216671517118378 6
  endloop
 endfacet
 facet normal 0 0 1
  outer loop
   vertex 46.997056274847715 20.216671517118378 6
   vertex 47.12132034355966 20.12132034355963 6
   vertex 46.87453334666089 20.442939419605395 6
  endloop
 endfacet
 facet normal 0 0 1
  outer loop
   vertex 45.062081361584255 6.66190932946926 6
   vertex 45.062081361584255 5.291852518340888 6
   vertex 49.23644756780273 0 6
  endloop
 endfacet
 facet normal 0 0 1
  outer loop
   vertex 49.23644756780273 0 6
   vertex 46.797591925928124 5.8879183672838415 6
   vertex 45.062081361584255 6.66190932946926 6
  endloop
 endfacet
 facet normal 0 0 1
  outer loop
   vertex 45.062081361584255 5.291852518340888 6
   vertex 45.062081361584255 0 6
   vertex 49.23644756780273 0 6
  endloop
 endfacet
 facet normal 0 0 1
  outer loop
   vertex 45.062081361584255 8.385206592888572 6
   vertex 45.06208136158425 6.869721640486066 6
   vertex 46.703611651322696 6.114806820831811 6
  endloop
 endfacet
 facet normal 0 0 1
  outer loop
   vertex 45.062081361584255 9.958612425610495 6
   vertex 45.062081361584255 8.385206592888572 6
   vertex 46.703611651322696 6.114806820831811 6
  endloop
 endfacet
 facet normal 0 0 1
  outer loop
   vertex 46.703611651322696 6.114806820831811 6
   vertex 45.13029073785161 9.913139508098926 6
   vertex 45.062081361584255 9.958612425610495 6
  endloop
 endfacet
 facet normal 0 0 1
  outer loop
   vertex 45.06208136158425 6.796621086146324 6
   vertex 45.062081361584255 6.7037081424057625 6
   vertex 46.778795871007034 5.933296057993436 6
  endloop
 endfacet
 facet normal 0 0 1
  outer loop
   vertex 45.06208136158425 6.869721640486066 6
   vertex 45.06208136158425 6.796621086146324 6
   vertex 46.778795871007034 5.933296057993436 6
  endloop
 endfacet
 facet normal 0 0 1
  outer loop
   vertex 46.778795871007034 5.933296057993436 6
   vertex 46.703611651322696 6.114806820831811 6
   vertex 45.06208136158425 6.869721640486066 6
  endloop
 endfacet
 facet normal 0 0 1
  outer loop
   vertex 45.062081361584255 6.685571275758268 6
   vertex 45.062081361584255 6.66190932946926 6
   vertex 46.797591925928124 5.8879183672838415 6
  endloop
 endfacet
 facet normal 0 0 1
  outer loop
   vertex 45.062081361584255 6.7037081424057625 6
   vertex 45.062081361584255 6.685571275758268 6
   vertex 46.797591925928124 5.8879183672838415 6
  endloop
 endfacet
 facet normal 0 0 1
  outer loop
   vertex 46.797591925928124 5.8879183672838415 6
   vertex 46.778795871007034 5.933296057993436 6
   vertex 45.062081361584255 6.7037081424057625 6
  endloop
 endfacet
 facet normal 0 0 1
  outer loop
   vertex 45.06208136158425 9.976433356204614 6
   vertex 45.13029073785161 9.913139508098926 6
   vertex 45.06208136158425 10.077811509364603 6
  endloop
 endfacet
 facet normal 0 0 1
  outer loop
   vertex 45.06208136158425 9.976433356204614 6
   vertex 45.062081361584255 9.958612425610495 6
   vertex 45.13029073785161 9.913139508098926 6
  endloop
 endfacet
 facet normal 0 0 1
  outer loop
   vertex 50.36974495657312 0 6
   vertex 49.76905043055308 4.5627279165082175 6
   vertex 46.797591925928124 5.8879183672838415 6
  endloop
 endfacet
 facet normal 0 0 1
  outer loop
   vertex 46.797591925928124 5.8879183672838415 6
   vertex 49.23644756780273 0 6
   vertex 50.36974495657312 0 6
  endloop
 endfacet
 facet normal 0 0 1
  outer loop
   vertex 45.13029073785161 9.913139508098926 6
   vertex 46.703611651322696 6.114806820831811 6
   vertex 49.749104686662825 4.714230882693983 6
  endloop
 endfacet
 facet normal 0 0 1
  outer loop
   vertex 49.749104686662825 4.714230882693983 6
   vertex 49.44319148485972 7.037872343426855 6
   vertex 45.13029073785161 9.913139508098926 6
  endloop
 endfacet
 facet normal 0 0 1
  outer loop
   vertex 46.703611651322696 6.114806820831811 6
   vertex 46.778795871007034 5.933296057993436 6
   vertex 49.765044835328425 4.593153432909813 6
  endloop
 endfacet
 facet normal 0 0 1
  outer loop
   vertex 49.765044835328425 4.593153432909813 6
   vertex 49.749104686662825 4.714230882693983 6
   vertex 46.703611651322696 6.114806820831811 6
  endloop
 endfacet
 facet normal 0 0 1
  outer loop
   vertex 46.778795871007034 5.933296057993436 6
   vertex 46.797591925928124 5.8879183672838415 6
   vertex 49.76905043055308 4.5627279165082175 6
  endloop
 endfacet
 facet normal 0 0 1
  outer loop
   vertex 49.76905043055308 4.5627279165082175 6
   vertex 49.765044835328425 4.593153432909813 6
   vertex 46.778795871007034 5.933296057993436 6
  endloop
 endfacet
 facet normal 0 0 1
  outer loop
   vertex 45.06208136158425 10.491840588763118 6
   vertex 45.06208136158425 10.472125466245908 6
   vertex 49.44319148485972 7.037872343426855 6
  endloop
 endfacet
 facet normal 0 0 1
  outer loop
   vertex 49.44319148485972 7.037872343426855 6
   vertex 49.38852480343402 7.45310701369516 6
   vertex 45.06208136158425 10.491840588763118 6
  endloop
 endfacet
 facet normal 0 0 1
  outer loop
   vertex 49.44319148485972 7.037872343426855 6
   vertex 45.06208136158425 10.472125466245908 6
   vertex 45.06208136158425 10.077811509364603 6
  endloop
 endfacet
 facet normal 0 0 1
  outer loop
   vertex 45.06208136158425 10.077811509364603 6
   vertex 45.13029073785161 9.913139508098926 6
   vertex 49.44319148485972 7.037872343426855 6
  endloop
 endfacet
 facet normal 0 0 0.9999999999999999
  outer loop
   vertex 45.062081361584255 11.784850648574452 6
   vertex 45.776457135307574 15.102222521132797 6
   vertex 45.06208136158425 14.806318387025824 6
  endloop
 endfacet
 facet normal 0 0 1
  outer loop
   vertex 49.38852480343402 7.45310701369516 6
   vertex 45.776457135307574 15.102222521132797 6
   vertex 45.062081361584255 11.784850648574452 6
  endloop
 endfacet
 facet normal 0 0 1
  outer loop
   vertex 45.062081361584255 11.784850648574452 6
   vertex 45.06208136158425 10.491840588763118 6
   vertex 49.38852480343402 7.45310701369516 6
  endloop
 endfacet
 facet normal 0 0 1
  outer loop
   vertex 49.38852480343402 7.45310701369516 6
   vertex 48.24678699689876 16.125466653339114 6
   vertex 46.499999999999986 15.401923788646675 6
  endloop
 endfacet
 facet normal 0 0 1
  outer loop
   vertex 49.38852480343402 7.45310701369516 6
   vertex 46.499999999999986 15.401923788646675 6
   vertex 45.92116570824605 15.162162774635572 6
  endloop
 endfacet
 facet normal 0 0 1
  outer loop
   vertex 49.38852480343402 7.45310701369516 6
   vertex 45.92116570824605 15.162162774635572 6
   vertex 45.776457135307574 15.102222521132797 6
  endloop
 endfacet
 facet normal 0 0 1
  outer loop
   vertex 45.15529142706151 15.020444504226559 6
   vertex 45.06208136158425 14.972566469919581 6
   vertex 45.06208136158425 14.806318387025824 6
  endloop
 endfacet
 facet normal 0 0 1
  outer loop
   vertex 45.06208136158425 14.806318387025824 6
   vertex 45.776457135307574 15.102222521132797 6
   vertex 45.15529142706151 15.020444504226559 6
  endloop
 endfacet
 facet normal 0 0 0.9999999999999999
  outer loop
   vertex 45.06208136158425 14.972566469919581 6
   vertex 45.15529142706151 15.020444504226559 6
   vertex 45.062081361584255 15.008173166306193 6
  endloop
 endfacet
 facet normal 0 0 1
  outer loop
   vertex 46.62426406871193 15.497274962205418 6
   vertex 46.499999999999986 15.401923788646675 6
   vertex 48.24678699689876 16.125466653339114 6
  endloop
 endfacet
 facet normal 0 0 1
  outer loop
   vertex 48.24678699689876 16.125466653339114 6
   vertex 48.17303260747561 16.685686860131533 6
   vertex 47.12132034355965 15.878679656440367 6
  endloop
 endfacet
 facet normal 0 0 1
  outer loop
   vertex 48.24678699689876 16.125466653339114 6
   vertex 47.12132034355965 15.878679656440367 6
   vertex 46.62426406871193 15.497274962205418 6
  endloop
 endfacet
 facet normal 0 0 1
  outer loop
   vertex 47.21667151711838 16.002943725152285 6
   vertex 47.12132034355965 15.878679656440367 6
   vertex 48.17303260747561 16.685686860131533 6
  endloop
 endfacet
 facet normal 0 0 1
  outer loop
   vertex 48.17303260747561 16.685686860131533 6
   vertex 48.109698277456474 17.16675885785108 6
   vertex 47.59807621135331 16.49999999999999 6
  endloop
 endfacet
 facet normal 0 0 1
  outer loop
   vertex 48.17303260747561 16.685686860131533 6
   vertex 47.59807621135331 16.49999999999999 6
   vertex 47.21667151711838 16.002943725152285 6
  endloop
 endfacet
 facet normal 0 0 1
  outer loop
   vertex 47.65801646485609 16.644708572938487 6
   vertex 47.59807621135331 16.49999999999999 6
   vertex 48.109698277456474 17.16675885785108 6
  endloop
 endfacet
 facet normal 0 0 1
  outer loop
   vertex 48.109698277456474 17.16675885785108 6
   vertex 48.05291427061512 17.598076211353316 6
   vertex 47.89777747886721 17.223542864692465 6
  endloop
 endfacet
 facet normal 0 0 1
  outer loop
   vertex 48.109698277456474 17.16675885785108 6
   vertex 47.89777747886721 17.223542864692465 6
   vertex 47.65801646485609 16.644708572938487 6
  endloop
 endfacet
 facet normal 0 0 1
  outer loop
   vertex 47.918221983093765 17.37883429175395 6
   vertex 47.89777747886721 17.223542864692465 6
   vertex 48.05291427061512 17.598076211353316 6
  endloop
 endfacet
 facet normal 0 0 1
  outer loop
   vertex 48.05291427061512 17.598076211353316 6
   vertex 47.99999999999999 18 6
   vertex 47.918221983093765 17.37883429175395 6
  endloop
 endfacet
 facet normal 0 0 1
  outer loop
   vertex 45.06208136158424 34 6
   vertex 41.591979556943414 34 6
   vertex 45.06208136158424 25.622433160420783 6
  endloop
 endfacet
 facet normal 0 0 1
  outer loop
   vertex 45.06208136158425 25.560241028849187 6
   vertex 45.06208136158424 25.622433160420783 6
   vertex 41.591979556943414 34 6
  endloop
 endfacet
 facet normal 0 0 1
  outer loop
   vertex 45.06208136158424 22.804972833613704 6
   vertex 45.06208136158425 23.626117483983073 6
   vertex 41.591979556943414 34 6
  endloop
 endfacet
 facet normal 0 0 1
  outer loop
   vertex 45.06208136158424 22.804972833613704 6
   vertex 41.591979556943414 34 6
   vertex 37.42296493727233 34 6
  endloop
 endfacet
 facet normal 0 0 1
  outer loop
   vertex 37.42296493727233 34 6
   vertex 37.42296493727233 32.760463183865006 6
   vertex 45.06208136158424 22.804972833613704 6
  endloop
 endfacet
 facet normal 0 0 1
  outer loop
   vertex 45.06208136158425 24.189163583077033 6
   vertex 41.591979556943414 34 6
   vertex 45.06208136158425 23.626117483983073 6
  endloop
 endfacet
 facet normal 0 0 1
  outer loop
   vertex 45.06208136158425 24.574388294420864 6
   vertex 41.591979556943414 34 6
   vertex 45.06208136158425 24.189163583077033 6
  endloop
 endfacet
 facet normal 0 0 1
  outer loop
   vertex 45.06208136158425 24.863037017493802 6
   vertex 41.591979556943414 34 6
   vertex 45.06208136158425 24.574388294420864 6
  endloop
 endfacet
 facet normal 0 0 0.9999999999999999
  outer loop
   vertex 45.06208136158425 25.094386870754715 6
   vertex 41.591979556943414 34 6
   vertex 45.06208136158425 24.863037017493802 6
  endloop
 endfacet
 facet normal 0 0 1
  outer loop
   vertex 45.06208136158425 25.290022955644567 6
   vertex 41.591979556943414 34 6
   vertex 45.06208136158425 25.094386870754715 6
  endloop
 endfacet
 facet normal 0 0 1
  outer loop
   vertex 45.06208136158425 25.560241028849187 6
   vertex 41.591979556943414 34 6
   vertex 45.06208136158425 25.290022955644567 6
  endloop
 endfacet
 facet normal 0 0 1
  outer loop
   vertex 37.422964937272326 22.541457866643352 6
   vertex 37.422964937272326 15.935003200827982 6
   vertex 42.87867965644035 20.12132034355964 6
  endloop
 endfacet
 facet normal 0 0 1
  outer loop
   vertex 43.37573593128807 20.502725037794583 6
   vertex 37.422964937272326 23.03062595507337 6
   vertex 37.422964937272326 22.541457866643352 6
  endloop
 endfacet
 facet normal 0 0 1
  outer loop
   vertex 37.422964937272326 22.541457866643352 6
   vertex 42.87867965644035 20.12132034355964 6
   vertex 43.37573593128807 20.502725037794583 6
  endloop
 endfacet
 facet normal 0 0 1
  outer loop
   vertex 43.5 20.598076211353316 6
   vertex 37.422964937272326 23.150536678681767 6
   vertex 37.422964937272326 23.03062595507337 6
  endloop
 endfacet
 facet normal 0 0 0.9999999999999999
  outer loop
   vertex 37.422964937272326 23.03062595507337 6
   vertex 43.37573593128807 20.502725037794583 6
   vertex 43.5 20.598076211353316 6
  endloop
 endfacet
 facet normal 0 0 1
  outer loop
   vertex 45.06208136158424 21.79670339751582 6
   vertex 45.06208136158425 22.33999987224334 6
   vertex 37.422964937272326 25.00124359965485 6
  endloop
 endfacet
 facet normal 0 0 1
  outer loop
   vertex 45.06208136158424 21.79670339751582 6
   vertex 37.422964937272326 25.00124359965485 6
   vertex 37.422964937272326 23.150536678681767 6
  endloop
 endfacet
 facet normal 0 0 1
  outer loop
   vertex 37.422964937272326 23.150536678681767 6
   vertex 43.5 20.598076211353316 6
   vertex 45.06208136158424 21.79670339751582 6
  endloop
 endfacet
 facet normal 0 0 1
  outer loop
   vertex 37.42296493727233 31 6
   vertex 37.422964937272326 25.00124359965485 6
   vertex 45.06208136158425 22.33999987224334 6
  endloop
 endfacet
 facet normal 0 0 1
  outer loop
   vertex 37.42296493727233 31 6
   vertex 45.06208136158425 22.33999987224334 6
   vertex 45.06208136158424 22.804972833613704 6
  endloop
 endfacet
 facet normal 0 0 1
  outer loop
   vertex 45.06208136158424 22.804972833613704 6
   vertex 37.42296493727233 32.760463183865006 6
   vertex 37.42296493727233 31 6
  endloop
 endfacet
 facet normal 0 0 1
  outer loop
   vertex 44.07883429175395 20.837837225364428 6
   vertex 45.06208136158424 21.7290045427467 6
   vertex 45.06208136158424 21.79670339751582 6
  endloop
 endfacet
 facet normal 0 0 1
  outer loop
   vertex 45.06208136158424 21.79670339751582 6
   vertex 43.5 20.598076211353316 6
   vertex 44.07883429175395 20.837837225364428 6
  endloop
 endfacet
 facet normal 0 0 1
  outer loop
   vertex 44.22354286469244 20.897777478867205 6
   vertex 45.06208136158424 21.702841202275252 6
   vertex 45.06208136158424 21.7290045427467 6
  endloop
 endfacet
 facet normal 0 0 1
  outer loop
   vertex 45.06208136158424 21.7290045427467 6
   vertex 44.07883429175395 20.837837225364428 6
   vertex 44.22354286469244 20.897777478867205 6
  endloop
 endfacet
 facet normal 0 0 1
  outer loop
   vertex 45.06208136158424 21.702841202275252 6
   vertex 44.22354286469244 20.897777478867205 6
   vertex 45.06208136158424 21.245111496851738 6
  endloop
 endfacet
 facet normal 0 0 1
  outer loop
   vertex 37.422964937272326 13.011294494556605 6
   vertex 38.458586267280936 14.360942488479381 6
   vertex 37.42296493727233 15.051356708485118 6
  endloop
 endfacet
 facet normal 0 0 1
  outer loop
   vertex 37.42296493727233 15.857272929301216 6
   vertex 37.422964937272326 15.819911012913845 6
   vertex 38.458586267280936 14.360942488479381 6
  endloop
 endfacet
 facet normal 0 0 1
  outer loop
   vertex 38.458586267280936 14.360942488479381 6
   vertex 38.84198917248795 14.860602882566196 6
   vertex 37.42296493727233 15.857272929301216 6
  endloop
 endfacet
 facet normal 0 0 1
  outer loop
   vertex 37.422964937272326 15.819911012913845 6
   vertex 37.42296493727233 15.051356708485118 6
   vertex 38.458586267280936 14.360942488479381 6
  endloop
 endfacet
 facet normal 0 0 1
  outer loop
   vertex 37.422964937272326 15.935003200827982 6
   vertex 37.42296493727233 15.934503954735007 6
   vertex 42.78332848288162 19.997056274847715 6
  endloop
 endfacet
 facet normal 0 0 1
  outer loop
   vertex 42.78332848288162 19.997056274847715 6
   vertex 42.87867965644035 20.12132034355964 6
   vertex 37.422964937272326 15.935003200827982 6
  endloop
 endfacet
 facet normal 0 0 1
  outer loop
   vertex 42.40192378864669 19.50000000000001 6
   vertex 37.42296493727233 15.93231776073953 6
   vertex 37.42296493727233 15.857272929301216 6
  endloop
 endfacet
 facet normal 0 0 1
  outer loop
   vertex 37.42296493727233 15.857272929301216 6
   vertex 38.84198917248795 14.860602882566196 6
   vertex 42.40192378864669 19.50000000000001 6
  endloop
 endfacet
 facet normal 0 0 1
  outer loop
   vertex 42.78332848288162 19.997056274847715 6
   vertex 37.42296493727233 15.934503954735007 6
   vertex 37.42296493727233 15.93231776073953 6
  endloop
 endfacet
 facet normal 0 0 1
  outer loop
   vertex 37.42296493727233 15.93231776073953 6
   vertex 42.40192378864669 19.50000000000001 6
   vertex 42.78332848288162 19.997056274847715 6
  endloop
 endfacet
 facet normal 0 0 0.9999999999999999
  outer loop
   vertex 44.84470857293849 20.97955549577344 6
   vertex 45.06208136158424 21.103489021217932 6
   vertex 45.06208136158424 21.245111496851738 6
  endloop
 endfacet
 facet normal 0 0 1
  outer loop
   vertex 45.06208136158424 21.245111496851738 6
   vertex 44.22354286469244 20.897777478867205 6
   vertex 44.84470857293849 20.97955549577344 6
  endloop
 endfacet
 facet normal 0 0 1
  outer loop
   vertex 45.00000000000001 21 6
   vertex 45.06208136158424 21.039751855977013 6
   vertex 45.06208136158424 21.103489021217932 6
  endloop
 endfacet
 facet normal 0 0 0.9999999999999999
  outer loop
   vertex 45.06208136158424 21.103489021217932 6
   vertex 44.84470857293849 20.97955549577344 6
   vertex 45.00000000000001 21 6
  endloop
 endfacet
 facet normal 0 0 1
  outer loop
   vertex 45.06208136158424 21.039751855977013 6
   vertex 45.00000000000001 21 6
   vertex 45.06208136158424 21.00817316630619 6
  endloop
 endfacet
 facet normal 0 0 1
  outer loop
   vertex 37.42296493727233 7.479730014514478 6
   vertex 38.32815743139261 9.665058010377978 6
   vertex 37.422964937272326 10.068749479552093 6
  endloop
 endfacet
 facet normal 0 0 1
  outer loop
   vertex 38.4330574084444 9.918308957669039 6
   vertex 38.458586267280936 14.360942488479381 6
   vertex 37.422964937272326 13.011294494556605 6
  endloop
 endfacet
 facet normal 0 0 1
  outer loop
   vertex 37.422964937272326 13.011294494556605 6
   vertex 37.422964937272326 10.382835126010704 6
   vertex 38.4330574084444 9.918308957669039 6
  endloop
 endfacet
 facet normal 0 0 1
  outer loop
   vertex 38.4330574084444 9.918308957669039 6
   vertex 39.880582933130135 13.412944711246581 6
   vertex 38.458586267280936 14.360942488479381 6
  endloop
 endfacet
 facet normal 0 0 0.9999999999999999
  outer loop
   vertex 37.422964937272326 10.234434089174808 6
   vertex 37.42296493727233 10.13192382720324 6
   vertex 38.34933863594749 9.716193961681771 6
  endloop
 endfacet
 facet normal 0 0 1
  outer loop
   vertex 37.422964937272326 10.382835126010704 6
   vertex 37.422964937272326 10.234434089174808 6
   vertex 38.34933863594749 9.716193961681771 6
  endloop
 endfacet
 facet normal 0 0 0.9999999999999999
  outer loop
   vertex 38.34933863594749 9.716193961681771 6
   vertex 38.4330574084444 9.918308957669039 6
   vertex 37.422964937272326 10.382835126010704 6
  endloop
 endfacet
 facet normal 0 0 0.9999999999999999
  outer loop
   vertex 37.422964937272326 10.09281992941599 6
   vertex 37.422964937272326 10.068749479552093 6
   vertex 38.32815743139261 9.665058010377978 6
  endloop
 endfacet
 facet normal 0 0 1
  outer loop
   vertex 37.42296493727233 10.13192382720324 6
   vertex 37.422964937272326 10.09281992941599 6
   vertex 38.32815743139261 9.665058010377978 6
  endloop
 endfacet
 facet normal 0 0 1
  outer loop
   vertex 38.32815743139261 9.665058010377978 6
   vertex 38.34933863594749 9.716193961681771 6
   vertex 37.42296493727233 10.13192382720324 6
  endloop
 endfacet
 facet normal 0 0 0.9999999999999999
  outer loop
   vertex 39.880582933130135 13.412944711246581 6
   vertex 40.111024378092054 13.969279573006482 6
   vertex 38.84198917248795 14.860602882566196 6
  endloop
 endfacet
 facet normal 0 0 1
  outer loop
   vertex 38.84198917248795 14.860602882566196 6
   vertex 38.458586267280936 14.360942488479381 6
   vertex 39.880582933130135 13.412944711246581 6
  endloop
 endfacet
 facet normal 0 0 1
  outer loop
   vertex 42.34198353514391 19.355291427061513 6
   vertex 42.40192378864669 19.50000000000001 6
   vertex 38.84198917248795 14.860602882566196 6
  endloop
 endfacet
 facet normal 0 0 1
  outer loop
   vertex 38.84198917248795 14.860602882566196 6
   vertex 40.111024378092054 13.969279573006482 6
   vertex 42.10222252113279 18.77645713530754 6
  endloop
 endfacet
 facet normal 0 0 0.9999999999999999
  outer loop
   vertex 38.84198917248795 14.860602882566196 6
   vertex 42.10222252113279 18.77645713530754 6
   vertex 42.34198353514391 19.355291427061513 6
  endloop
 endfacet
 facet normal 0 0 1
  outer loop
   vertex 45.06208136158424 21.00817316630619 6
   vertex 45.00000000000001 21 6
   vertex 45.06208136158425 20.99182683369381 6
  endloop
 endfacet
 facet normal 0 0 1
  outer loop
   vertex 39.63025504342687 0 6
   vertex 40.75990758592119 8.580562945601647 6
   vertex 38.32815743139261 9.665058010377978 6
  endloop
 endfacet
 facet normal 0 0 1
  outer loop
   vertex 39.63025504342687 0 6
   vertex 38.32815743139261 9.665058010377978 6
   vertex 37.42296493727233 7.479730014514478 6
  endloop
 endfacet
 facet normal 0 0 1
  outer loop
   vertex 37.42296493727233 7.479730014514478 6
   vertex 37.422964937272326 0 6
   vertex 39.63025504342687 0 6
  endloop
 endfacet
 facet normal 0 0 1
  outer loop
   vertex 39.880582933130135 13.412944711246581 6
   vertex 38.4330574084444 9.918308957669039 6
   vertex 40.79313437275847 8.832945448373572 6
  endloop
 endfacet
 facet normal 0 0 1
  outer loop
   vertex 40.79313437275847 8.832945448373572 6
   vertex 41.27382057145223 12.484119619031855 6
   vertex 39.880582933130135 13.412944711246581 6
  endloop
 endfacet
 facet normal 0 0 1
  outer loop
   vertex 38.4330574084444 9.918308957669039 6
   vertex 38.34933863594749 9.716193961681771 6
   vertex 40.76659996584958 8.631396617966569 6
  endloop
 endfacet
 facet normal 0 0 1
  outer loop
   vertex 40.76659996584958 8.631396617966569 6
   vertex 40.79313437275847 8.832945448373572 6
   vertex 38.4330574084444 9.918308957669039 6
  endloop
 endfacet
 facet normal 0 0 1
  outer loop
   vertex 38.34933863594749 9.716193961681771 6
   vertex 38.32815743139261 9.665058010377978 6
   vertex 40.75990758592119 8.580562945601647 6
  endloop
 endfacet
 facet normal 0 0 1
  outer loop
   vertex 40.75990758592119 8.580562945601647 6
   vertex 40.76659996584958 8.631396617966569 6
   vertex 38.34933863594749 9.716193961681771 6
  endloop
 endfacet
 facet normal 0 0 1
  outer loop
   vertex 41.27382057145223 12.484119619031855 6
   vertex 41.35437559199297 13.095995747604885 6
   vertex 40.111024378092054 13.969279573006482 6
  endloop
 endfacet
 facet normal 0 0 1
  outer loop
   vertex 40.111024378092054 13.969279573006482 6
   vertex 39.880582933130135 13.412944711246581 6
   vertex 41.27382057145223 12.484119619031855 6
  endloop
 endfacet
 facet normal 0 0 0.9999999999999999
  outer loop
   vertex 42.081778016906235 18.62116570824605 6
   vertex 42.10222252113279 18.77645713530754 6
   vertex 40.111024378092054 13.969279573006482 6
  endloop
 endfacet
 facet normal 0 0 0.9999999999999999
  outer loop
   vertex 40.111024378092054 13.969279573006482 6
   vertex 41.35437559199297 13.095995747604885 6
   vertex 41.99999999999999 17.999999999999986 6
  endloop
 endfacet
 facet normal 0 0 1
  outer loop
   vertex 40.111024378092054 13.969279573006482 6
   vertex 41.99999999999999 17.999999999999986 6
   vertex 42.081778016906235 18.62116570824605 6
  endloop
 endfacet
 facet normal 0 0 1
  outer loop
   vertex 44.36974495657313 0 6
   vertex 43.3947958402159 7.405473760268091 6
   vertex 40.75990758592119 8.580562945601647 6
  endloop
 endfacet
 facet normal 0 0 1
  outer loop
   vertex 40.75990758592119 8.580562945601647 6
   vertex 39.63025504342687 0 6
   vertex 44.36974495657313 0 6
  endloop
 endfacet
 facet normal 0 0 1
  outer loop
   vertex 41.27382057145223 12.484119619031855 6
   vertex 40.79313437275847 8.832945448373572 6
   vertex 43.3624231706833 7.651368598010263 6
  endloop
 endfacet
 facet normal 0 0 1
  outer loop
   vertex 43.3624231706833 7.651368598010263 6
   vertex 42.865914890915825 11.42272340605612 6
   vertex 41.27382057145223 12.484119619031855 6
  endloop
 endfacet
 facet normal 0 0 1
  outer loop
   vertex 40.79313437275847 8.832945448373572 6
   vertex 40.76659996584958 8.631396617966569 6
   vertex 43.38829461312693 7.454855482666965 6
  endloop
 endfacet
 facet normal 0 0 1
  outer loop
   vertex 43.38829461312693 7.454855482666965 6
   vertex 43.3624231706833 7.651368598010263 6
   vertex 40.79313437275847 8.832945448373572 6
  endloop
 endfacet
 facet normal 0 0 1
  outer loop
   vertex 40.76659996584958 8.631396617966569 6
   vertex 40.75990758592119 8.580562945601647 6
   vertex 43.3947958402159 7.405473760268091 6
  endloop
 endfacet
 facet normal 0 0 1
  outer loop
   vertex 43.3947958402159 7.405473760268091 6
   vertex 43.38829461312693 7.454855482666965 6
   vertex 40.76659996584958 8.631396617966569 6
  endloop
 endfacet
 facet normal 0 0 1
  outer loop
   vertex 42.865914890915825 11.42272340605612 6
   vertex 42.777188873878025 12.096664414876722 6
   vertex 41.35437559199297 13.095995747604885 6
  endloop
 endfacet
 facet normal 0 0 1
  outer loop
   vertex 41.35437559199297 13.095995747604885 6
   vertex 41.27382057145223 12.484119619031855 6
   vertex 42.865914890915825 11.42272340605612 6
  endloop
 endfacet
 facet normal 0 0 1
  outer loop
   vertex 42.02044450422656 17.844708572938487 6
   vertex 41.99999999999999 17.999999999999986 6
   vertex 41.35437559199297 13.095995747604885 6
  endloop
 endfacet
 facet normal 0 0 1
  outer loop
   vertex 41.35437559199297 13.095995747604885 6
   vertex 42.777188873878025 12.096664414876722 6
   vertex 42.10222252113278 17.223542864692487 6
  endloop
 endfacet
 facet normal 0 0 1
  outer loop
   vertex 41.35437559199297 13.095995747604885 6
   vertex 42.10222252113278 17.223542864692487 6
   vertex 42.02044450422656 17.844708572938487 6
  endloop
 endfacet
 facet normal 0 0 1
  outer loop
   vertex 45.062081361584255 5.291852518340888 6
   vertex 45.062081361584255 6.66190932946926 6
   vertex 43.3947958402159 7.405473760268091 6
  endloop
 endfacet
 facet normal 0 0 1
  outer loop
   vertex 45.062081361584255 0 6
   vertex 45.062081361584255 5.291852518340888 6
   vertex 43.3947958402159 7.405473760268091 6
  endloop
 endfacet
 facet normal 0 0 1
  outer loop
   vertex 43.3947958402159 7.405473760268091 6
   vertex 44.36974495657313 0 6
   vertex 45.062081361584255 0 6
  endloop
 endfacet
 facet normal 0 0 1
  outer loop
   vertex 45.06208136158425 6.869721640486066 6
   vertex 45.062081361584255 8.385206592888572 6
   vertex 42.865914890915825 11.42272340605612 6
  endloop
 endfacet
 facet normal 0 0 1
  outer loop
   vertex 42.865914890915825 11.42272340605612 6
   vertex 43.3624231706833 7.651368598010263 6
   vertex 45.06208136158425 6.869721640486066 6
  endloop
 endfacet
 facet normal 0 0 1
  outer loop
   vertex 45.062081361584255 8.385206592888572 6
   vertex 45.062081361584255 9.958612425610495 6
   vertex 42.865914890915825 11.42272340605612 6
  endloop
 endfacet
 facet normal 0 0 1
  outer loop
   vertex 45.062081361584255 6.7037081424057625 6
   vertex 45.06208136158425 6.796621086146324 6
   vertex 43.3624231706833 7.651368598010263 6
  endloop
 endfacet
 facet normal 0 0 1
  outer loop
   vertex 43.3624231706833 7.651368598010263 6
   vertex 43.38829461312693 7.454855482666965 6
   vertex 45.062081361584255 6.7037081424057625 6
  endloop
 endfacet
 facet normal 0 0 1
  outer loop
   vertex 45.06208136158425 6.796621086146324 6
   vertex 45.06208136158425 6.869721640486066 6
   vertex 43.3624231706833 7.651368598010263 6
  endloop
 endfacet
 facet normal 0 0 1
  outer loop
   vertex 45.062081361584255 6.66190932946926 6
   vertex 45.062081361584255 6.685571275758268 6
   vertex 43.38829461312693 7.454855482666965 6
  endloop
 endfacet
 facet normal 0 0 0.9999999999999999
  outer loop
   vertex 43.38829461312693 7.454855482666965 6
   vertex 43.3947958402159 7.405473760268091 6
   vertex 45.062081361584255 6.66190932946926 6
  endloop
 endfacet
 facet normal 0 0 1
  outer loop
   vertex 45.062081361584255 6.685571275758268 6
   vertex 45.062081361584255 6.7037081424057625 6
   vertex 43.38829461312693 7.454855482666965 6
  endloop
 endfacet
 facet normal 0 0 1
  outer loop
   vertex 42.777188873878025 12.096664414876722 6
   vertex 45.06208136158425 9.976433356204614 6
   vertex 45.06208136158425 10.077811509364603 6
  endloop
 endfacet
 facet normal 0 0 1
  outer loop
   vertex 45.06208136158425 10.077811509364603 6
   vertex 44.82022084163241 10.661714456834952 6
   vertex 42.777188873878025 12.096664414876722 6
  endloop
 endfacet
 facet normal 0 0 1
  outer loop
   vertex 45.062081361584255 9.958612425610495 6
   vertex 45.06208136158425 9.976433356204614 6
   vertex 42.777188873878025 12.096664414876722 6
  endloop
 endfacet
 facet normal 0 0 0.9999999999999999
  outer loop
   vertex 42.777188873878025 12.096664414876722 6
   vertex 42.865914890915825 11.42272340605612 6
   vertex 45.062081361584255 9.958612425610495 6
  endloop
 endfacet
 facet normal 0 0 0.9999999999999999
  outer loop
   vertex 42.162162774635576 17.078834291753953 6
   vertex 42.10222252113278 17.223542864692487 6
   vertex 42.777188873878025 12.096664414876722 6
  endloop
 endfacet
 facet normal 0 0 1
  outer loop
   vertex 42.777188873878025 12.096664414876722 6
   vertex 44.82022084163241 10.661714456834952 6
   vertex 43.39030172254352 14.11384458723596 6
  endloop
 endfacet
 facet normal 0 0 0.9999999999999999
  outer loop
   vertex 42.777188873878025 12.096664414876722 6
   vertex 43.39030172254352 14.11384458723596 6
   vertex 43.125466653339124 14.753213003101235 6
  endloop
 endfacet
 facet normal 0 0 1
  outer loop
   vertex 42.777188873878025 12.096664414876722 6
   vertex 43.125466653339124 14.753213003101235 6
   vertex 42.90922972482397 15.275255128608409 6
  endloop
 endfacet
 facet normal 0 0 1
  outer loop
   vertex 42.777188873878025 12.096664414876722 6
   vertex 42.90922972482397 15.275255128608409 6
   vertex 42.72354286469244 15.723542864692433 6
  endloop
 endfacet
 facet normal 0 0 1
  outer loop
   vertex 42.777188873878025 12.096664414876722 6
   vertex 42.72354286469244 15.723542864692433 6
   vertex 42.55706058039461 16.125466653339114 6
  endloop
 endfacet
 facet normal 0 0 1
  outer loop
   vertex 42.777188873878025 12.096664414876722 6
   vertex 42.55706058039461 16.125466653339114 6
   vertex 42.40192378864669 16.49999999999999 6
  endloop
 endfacet
 facet normal 0 0 1
  outer loop
   vertex 42.777188873878025 12.096664414876722 6
   vertex 42.40192378864669 16.49999999999999 6
   vertex 42.162162774635576 17.078834291753953 6
  endloop
 endfacet
 facet normal 0 0 1
  outer loop
   vertex 45.06208136158425 10.472125466245908 6
   vertex 45.06208136158425 10.491840588763118 6
   vertex 44.82022084163241 10.661714456834952 6
  endloop
 endfacet
 facet normal 0 0 1
  outer loop
   vertex 45.06208136158425 10.472125466245908 6
   vertex 44.82022084163241 10.661714456834952 6
   vertex 45.06208136158425 10.077811509364603 6
  endloop
 endfacet
 facet normal 0 0 1
  outer loop
   vertex 44.82022084163241 10.661714456834952 6
   vertex 45.062081361584255 11.784850648574452 6
   vertex 45.06208136158425 14.806318387025824 6
  endloop
 endfacet
 facet normal 0 0 1
  outer loop
   vertex 45.06208136158425 14.806318387025824 6
   vertex 43.39030172254352 14.11384458723596 6
   vertex 44.82022084163241 10.661714456834952 6
  endloop
 endfacet
 facet normal 0 0 0.9999999999999999
  outer loop
   vertex 45.062081361584255 11.784850648574452 6
   vertex 44.82022084163241 10.661714456834952 6
   vertex 45.06208136158425 10.491840588763118 6
  endloop
 endfacet
 facet normal 0 0 1
  outer loop
   vertex 45 15 6
   vertex 43.125466653339124 14.753213003101235 6
   vertex 43.39030172254352 14.11384458723596 6
  endloop
 endfacet
 facet normal 0 0 1
  outer loop
   vertex 45.06208136158425 14.972566469919581 6
   vertex 43.39030172254352 14.11384458723596 6
   vertex 45.06208136158425 14.806318387025824 6
  endloop
 endfacet
 facet normal 0 0 1
  outer loop
   vertex 45 15 6
   vertex 43.39030172254352 14.11384458723596 6
   vertex 45.06208136158425 14.972566469919581 6
  endloop
 endfacet
 facet normal 0 0 1
  outer loop
   vertex 45.06208136158425 14.972566469919581 6
   vertex 45.062081361584255 15.008173166306193 6
   vertex 45 15 6
  endloop
 endfacet
 facet normal 0 0 0.9999999999999999
  outer loop
   vertex 44.22354286469243 15.102222521132795 6
   vertex 42.90922972482397 15.275255128608409 6
   vertex 43.125466653339124 14.753213003101235 6
  endloop
 endfacet
 facet normal 0 0 1
  outer loop
   vertex 43.125466653339124 14.753213003101235 6
   vertex 45 15 6
   vertex 44.378834291753954 15.081778016906236 6
  endloop
 endfacet
 facet normal 0 0 0.9999999999999999
  outer loop
   vertex 43.125466653339124 14.753213003101235 6
   vertex 44.378834291753954 15.081778016906236 6
   vertex 44.22354286469243 15.102222521132795 6
  endloop
 endfacet
 facet normal 0 0 1
  outer loop
   vertex 43.50000000000002 15.401923788646673 6
   vertex 42.72354286469244 15.723542864692433 6
   vertex 42.90922972482397 15.275255128608409 6
  endloop
 endfacet
 facet normal 0 0 1
  outer loop
   vertex 42.90922972482397 15.275255128608409 6
   vertex 44.22354286469243 15.102222521132795 6
   vertex 43.644708572938484 15.341983535143907 6
  endloop
 endfacet
 facet normal 0 0 1
  outer loop
   vertex 42.90922972482397 15.275255128608409 6
   vertex 43.644708572938484 15.341983535143907 6
   vertex 43.50000000000002 15.401923788646673 6
  endloop
 endfacet
 facet normal 0 0 0.9999999999999999
  outer loop
   vertex 42.87867965644035 15.878679656440365 6
   vertex 42.55706058039461 16.125466653339114 6
   vertex 42.72354286469244 15.723542864692433 6
  endloop
 endfacet
 facet normal 0 0 1
  outer loop
   vertex 42.72354286469244 15.723542864692433 6
   vertex 43.50000000000002 15.401923788646673 6
   vertex 43.002943725152285 15.783328482881624 6
  endloop
 endfacet
 facet normal 0 0 1
  outer loop
   vertex 42.72354286469244 15.723542864692433 6
   vertex 43.002943725152285 15.783328482881624 6
   vertex 42.87867965644035 15.878679656440365 6
  endloop
 endfacet
 facet normal 0 0 1
  outer loop
   vertex 42.49727496220542 16.37573593128807 6
   vertex 42.40192378864669 16.49999999999999 6
   vertex 42.55706058039461 16.125466653339114 6
  endloop
 endfacet
 facet normal 0 0 1
  outer loop
   vertex 42.55706058039461 16.125466653339114 6
   vertex 42.87867965644035 15.878679656440365 6
   vertex 42.49727496220542 16.37573593128807 6
  endloop
 endfacet
 facet normal 0 0 1
  outer loop
   vertex 32.58800781622002 12.225010116123496 6
   vertex 17.897777478867205 18.776457135307567 6
   vertex 23.49998714257552 5.251526585925363 6
  endloop
 endfacet
 facet normal 0 0 1
  outer loop
   vertex 17.598076211353316 19.5 6
   vertex 32.89875146822479 12.463452106649893 6
   vertex 36.806751267511544 15.462165821658974 6
  endloop
 endfacet
 facet normal 0 0 0.9999999999999999
  outer loop
   vertex 17.598076211353316 19.5 6
   vertex 36.806751267511544 15.462165821658974 6
   vertex 13.5 31 6
  endloop
 endfacet
 facet normal 0 0 1
  outer loop
   vertex 13.5 31 6
   vertex 12.834620244062714 31 6
   vertex 17.598076211353316 19.5 6
  endloop
 endfacet
 facet normal 0 0 1
  outer loop
   vertex 17.837837225364428 18.92116570824605 6
   vertex 32.651081152727805 12.273407989447799 6
   vertex 32.89875146822479 12.463452106649893 6
  endloop
 endfacet
 facet normal 0 0 1
  outer loop
   vertex 32.89875146822479 12.463452106649893 6
   vertex 17.598076211353316 19.5 6
   vertex 17.837837225364428 18.92116570824605 6
  endloop
 endfacet
 facet normal 0 0 1
  outer loop
   vertex 17.897777478867205 18.776457135307567 6
   vertex 32.58800781622002 12.225010116123496 6
   vertex 32.651081152727805 12.273407989447799 6
  endloop
 endfacet
 facet normal 0 0 1
  outer loop
   vertex 32.651081152727805 12.273407989447799 6
   vertex 17.837837225364428 18.92116570824605 6
   vertex 17.897777478867205 18.776457135307567 6
  endloop
 endfacet
 facet normal 0 0 0.9999999999999999
  outer loop
   vertex 15.863275478389596 31 6
   vertex 15.672516387944139 31 6
   vertex 36.806751267511544 15.462165821658974 6
  endloop
 endfacet
 facet normal 0 0 1
  outer loop
   vertex 36.806751267511544 15.462165821658974 6
   vertex 37.37007604583745 15.894420127065711 6
   vertex 15.863275478389596 31 6
  endloop
 endfacet
 facet normal 0 0 1
  outer loop
   vertex 36.806751267511544 15.462165821658974 6
   vertex 15.672516387944139 31 6
   vertex 14.937918638415574 31 6
  endloop
 endfacet
 facet normal 0 0 1
  outer loop
   vertex 14.937918638415574 31 6
   vertex 13.5 31 6
   vertex 36.806751267511544 15.462165821658974 6
  endloop
 endfacet
 facet normal 0 0 0.9999999999999999
  outer loop
   vertex 37.422964937272326 15.935003200827982 6
   vertex 37.422964937272326 22.541457866643352 6
   vertex 18.354877946556105 31 6
  endloop
 endfacet
 facet normal 0 0 1
  outer loop
   vertex 37.422964937272326 15.935003200827982 6
   vertex 18.354877946556105 31 6
   vertex 15.863275478389596 31 6
  endloop
 endfacet
 facet normal 0 0 1
  outer loop
   vertex 15.863275478389596 31 6
   vertex 37.37007604583745 15.894420127065711 6
   vertex 37.422964937272326 15.935003200827982 6
  endloop
 endfacet
 facet normal 0 0 1
  outer loop
   vertex 37.422964937272326 22.541457866643352 6
   vertex 37.422964937272326 23.03062595507337 6
   vertex 18.656462527767765 31 6
  endloop
 endfacet
 facet normal 0 0 1
  outer loop
   vertex 18.656462527767765 31 6
   vertex 18.354877946556105 31 6
   vertex 37.422964937272326 22.541457866643352 6
  endloop
 endfacet
 facet normal 0 0 1
  outer loop
   vertex 37.422964937272326 23.03062595507337 6
   vertex 37.422964937272326 23.150536678681767 6
   vertex 18.734540792089494 31 6
  endloop
 endfacet
 facet normal 0 0 0.9999999999999999
  outer loop
   vertex 18.734540792089494 31 6
   vertex 18.656462527767765 31 6
   vertex 37.422964937272326 23.03062595507337 6
  endloop
 endfacet
 facet normal 0 0 1
  outer loop
   vertex 37.422964937272326 23.150536678681767 6
   vertex 37.422964937272326 25.00124359965485 6
   vertex 20.203497937195884 31 6
  endloop
 endfacet
 facet normal 0 0 1
  outer loop
   vertex 20.203497937195884 31 6
   vertex 18.734540792089494 31 6
   vertex 37.422964937272326 23.150536678681767 6
  endloop
 endfacet
 facet normal 0 0 1
  outer loop
   vertex 22.577035062727667 31 6
   vertex 20.203497937195884 31 6
   vertex 37.422964937272326 25.00124359965485 6
  endloop
 endfacet
 facet normal 0 0 1
  outer loop
   vertex 37.422964937272326 25.00124359965485 6
   vertex 37.42296493727233 31 6
   vertex 36.4770238818166 31 6
  endloop
 endfacet
 facet normal 0 0 1
  outer loop
   vertex 37.422964937272326 25.00124359965485 6
   vertex 36.4770238818166 31 6
   vertex 29.422964937272255 31 6
  endloop
 endfacet
 facet normal 0 0 1
  outer loop
   vertex 37.422964937272326 25.00124359965485 6
   vertex 29.422964937272255 31 6
   vertex 22.577035062727667 31 6
  endloop
 endfacet
 facet normal 0 0 1
  outer loop
   vertex 23.31975117480832 5.113226663653085 6
   vertex 18.246786996898763 16.12546665333912 6
   vertex 20.02900842139166 2.588150938460296 6
  endloop
 endfacet
 facet normal 0 0 1
  outer loop
   vertex 17.97955549577344 18.155291427061513 6
   vertex 23.46167798995591 5.222130939233731 6
   vertex 23.49998714257552 5.251526585925363 6
  endloop
 endfacet
 facet normal 0 0 1
  outer loop
   vertex 23.49998714257552 5.251526585925363 6
   vertex 17.897777478867205 18.776457135307567 6
   vertex 17.97955549577344 18.155291427061513 6
  endloop
 endfacet
 facet normal 0 0 1
  outer loop
   vertex 18 18.000000000000004 6
   vertex 23.451757973587444 5.214519042953014 6
   vertex 23.46167798995591 5.222130939233731 6
  endloop
 endfacet
 facet normal 0 0 1
  outer loop
   vertex 23.46167798995591 5.222130939233731 6
   vertex 17.97955549577344 18.155291427061513 6
   vertex 18 18.000000000000004 6
  endloop
 endfacet
 facet normal 0 0 1
  outer loop
   vertex 18.052914270615126 17.598076211353316 6
   vertex 23.42541127932393 5.194302513400591 6
   vertex 23.451757973587444 5.214519042953014 6
  endloop
 endfacet
 facet normal 0 0 1
  outer loop
   vertex 23.451757973587444 5.214519042953014 6
   vertex 18 18.000000000000004 6
   vertex 18.052914270615126 17.598076211353316 6
  endloop
 endfacet
 facet normal 0 0 0.9999999999999999
  outer loop
   vertex 18.10969827745648 17.166758857851082 6
   vertex 23.396008656867565 5.1717410876724665 6
   vertex 23.42541127932393 5.194302513400591 6
  endloop
 endfacet
 facet normal 0 0 1
  outer loop
   vertex 23.42541127932393 5.194302513400591 6
   vertex 18.052914270615126 17.598076211353316 6
   vertex 18.10969827745648 17.166758857851082 6
  endloop
 endfacet
 facet normal 0 0 1
  outer loop
   vertex 18.173032607475616 16.685686860131536 6
   vertex 23.361746357812464 5.145450700937282 6
   vertex 23.396008656867565 5.1717410876724665 6
  endloop
 endfacet
 facet normal 0 0 0.9999999999999999
  outer loop
   vertex 23.396008656867565 5.1717410876724665 6
   vertex 18.10969827745648 17.166758857851082 6
   vertex 18.173032607475616 16.685686860131536 6
  endloop
 endfacet
 facet normal 0 0 1
  outer loop
   vertex 18.246786996898763 16.12546665333912 6
   vertex 23.31975117480832 5.113226663653085 6
   vertex 23.361746357812464 5.145450700937282 6
  endloop
 endfacet
 facet normal 0 0 1
  outer loop
   vertex 23.361746357812464 5.145450700937282 6
   vertex 18.173032607475616 16.685686860131536 6
   vertex 18.246786996898763 16.12546665333912 6
  endloop
 endfacet
 facet normal 0 0 1
  outer loop
   vertex 10.660837670585343 31 6
   vertex 8.773815849595248 31 6
   vertex 15.549038105676653 22.170358449236303 6
  endloop
 endfacet
 facet normal 0 0 1
  outer loop
   vertex 15.970329861591198 21.621320343559645 6
   vertex 10.689274637129337 31 6
   vertex 10.660837670585343 31 6
  endloop
 endfacet
 facet normal 0 0 1
  outer loop
   vertex 10.660837670585343 31 6
   vertex 15.549038105676653 22.170358449236303 6
   vertex 15.970329861591198 21.621320343559645 6
  endloop
 endfacet
 facet normal 0 0 1
  outer loop
   vertex 16.314313139868467 21.173032607475612 6
   vertex 10.710688017527342 31 6
   vertex 10.689274637129337 31 6
  endloop
 endfacet
 facet normal 0 0 1
  outer loop
   vertex 10.689274637129337 31 6
   vertex 15.970329861591198 21.621320343559645 6
   vertex 16.314313139868467 21.173032607475612 6
  endloop
 endfacet
 facet normal 0 0 1
  outer loop
   vertex 16.60969827745648 20.788079201410724 6
   vertex 10.727916415817983 31 6
   vertex 10.710688017527342 31 6
  endloop
 endfacet
 facet normal 0 0 1
  outer loop
   vertex 10.710688017527342 31 6
   vertex 16.314313139868467 21.173032607475612 6
   vertex 16.60969827745648 20.788079201410724 6
  endloop
 endfacet
 facet normal 0 0 1
  outer loop
   vertex 16.874533346660876 20.442939419605402 6
   vertex 10.742531126116354 31 6
   vertex 10.727916415817983 31 6
  endloop
 endfacet
 facet normal 0 0 1
  outer loop
   vertex 10.727916415817983 31 6
   vertex 16.60969827745648 20.788079201410724 6
   vertex 16.874533346660876 20.442939419605402 6
  endloop
 endfacet
 facet normal 0 0 1
  outer loop
   vertex 17.121320343559653 20.12132034355963 6
   vertex 10.755495597117044 31 6
   vertex 10.742531126116354 31 6
  endloop
 endfacet
 facet normal 0 0 1
  outer loop
   vertex 10.742531126116354 31 6
   vertex 16.874533346660876 20.442939419605402 6
   vertex 17.121320343559653 20.12132034355963 6
  endloop
 endfacet
 facet normal 0 0 0.9999999999999999
  outer loop
   vertex 17.50272503779458 19.624264068711927 6
   vertex 10.774390906685095 31 6
   vertex 10.755495597117044 31 6
  endloop
 endfacet
 facet normal 0 0 0.9999999999999999
  outer loop
   vertex 10.755495597117044 31 6
   vertex 17.121320343559653 20.12132034355963 6
   vertex 17.50272503779458 19.624264068711927 6
  endloop
 endfacet
 facet normal 0 0 0.9999999999999999
  outer loop
   vertex 17.598076211353316 19.5 6
   vertex 10.778912319590342 31 6
   vertex 10.774390906685095 31 6
  endloop
 endfacet
 facet normal 0 0 1
  outer loop
   vertex 10.774390906685095 31 6
   vertex 17.50272503779458 19.624264068711927 6
   vertex 17.598076211353316 19.5 6
  endloop
 endfacet
 facet normal 0 0 1
  outer loop
   vertex 10.778912319590342 31 6
   vertex 17.598076211353316 19.5 6
   vertex 12.834620244062714 31 6
  endloop
 endfacet
 facet normal 0 0 1
  outer loop
   vertex 8.205882352941178 31 6
   vertex 8.135894092870087 31 6
   vertex 0 10.239161873637318 6
  endloop
 endfacet
 facet normal 0 0 1
  outer loop
   vertex 0 10.239161873637318 6
   vertex 3.401205529860727 12.848998668362743 6
   vertex 8.205882352941178 31 6
  endloop
 endfacet
 facet normal 0 0 1
  outer loop
   vertex 5.654712839974562 31 6
   vertex 0 10.239161873637318 6
   vertex 8.135894092870087 31 6
  endloop
 endfacet
 facet normal 0 0 1
  outer loop
   vertex 0 10.239161873637318 6
   vertex 5.654712839974562 31 6
   vertex 5.050742721451485 31 6
  endloop
 endfacet
 facet normal 0 0 0.9999999999999999
  outer loop
   vertex 5.050742721451485 31 6
   vertex 0 31 6
   vertex 0 27.432599990508777 6
  endloop
 endfacet
 facet normal 0 0 1
  outer loop
   vertex 5.050742721451485 31 6
   vertex 0 27.432599990508777 6
   vertex 0 10.239161873637318 6
  endloop
 endfacet
 facet normal 0 0 1
  outer loop
   vertex 8.773815849595248 31 6
   vertex 8.610240390590793 31 6
   vertex 13.499999999999995 20.598076211353316 6
  endloop
 endfacet
 facet normal 0 0 0.9999999999999999
  outer loop
   vertex 13.499999999999995 20.598076211353316 6
   vertex 15.549038105676653 22.170358449236303 6
   vertex 8.773815849595248 31 6
  endloop
 endfacet
 facet normal 0 0 1
  outer loop
   vertex 12.878679656440365 20.121320343559653 6
   vertex 8.569532705560174 31 6
   vertex 8.205882352941178 31 6
  endloop
 endfacet
 facet normal 0 0 1
  outer loop
   vertex 8.205882352941178 31 6
   vertex 3.401205529860727 12.848998668362743 6
   vertex 12.878679656440365 20.121320343559653 6
  endloop
 endfacet
 facet normal 0 0 1
  outer loop
   vertex 13.375735931288071 20.50272503779458 6
   vertex 8.601817776618802 31 6
   vertex 8.569532705560174 31 6
  endloop
 endfacet
 facet normal 0 0 1
  outer loop
   vertex 8.569532705560174 31 6
   vertex 12.878679656440365 20.121320343559653 6
   vertex 13.375735931288071 20.50272503779458 6
  endloop
 endfacet
 facet normal 0 0 0.9999999999999999
  outer loop
   vertex 13.499999999999995 20.598076211353316 6
   vertex 8.610240390590793 31 6
   vertex 8.601817776618802 31 6
  endloop
 endfacet
 facet normal 0 0 1
  outer loop
   vertex 8.601817776618802 31 6
   vertex 13.375735931288071 20.50272503779458 6
   vertex 13.499999999999995 20.598076211353316 6
  endloop
 endfacet
 facet normal 0 0 1
  outer loop
   vertex 14.223542864692417 20.897777478867198 6
   vertex 15.970329861591198 21.621320343559645 6
   vertex 15.549038105676653 22.170358449236303 6
  endloop
 endfacet
 facet normal 0 0 1
  outer loop
   vertex 15.549038105676653 22.170358449236303 6
   vertex 13.499999999999995 20.598076211353316 6
   vertex 14.07883429175395 20.837837225364428 6
  endloop
 endfacet
 facet normal 0 0 1
  outer loop
   vertex 15.549038105676653 22.170358449236303 6
   vertex 14.07883429175395 20.837837225364428 6
   vertex 14.223542864692417 20.897777478867198 6
  endloop
 endfacet
 facet normal 0 0 0.9999999999999999
  outer loop
   vertex 0 3.337498246592749 6
   vertex 1.3487280527721506 5.095194866028124 6
   vertex 3.401205529860727 12.848998668362743 6
  endloop
 endfacet
 facet normal 0 0 1
  outer loop
   vertex 3.401205529860727 12.848998668362743 6
   vertex 0 10.239161873637318 6
   vertex 0 3.337498246592749 6
  endloop
 endfacet
 facet normal 0 0 0.9999999999999999
  outer loop
   vertex 12.783328482881624 19.997056274847715 6
   vertex 12.878679656440365 20.121320343559653 6
   vertex 3.401205529860727 12.848998668362743 6
  endloop
 endfacet
 facet normal 0 0 0.9999999999999999
  outer loop
   vertex 3.401205529860727 12.848998668362743 6
   vertex 1.3487280527721506 5.095194866028124 6
   vertex 12.401923788646688 19.500000000000007 6
  endloop
 endfacet
 facet normal 0 0 1
  outer loop
   vertex 3.401205529860727 12.848998668362743 6
   vertex 12.401923788646688 19.500000000000007 6
   vertex 12.783328482881624 19.997056274847715 6
  endloop
 endfacet
 facet normal 0 0 1
  outer loop
   vertex 15.000000000000021 21 6
   vertex 16.314313139868467 21.173032607475612 6
   vertex 15.970329861591198 21.621320343559645 6
  endloop
 endfacet
 facet normal 0 0 0.9999999999999999
  outer loop
   vertex 15.970329861591198 21.621320343559645 6
   vertex 14.223542864692417 20.897777478867198 6
   vertex 14.844708572938487 20.97955549577344 6
  endloop
 endfacet
 facet normal 0 0 1
  outer loop
   vertex 15.970329861591198 21.621320343559645 6
   vertex 14.844708572938487 20.97955549577344 6
   vertex 15.000000000000021 21 6
  endloop
 endfacet
 facet normal 0 0 1
  outer loop
   vertex 1.3487280527721506 5.095194866028124 6
   vertex 0 3.337498246592749 6
   vertex 0 0 6
  endloop
 endfacet
 facet normal 0 0 0.9999999999999999
  outer loop
   vertex 12.341983535143907 19.355291427061513 6
   vertex 12.401923788646688 19.500000000000007 6
   vertex 1.3487280527721506 5.095194866028124 6
  endloop
 endfacet
 facet normal 0 0 1
  outer loop
   vertex 12.341983535143907 19.355291427061513 6
   vertex 1.3487280527721506 5.095194866028124 6
   vertex 0 0 6
  endloop
 endfacet
 facet normal 0 0 1
  outer loop
   vertex 0 0 6
   vertex 4.324759322371317 0 6
   vertex 12.102222521132795 18.776457135307563 6
  endloop
 endfacet
 facet normal 0 0 1
  outer loop
   vertex 0 0 6
   vertex 12.102222521132795 18.776457135307563 6
   vertex 12.341983535143907 19.355291427061513 6
  endloop
 endfacet
 facet normal 0 0 1
  outer loop
   vertex 15.776457135307576 20.897777478867205 6
   vertex 16.60969827745648 20.788079201410724 6
   vertex 16.314313139868467 21.173032607475612 6
  endloop
 endfacet
 facet normal 0 0 1
  outer loop
   vertex 16.314313139868467 21.173032607475612 6
   vertex 15.000000000000021 21 6
   vertex 15.62116570824605 20.918221983093765 6
  endloop
 endfacet
 facet normal 0 0 1
  outer loop
   vertex 16.314313139868467 21.173032607475612 6
   vertex 15.62116570824605 20.918221983093765 6
   vertex 15.776457135307576 20.897777478867205 6
  endloop
 endfacet
 facet normal 0 0 0.9999999999999999
  outer loop
   vertex 12.081778016906236 18.62116570824605 6
   vertex 12.102222521132795 18.776457135307563 6
   vertex 4.324759322371317 0 6
  endloop
 endfacet
 facet normal 0 0 1
  outer loop
   vertex 4.324759322371317 0 6
   vertex 9.630255043426883 0 6
   vertex 12 18 6
  endloop
 endfacet
 facet normal 0 0 1
  outer loop
   vertex 4.324759322371317 0 6
   vertex 12 18 6
   vertex 12.081778016906236 18.62116570824605 6
  endloop
 endfacet
 facet normal 0 0 1
  outer loop
   vertex 16.499999999999986 20.598076211353327 6
   vertex 16.874533346660876 20.442939419605402 6
   vertex 16.60969827745648 20.788079201410724 6
  endloop
 endfacet
 facet normal 0 0 1
  outer loop
   vertex 16.60969827745648 20.788079201410724 6
   vertex 15.776457135307576 20.897777478867205 6
   vertex 16.355291427061513 20.658016464856093 6
  endloop
 endfacet
 facet normal 0 0 1
  outer loop
   vertex 16.60969827745648 20.788079201410724 6
   vertex 16.355291427061513 20.658016464856093 6
   vertex 16.499999999999986 20.598076211353327 6
  endloop
 endfacet
 facet normal 0 0 1
  outer loop
   vertex 12.020444504226559 17.844708572938487 6
   vertex 12 18 6
   vertex 9.630255043426883 0 6
  endloop
 endfacet
 facet normal 0 0 1
  outer loop
   vertex 9.630255043426883 0 6
   vertex 14.369744956573129 0 6
   vertex 12.102222521132795 17.22354286469244 6
  endloop
 endfacet
 facet normal 0 0 1
  outer loop
   vertex 9.630255043426883 0 6
   vertex 12.102222521132795 17.22354286469244 6
   vertex 12.020444504226559 17.844708572938487 6
  endloop
 endfacet
 facet normal 0 0 1
  outer loop
   vertex 16.997056274847715 20.216671517118378 6
   vertex 17.121320343559653 20.12132034355963 6
   vertex 16.874533346660876 20.442939419605402 6
  endloop
 endfacet
 facet normal 0 0 1
  outer loop
   vertex 16.874533346660876 20.442939419605402 6
   vertex 16.499999999999986 20.598076211353327 6
   vertex 16.997056274847715 20.216671517118378 6
  endloop
 endfacet
 facet normal 0 0 1
  outer loop
   vertex 12.162162774635572 17.078834291753953 6
   vertex 12.102222521132795 17.22354286469244 6
   vertex 14.369744956573129 0 6
  endloop
 endfacet
 facet normal 0 0 1
  outer loop
   vertex 13.390301722543517 14.113844587235958 6
   vertex 14.369744956573129 0 6
   vertex 16.656064449647413 0 6
  endloop
 endfacet
 facet normal 0 0 1
  outer loop
   vertex 16.656064449647413 0 6
   vertex 18.6141083033647 1.5024598926035928 6
   vertex 13.390301722543517 14.113844587235958 6
  endloop
 endfacet
 facet normal 0 0 1
  outer loop
   vertex 14.369744956573129 0 6
   vertex 13.390301722543517 14.113844587235958 6
   vertex 13.125466653339119 14.753213003101234 6
  endloop
 endfacet
 facet normal 0 0 0.9999999999999999
  outer loop
   vertex 14.369744956573129 0 6
   vertex 13.125466653339119 14.753213003101234 6
   vertex 12.90922972482397 15.27525512860841 6
  endloop
 endfacet
 facet normal 0 0 1
  outer loop
   vertex 14.369744956573129 0 6
   vertex 12.90922972482397 15.27525512860841 6
   vertex 12.723542864692437 15.723542864692435 6
  endloop
 endfacet
 facet normal 0 0 1
  outer loop
   vertex 14.369744956573129 0 6
   vertex 12.723542864692437 15.723542864692435 6
   vertex 12.557060580394598 16.12546665333913 6
  endloop
 endfacet
 facet normal 0 0 1
  outer loop
   vertex 14.369744956573129 0 6
   vertex 12.557060580394598 16.12546665333913 6
   vertex 12.401923788646679 16.50000000000001 6
  endloop
 endfacet
 facet normal 0 0 1
  outer loop
   vertex 14.369744956573129 0 6
   vertex 12.401923788646679 16.50000000000001 6
   vertex 12.162162774635572 17.078834291753953 6
  endloop
 endfacet
 facet normal 0 0 1
  outer loop
   vertex 18.6141083033647 1.5024598926035928 6
   vertex 18.85064430632519 1.6839603513038508 6
   vertex 15.776457135307552 15.102222521132791 6
  endloop
 endfacet
 facet normal 0 0 1
  outer loop
   vertex 15.776457135307552 15.102222521132791 6
   vertex 13.390301722543517 14.113844587235958 6
   vertex 18.6141083033647 1.5024598926035928 6
  endloop
 endfacet
 facet normal 0 0 1
  outer loop
   vertex 19.667043305871694 2.310405336614906 6
   vertex 15.776457135307552 15.102222521132791 6
   vertex 18.85064430632519 1.6839603513038508 6
  endloop
 endfacet
 facet normal 0 0 1
  outer loop
   vertex 16.500000000000007 15.401923788646688 6
   vertex 19.769500919578302 2.389023828735909 6
   vertex 20.02900842139166 2.588150938460296 6
  endloop
 endfacet
 facet normal 0 0 1
  outer loop
   vertex 20.02900842139166 2.588150938460296 6
   vertex 18.246786996898763 16.12546665333912 6
   vertex 16.500000000000007 15.401923788646688 6
  endloop
 endfacet
 facet normal 0 0 1
  outer loop
   vertex 15.921165708246049 15.162162774635572 6
   vertex 19.687309353793744 2.3259560221251694 6
   vertex 19.769500919578302 2.389023828735909 6
  endloop
 endfacet
 facet normal 0 0 1
  outer loop
   vertex 19.769500919578302 2.389023828735909 6
   vertex 16.500000000000007 15.401923788646688 6
   vertex 15.921165708246049 15.162162774635572 6
  endloop
 endfacet
 facet normal 0 0 1
  outer loop
   vertex 15.776457135307552 15.102222521132791 6
   vertex 19.667043305871694 2.310405336614906 6
   vertex 19.687309353793744 2.3259560221251694 6
  endloop
 endfacet
 facet normal 0 0 1
  outer loop
   vertex 19.687309353793744 2.3259560221251694 6
   vertex 15.921165708246049 15.162162774635572 6
   vertex 15.776457135307552 15.102222521132791 6
  endloop
 endfacet
 facet normal 0 0 0.9999999999999999
  outer loop
   vertex 15.000000000000016 15 6
   vertex 13.125466653339119 14.753213003101234 6
   vertex 13.390301722543517 14.113844587235958 6
  endloop
 endfacet
 facet normal 0 0 1
  outer loop
   vertex 13.390301722543517 14.113844587235958 6
   vertex 15.776457135307552 15.102222521132791 6
   vertex 15.155291427061512 15.020444504226559 6
  endloop
 endfacet
 facet normal 0 0 1
  outer loop
   vertex 13.390301722543517 14.113844587235958 6
   vertex 15.155291427061512 15.020444504226559 6
   vertex 15.000000000000016 15 6
  endloop
 endfacet
 facet normal 0 0 1
  outer loop
   vertex 16.624264068711927 15.497274962205418 6
   vertex 16.500000000000007 15.401923788646688 6
   vertex 18.246786996898763 16.12546665333912 6
  endloop
 endfacet
 facet normal 0 0 1
  outer loop
   vertex 18.246786996898763 16.12546665333912 6
   vertex 18.173032607475616 16.685686860131536 6
   vertex 17.12132034355964 15.878679656440353 6
  endloop
 endfacet
 facet normal 0 0 1
  outer loop
   vertex 18.246786996898763 16.12546665333912 6
   vertex 17.12132034355964 15.878679656440353 6
   vertex 16.624264068711927 15.497274962205418 6
  endloop
 endfacet
 facet normal 0 0 1
  outer loop
   vertex 14.22354286469244 15.102222521132797 6
   vertex 12.90922972482397 15.27525512860841 6
   vertex 13.125466653339119 14.753213003101234 6
  endloop
 endfacet
 facet normal 0 0 1
  outer loop
   vertex 13.125466653339119 14.753213003101234 6
   vertex 15.000000000000016 15 6
   vertex 14.37883429175395 15.081778016906236 6
  endloop
 endfacet
 facet normal 0 0 1
  outer loop
   vertex 13.125466653339119 14.753213003101234 6
   vertex 14.37883429175395 15.081778016906236 6
   vertex 14.22354286469244 15.102222521132797 6
  endloop
 endfacet
 facet normal 0 0 0.9999999999999999
  outer loop
   vertex 17.216671517118378 16.002943725152285 6
   vertex 17.12132034355964 15.878679656440353 6
   vertex 18.173032607475616 16.685686860131536 6
  endloop
 endfacet
 facet normal 0 0 1
  outer loop
   vertex 18.173032607475616 16.685686860131536 6
   vertex 18.10969827745648 17.166758857851082 6
   vertex 17.598076211353316 16.499999999999996 6
  endloop
 endfacet
 facet normal 0 0 1
  outer loop
   vertex 18.173032607475616 16.685686860131536 6
   vertex 17.598076211353316 16.499999999999996 6
   vertex 17.216671517118378 16.002943725152285 6
  endloop
 endfacet
 facet normal 0 0 1
  outer loop
   vertex 13.500000000000004 15.401923788646682 6
   vertex 12.723542864692437 15.723542864692435 6
   vertex 12.90922972482397 15.27525512860841 6
  endloop
 endfacet
 facet normal 0 0 1
  outer loop
   vertex 12.90922972482397 15.27525512860841 6
   vertex 14.22354286469244 15.102222521132797 6
   vertex 13.644708572938486 15.341983535143907 6
  endloop
 endfacet
 facet normal 0 0 1
  outer loop
   vertex 12.90922972482397 15.27525512860841 6
   vertex 13.644708572938486 15.341983535143907 6
   vertex 13.500000000000004 15.401923788646682 6
  endloop
 endfacet
 facet normal 0 0 1
  outer loop
   vertex 17.658016464856093 16.644708572938487 6
   vertex 17.598076211353316 16.499999999999996 6
   vertex 18.10969827745648 17.166758857851082 6
  endloop
 endfacet
 facet normal 0 0 1
  outer loop
   vertex 18.10969827745648 17.166758857851082 6
   vertex 18.052914270615126 17.598076211353316 6
   vertex 17.897777478867205 17.223542864692437 6
  endloop
 endfacet
 facet normal 0 0 1
  outer loop
   vertex 18.10969827745648 17.166758857851082 6
   vertex 17.897777478867205 17.223542864692437 6
   vertex 17.658016464856093 16.644708572938487 6
  endloop
 endfacet
 facet normal 0 0 1
  outer loop
   vertex 12.878679656440353 15.878679656440365 6
   vertex 12.557060580394598 16.12546665333913 6
   vertex 12.723542864692437 15.723542864692435 6
  endloop
 endfacet
 facet normal 0 0 1
  outer loop
   vertex 12.723542864692437 15.723542864692435 6
   vertex 13.500000000000004 15.401923788646682 6
   vertex 13.002943725152287 15.783328482881624 6
  endloop
 endfacet
 facet normal 0 0 1
  outer loop
   vertex 12.723542864692437 15.723542864692435 6
   vertex 13.002943725152287 15.783328482881624 6
   vertex 12.878679656440353 15.878679656440365 6
  endloop
 endfacet
 facet normal 0 0 1
  outer loop
   vertex 17.918221983093765 17.37883429175395 6
   vertex 17.897777478867205 17.223542864692437 6
   vertex 18.052914270615126 17.598076211353316 6
  endloop
 endfacet
 facet normal 0 0 1
  outer loop
   vertex 18.052914270615126 17.598076211353316 6
   vertex 18 18.000000000000004 6
   vertex 17.918221983093765 17.37883429175395 6
  endloop
 endfacet
 facet normal 0 0 0.9999999999999999
  outer loop
   vertex 12.497274962205418 16.375735931288073 6
   vertex 12.401923788646679 16.50000000000001 6
   vertex 12.557060580394598 16.12546665333913 6
  endloop
 endfacet
 facet normal 0 0 1
  outer loop
   vertex 12.557060580394598 16.12546665333913 6
   vertex 12.878679656440353 15.878679656440365 6
   vertex 12.497274962205418 16.375735931288073 6
  endloop
 endfacet
 facet normal 0 0 1
  outer loop
   vertex 27.439047523057035 0 6
   vertex 35.740740122309404 10.8189764328738 6
   vertex 32.58800781622002 12.225010116123496 6
  endloop
 endfacet
 facet normal 0 0 1
  outer loop
   vertex 27.439047523057035 0 6
   vertex 32.58800781622002 12.225010116123496 6
   vertex 23.49998714257552 5.251526585925363 6
  endloop
 endfacet
 facet normal 0 0 1
  outer loop
   vertex 23.49998714257552 5.251526585925363 6
   vertex 25.675240677628686 0 6
   vertex 27.439047523057035 0 6
  endloop
 endfacet
 facet normal 0 0 0.9999999999999999
  outer loop
   vertex 36.806751267511544 15.462165821658974 6
   vertex 32.89875146822479 12.463452106649893 6
   vertex 35.932156581950416 11.068435219857417 6
  endloop
 endfacet
 facet normal 0 0 1
  outer loop
   vertex 36.806751267511544 15.462165821658974 6
   vertex 35.932156581950416 11.068435219857417 6
   vertex 37.422964937272326 13.011294494556605 6
  endloop
 endfacet
 facet normal 0 0 1
  outer loop
   vertex 37.422964937272326 13.011294494556605 6
   vertex 37.42296493727233 15.051356708485118 6
   vertex 36.806751267511544 15.462165821658974 6
  endloop
 endfacet
 facet normal 0 0 1
  outer loop
   vertex 32.89875146822479 12.463452106649893 6
   vertex 32.651081152727805 12.273407989447799 6
   vertex 35.77948534357392 10.86947018830206 6
  endloop
 endfacet
 facet normal 0 0 1
  outer loop
   vertex 35.77948534357392 10.86947018830206 6
   vertex 35.932156581950416 11.068435219857417 6
   vertex 32.89875146822479 12.463452106649893 6
  endloop
 endfacet
 facet normal 0 0 0.9999999999999999
  outer loop
   vertex 32.651081152727805 12.273407989447799 6
   vertex 32.58800781622002 12.225010116123496 6
   vertex 35.740740122309404 10.8189764328738 6
  endloop
 endfacet
 facet normal 0 0 1
  outer loop
   vertex 35.740740122309404 10.8189764328738 6
   vertex 35.77948534357392 10.86947018830206 6
   vertex 32.651081152727805 12.273407989447799 6
  endloop
 endfacet
 facet normal 0 0 1
  outer loop
   vertex 37.422964937272326 15.819911012913845 6
   vertex 37.42296493727233 15.857272929301216 6
   vertex 37.37007604583745 15.894420127065711 6
  endloop
 endfacet
 facet normal 0 0 1
  outer loop
   vertex 37.42296493727233 15.051356708485118 6
   vertex 37.422964937272326 15.819911012913845 6
   vertex 37.37007604583745 15.894420127065711 6
  endloop
 endfacet
 facet normal 0 0 1
  outer loop
   vertex 37.37007604583745 15.894420127065711 6
   vertex 36.806751267511544 15.462165821658974 6
   vertex 37.42296493727233 15.051356708485118 6
  endloop
 endfacet
 facet normal 0 0 0.9999999999999999
  outer loop
   vertex 37.42296493727233 15.934503954735007 6
   vertex 37.422964937272326 15.935003200827982 6
   vertex 37.37007604583745 15.894420127065711 6
  endloop
 endfacet
 facet normal 0 0 1
  outer loop
   vertex 37.42296493727233 15.93231776073953 6
   vertex 37.37007604583745 15.894420127065711 6
   vertex 37.42296493727233 15.857272929301216 6
  endloop
 endfacet
 facet normal 0 0 1
  outer loop
   vertex 37.42296493727233 15.934503954735007 6
   vertex 37.37007604583745 15.894420127065711 6
   vertex 37.42296493727233 15.93231776073953 6
  endloop
 endfacet
 facet normal 0 0 1
  outer loop
   vertex 25.675240677628686 0 6
   vertex 23.31975117480832 5.113226663653085 6
   vertex 20.02900842139166 2.588150938460296 6
  endloop
 endfacet
 facet normal 0 0 1
  outer loop
   vertex 20.02900842139166 2.588150938460296 6
   vertex 20.36974495657312 0 6
   vertex 25.675240677628686 0 6
  endloop
 endfacet
 facet normal 0 0 1
  outer loop
   vertex 23.46167798995591 5.222130939233731 6
   vertex 25.675240677628686 0 6
   vertex 23.49998714257552 5.251526585925363 6
  endloop
 endfacet
 facet normal 0 0 1
  outer loop
   vertex 23.451757973587444 5.214519042953014 6
   vertex 25.675240677628686 0 6
   vertex 23.46167798995591 5.222130939233731 6
  endloop
 endfacet
 facet normal 0 0 1
  outer loop
   vertex 23.42541127932393 5.194302513400591 6
   vertex 25.675240677628686 0 6
   vertex 23.451757973587444 5.214519042953014 6
  endloop
 endfacet
 facet normal 0 0 1
  outer loop
   vertex 23.396008656867565 5.1717410876724665 6
   vertex 25.675240677628686 0 6
   vertex 23.42541127932393 5.194302513400591 6
  endloop
 endfacet
 facet normal 0 0 0.9999999999999999
  outer loop
   vertex 23.361746357812464 5.145450700937282 6
   vertex 25.675240677628686 0 6
   vertex 23.396008656867565 5.1717410876724665 6
  endloop
 endfacet
 facet normal 0 0 1
  outer loop
   vertex 23.31975117480832 5.113226663653085 6
   vertex 25.675240677628686 0 6
   vertex 23.361746357812464 5.145450700937282 6
  endloop
 endfacet
 facet normal 0 0 1
  outer loop
   vertex 16.656064449647413 0 6
   vertex 19.236447567802728 0 6
   vertex 18.6141083033647 1.5024598926035928 6
  endloop
 endfacet
 facet normal 0 0 1
  outer loop
   vertex 18.85064430632519 1.6839603513038508 6
   vertex 18.6141083033647 1.5024598926035928 6
   vertex 19.236447567802728 0 6
  endloop
 endfacet
 facet normal 0 0 1
  outer loop
   vertex 20.36974495657312 0 6
   vertex 19.667043305871694 2.310405336614906 6
   vertex 18.85064430632519 1.6839603513038508 6
  endloop
 endfacet
 facet normal 0 0 1
  outer loop
   vertex 18.85064430632519 1.6839603513038508 6
   vertex 19.236447567802728 0 6
   vertex 20.36974495657312 0 6
  endloop
 endfacet
 facet normal 0 0 1
  outer loop
   vertex 19.769500919578302 2.389023828735909 6
   vertex 20.36974495657312 0 6
   vertex 20.02900842139166 2.588150938460296 6
  endloop
 endfacet
 facet normal 0 0 1
  outer loop
   vertex 19.687309353793744 2.3259560221251694 6
   vertex 20.36974495657312 0 6
   vertex 19.769500919578302 2.389023828735909 6
  endloop
 endfacet
 facet normal 0 0 1
  outer loop
   vertex 19.667043305871694 2.310405336614906 6
   vertex 20.36974495657312 0 6
   vertex 19.687309353793744 2.3259560221251694 6
  endloop
 endfacet
 facet normal 0 0 1
  outer loop
   vertex 35.740740122309404 10.8189764328738 6
   vertex 34.32475932237132 0 6
   vertex 37.42296493727233 7.479730014514478 6
  endloop
 endfacet
 facet normal 0 0 1
  outer loop
   vertex 37.42296493727233 7.479730014514478 6
   vertex 37.422964937272326 10.068749479552093 6
   vertex 35.740740122309404 10.8189764328738 6
  endloop
 endfacet
 facet normal 0 0 1
  outer loop
   vertex 35.740740122309404 10.8189764328738 6
   vertex 27.439047523057035 0 6
   vertex 34.32475932237132 0 6
  endloop
 endfacet
 facet normal 0 0 1
  outer loop
   vertex 37.422964937272326 13.011294494556605 6
   vertex 35.932156581950416 11.068435219857417 6
   vertex 37.422964937272326 10.382835126010704 6
  endloop
 endfacet
 facet normal 0 0 1
  outer loop
   vertex 37.42296493727233 10.13192382720324 6
   vertex 37.422964937272326 10.234434089174808 6
   vertex 35.932156581950416 11.068435219857417 6
  endloop
 endfacet
 facet normal 0 0 1
  outer loop
   vertex 35.932156581950416 11.068435219857417 6
   vertex 35.77948534357392 10.86947018830206 6
   vertex 37.42296493727233 10.13192382720324 6
  endloop
 endfacet
 facet normal 0 0 1
  outer loop
   vertex 37.422964937272326 10.234434089174808 6
   vertex 37.422964937272326 10.382835126010704 6
   vertex 35.932156581950416 11.068435219857417 6
  endloop
 endfacet
 facet normal 0 0 1
  outer loop
   vertex 37.422964937272326 10.068749479552093 6
   vertex 37.422964937272326 10.09281992941599 6
   vertex 35.77948534357392 10.86947018830206 6
  endloop
 endfacet
 facet normal 0 0 1
  outer loop
   vertex 35.77948534357392 10.86947018830206 6
   vertex 35.740740122309404 10.8189764328738 6
   vertex 37.422964937272326 10.068749479552093 6
  endloop
 endfacet
 facet normal 0 0 1
  outer loop
   vertex 37.422964937272326 10.09281992941599 6
   vertex 37.42296493727233 10.13192382720324 6
   vertex 35.77948534357392 10.86947018830206 6
  endloop
 endfacet
 facet normal 0 0 1
  outer loop
   vertex 37.42296493727233 7.479730014514478 6
   vertex 34.32475932237132 0 6
   vertex 37.422964937272326 0 6
  endloop
 endfacet
 facet normal 0 0 1
  outer loop
   vertex 0 31 6
   vertex 5.050742721451485 31 6
   vertex 5.050742721451486 34 6
  endloop
 endfacet
 facet normal 0 0 1
  outer loop
   vertex 5.050742721451486 34 6
   vertex 0 34 6
   vertex 0 31 6
  endloop
 endfacet
 facet normal 0 0 1
  outer loop
   vertex 13.5 31 6
   vertex 12.580786424181802 31.612809050545465 6
   vertex 12.834620244062714 31 6
  endloop
 endfacet
 facet normal 0 0 0.9999999999999999
  outer loop
   vertex 14.937918638415573 31.540074343121475 6
   vertex 14.937918638415574 31.6499363591231 6
   vertex 11.591979556943427 34 6
  endloop
 endfacet
 facet normal 0 0 0.9999999999999999
  outer loop
   vertex 13.5 31 6
   vertex 14.937918638415574 31 6
   vertex 14.937918638415573 31.540074343121475 6
  endloop
 endfacet
 facet normal 0 0 1
  outer loop
   vertex 13.5 31 6
   vertex 14.937918638415573 31.540074343121475 6
   vertex 11.591979556943427 34 6
  endloop
 endfacet
 facet normal 0 0 1
  outer loop
   vertex 11.591979556943427 34 6
   vertex 12.580786424181802 31.612809050545465 6
   vertex 13.5 31 6
  endloop
 endfacet
 facet normal 0 0 1
  outer loop
   vertex 14.937918638415573 32.51575217219975 6
   vertex 11.591979556943427 34 6
   vertex 14.937918638415574 31.6499363591231 6
  endloop
 endfacet
 facet normal 0 0 1
  outer loop
   vertex 14.937918638415573 32.579115090818156 6
   vertex 11.591979556943427 34 6
   vertex 14.937918638415573 32.51575217219975 6
  endloop
 endfacet
 facet normal 0 0 1
  outer loop
   vertex 14.937918638415573 32.59464736612634 6
   vertex 11.591979556943427 34 6
   vertex 14.937918638415573 32.579115090818156 6
  endloop
 endfacet
 facet normal 0 0 1
  outer loop
   vertex 14.937918638415573 32.83437312664458 6
   vertex 11.591979556943427 34 6
   vertex 14.937918638415573 32.59464736612634 6
  endloop
 endfacet
 facet normal 0 0 0.9999999999999999
  outer loop
   vertex 14.937918638415573 32.83437312664458 6
   vertex 14.937918638415573 34 6
   vertex 11.591979556943427 34 6
  endloop
 endfacet
 facet normal 0 0 0.9999999999999999
  outer loop
   vertex 8.351551489720958 31.550305627834724 6
   vertex 9 34 6
   vertex 6.471834885658361 34 6
  endloop
 endfacet
 facet normal 0 0 1
  outer loop
   vertex 8.773815849595248 31 6
   vertex 10.660837670585343 31 6
   vertex 9 34 6
  endloop
 endfacet
 facet normal 0 0 1
  outer loop
   vertex 9 34 6
   vertex 8.351551489720958 31.550305627834724 6
   vertex 8.773815849595248 31 6
  endloop
 endfacet
 facet normal 0 0 1
  outer loop
   vertex 10.689274637129337 31 6
   vertex 9 34 6
   vertex 10.660837670585343 31 6
  endloop
 endfacet
 facet normal 0 0 1
  outer loop
   vertex 10.710688017527342 31 6
   vertex 9 34 6
   vertex 10.689274637129337 31 6
  endloop
 endfacet
 facet normal 0 0 1
  outer loop
   vertex 10.727916415817983 31 6
   vertex 9 34 6
   vertex 10.710688017527342 31 6
  endloop
 endfacet
 facet normal 0 0 1
  outer loop
   vertex 10.742531126116354 31 6
   vertex 9 34 6
   vertex 10.727916415817983 31 6
  endloop
 endfacet
 facet normal 0 0 1
  outer loop
   vertex 10.755495597117044 31 6
   vertex 9 34 6
   vertex 10.742531126116354 31 6
  endloop
 endfacet
 facet normal 0 0 1
  outer loop
   vertex 10.774390906685095 31 6
   vertex 9 34 6
   vertex 10.755495597117044 31 6
  endloop
 endfacet
 facet normal 0 0 1
  outer loop
   vertex 10.778912319590342 31 6
   vertex 9 34 6
   vertex 10.774390906685095 31 6
  endloop
 endfacet
 facet normal 0 0 1
  outer loop
   vertex 9 34 6
   vertex 10.778912319590342 31 6
   vertex 12.834620244062714 31 6
  endloop
 endfacet
 facet normal 0 0 1
  outer loop
   vertex 12.834620244062714 31 6
   vertex 12.580786424181802 31.612809050545465 6
   vertex 9 34 6
  endloop
 endfacet
 facet normal 0 0 1
  outer loop
   vertex 12.580786424181802 31.612809050545465 6
   vertex 11.591979556943427 34 6
   vertex 9 34 6
  endloop
 endfacet
 facet normal 0 0 1
  outer loop
   vertex 8.135894092870087 31 6
   vertex 8.205882352941178 31 6
   vertex 8.351551489720958 31.550305627834724 6
  endloop
 endfacet
 facet normal 0 0 1
  outer loop
   vertex 6.471834885658361 34 6
   vertex 5.654712839974562 31 6
   vertex 8.135894092870087 31 6
  endloop
 endfacet
 facet normal 0 0 1
  outer loop
   vertex 8.135894092870087 31 6
   vertex 8.351551489720958 31.550305627834724 6
   vertex 6.471834885658361 34 6
  endloop
 endfacet
 facet normal 0 0 0.9999999999999999
  outer loop
   vertex 5.050742721451486 34 6
   vertex 5.050742721451485 31 6
   vertex 5.654712839974562 31 6
  endloop
 endfacet
 facet normal 0 0 1
  outer loop
   vertex 5.654712839974562 31 6
   vertex 6.471834885658361 34 6
   vertex 5.050742721451486 34 6
  endloop
 endfacet
 facet normal 0 0 0.9999999999999999
  outer loop
   vertex 8.610240390590793 31 6
   vertex 8.773815849595248 31 6
   vertex 8.351551489720958 31.550305627834724 6
  endloop
 endfacet
 facet normal 0 0 1
  outer loop
   vertex 8.569532705560174 31 6
   vertex 8.351551489720958 31.550305627834724 6
   vertex 8.205882352941178 31 6
  endloop
 endfacet
 facet normal 0 0 1
  outer loop
   vertex 8.601817776618802 31 6
   vertex 8.351551489720958 31.550305627834724 6
   vertex 8.569532705560174 31 6
  endloop
 endfacet
 facet normal 0 0 1
  outer loop
   vertex 8.610240390590793 31 6
   vertex 8.351551489720958 31.550305627834724 6
   vertex 8.601817776618802 31 6
  endloop
 endfacet
 facet normal 0 0 1
  outer loop
   vertex 14.937918638415574 31.6499363591231 6
   vertex 14.937918638415573 31.540074343121475 6
   vertex 15.672516387944139 31 6
  endloop
 endfacet
 facet normal 0 0 1
  outer loop
   vertex 15.672516387944139 31 6
   vertex 15.863275478389596 31 6
   vertex 14.937918638415574 31.6499363591231 6
  endloop
 endfacet
 facet normal 0 0 1
  outer loop
   vertex 14.937918638415574 31 6
   vertex 15.672516387944139 31 6
   vertex 14.937918638415573 31.540074343121475 6
  endloop
 endfacet
 facet normal 0 0 1
  outer loop
   vertex 15.863275478389596 31 6
   vertex 18.354877946556105 31 6
   vertex 14.937918638415573 32.51575217219975 6
  endloop
 endfacet
 facet normal 0 0 0.9999999999999999
  outer loop
   vertex 14.937918638415573 32.51575217219975 6
   vertex 14.937918638415574 31.6499363591231 6
   vertex 15.863275478389596 31 6
  endloop
 endfacet
 facet normal 0 0 1
  outer loop
   vertex 18.354877946556105 31 6
   vertex 18.656462527767765 31 6
   vertex 14.937918638415573 32.579115090818156 6
  endloop
 endfacet
 facet normal 0 0 1
  outer loop
   vertex 14.937918638415573 32.579115090818156 6
   vertex 14.937918638415573 32.51575217219975 6
   vertex 18.354877946556105 31 6
  endloop
 endfacet
 facet normal 0 0 1
  outer loop
   vertex 18.656462527767765 31 6
   vertex 18.734540792089494 31 6
   vertex 14.937918638415573 32.59464736612634 6
  endloop
 endfacet
 facet normal 0 0 1
  outer loop
   vertex 14.937918638415573 32.59464736612634 6
   vertex 14.937918638415573 32.579115090818156 6
   vertex 18.656462527767765 31 6
  endloop
 endfacet
 facet normal 0 0 1
  outer loop
   vertex 18.734540792089494 31 6
   vertex 20.203497937195884 31 6
   vertex 14.937918638415573 32.83437312664458 6
  endloop
 endfacet
 facet normal 0 0 0.9999999999999999
  outer loop
   vertex 14.937918638415573 32.83437312664458 6
   vertex 14.937918638415573 32.59464736612634 6
   vertex 18.734540792089494 31 6
  endloop
 endfacet
 facet normal 0 0 0.9999999999999999
  outer loop
   vertex 14.937918638415573 34 6
   vertex 14.937918638415573 32.83437312664458 6
   vertex 20.203497937195884 31 6
  endloop
 endfacet
 facet normal 0 0 1
  outer loop
   vertex 14.937918638415573 34 6
   vertex 20.203497937195884 31 6
   vertex 22.577035062727667 31 6
  endloop
 endfacet
 facet normal 0 0 0.9999999999999999
  outer loop
   vertex 22.577035062727667 31 6
   vertex 22.577035062727667 34 6
   vertex 14.937918638415573 34 6
  endloop
 endfacet
 facet normal 0 0 1
  outer loop
   vertex 22.577035062727667 34 6
   vertex 22.577035062727667 31 6
   vertex 29.422964937272255 31 6
  endloop
 endfacet
 facet normal 0 0 1
  outer loop
   vertex 29.422964937272255 31 6
   vertex 29.422964937272255 34 6
   vertex 22.577035062727667 34 6
  endloop
 endfacet
 facet normal 0 0 1
  outer loop
   vertex 36.47702388181659 34 6
   vertex 36.47183488565844 34 6
   vertex 36.47702388181659 33.993237568547116 6
  endloop
 endfacet
 facet normal 0 0 0.9999999999999999
  outer loop
   vertex 29.422964937272255 34 6
   vertex 29.422964937272255 31 6
   vertex 36.4770238818166 31 6
  endloop
 endfacet
 facet normal 0 0 1
  outer loop
   vertex 29.422964937272255 34 6
   vertex 36.4770238818166 31 6
   vertex 36.47702388181659 33.993237568547116 6
  endloop
 endfacet
 facet normal 0 0 1
  outer loop
   vertex 36.47702388181659 33.993237568547116 6
   vertex 36.47183488565844 34 6
   vertex 29.422964937272255 34 6
  endloop
 endfacet
 facet normal 0 0 1
  outer loop
   vertex 37.42296493727233 32.760463183865006 6
   vertex 37.42296493727233 34 6
   vertex 36.47702388181659 34 6
  endloop
 endfacet
 facet normal 0 0 1
  outer loop
   vertex 36.47702388181659 34 6
   vertex 36.47702388181659 33.993237568547116 6
   vertex 37.42296493727233 32.760463183865006 6
  endloop
 endfacet
 facet normal 0 0 1
  outer loop
   vertex 36.47702388181659 33.993237568547116 6
   vertex 36.4770238818166 31 6
   vertex 37.42296493727233 31 6
  endloop
 endfacet
 facet normal 0 0 1
  outer loop
   vertex 37.42296493727233 31 6
   vertex 37.42296493727233 32.760463183865006 6
   vertex 36.47702388181659 33.993237568547116 6
  endloop
 endfacet
 facet normal 0 1 0
  outer loop
   vertex 39.106698182704854 40 35.47342668756171
   vertex 39.106698182704854 40 38.588915152254046
   vertex 60 40 56
  endloop
 endfacet
 facet normal 0 1 0
  outer loop
   vertex 60 40 56
   vertex 42.0974605661482 40 13.157227731635118
   vertex 39.106698182704854 40 20.377566839579433
  endloop
 endfacet
 facet normal 0 1 0
  outer loop
   vertex 39.106698182704854 40 20.377566839579433
   vertex 39.106698182704854 40 35.47342668756171
   vertex 60 40 56
  endloop
 endfacet
 facet normal 0 1 0
  outer loop
   vertex 45.06208136158424 40 6
   vertex 42.0974605661482 40 13.157227731635118
   vertex 60 40 56
  endloop
 endfacet
 facet normal 0 1 0
  outer loop
   vertex 60 40 56
   vertex 60 40 6
   vertex 58.132127042214535 40 6
  endloop
 endfacet
 facet normal 0 1 0
  outer loop
   vertex 60 40 56
   vertex 58.132127042214535 40 6
   vertex 45.06208136158424 40 6
  endloop
 endfacet
 facet normal 0 0.9999999999999999 0
  outer loop
   vertex 39.106698182704854 40 38.588915152254046
   vertex 39.106698182704854 40 56
   vertex 60 40 56
  endloop
 endfacet
 facet normal 0 1 0
  outer loop
   vertex 34.66237497212435 40 31.1071122101326
   vertex 34.34810804207146 40 31.865819694871654
   vertex 39.106698182704854 40 38.588915152254046
  endloop
 endfacet
 facet normal 0 1 0
  outer loop
   vertex 39.106698182704854 40 38.588915152254046
   vertex 39.106698182704854 40 35.47342668756171
   vertex 34.66237497212435 40 31.1071122101326
  endloop
 endfacet
 facet normal 0 1 0
  outer loop
   vertex 39.106698182704854 40 38.588915152254046
   vertex 34.34810804207146 40 31.865819694871654
   vertex 33.863703305156264 40 33.03527618041009
  endloop
 endfacet
 facet normal 0 1 0
  outer loop
   vertex 39.106698182704854 40 38.588915152254046
   vertex 33.863703305156264 40 33.03527618041009
   vertex 33.56400203764239 40 33.75881904510252
  endloop
 endfacet
 facet normal 0 0.9999999999999999 0
  outer loop
   vertex 33.56400203764239 40 33.75881904510252
   vertex 33.49897367632388 40 33.91581139693656
   vertex 39.106698182704854 40 38.588915152254046
  endloop
 endfacet
 facet normal 0 1 0
  outer loop
   vertex 36.675607758329456 40 26.246738313461957
   vertex 34.66237497212435 40 31.1071122101326
   vertex 39.106698182704854 40 35.47342668756171
  endloop
 endfacet
 facet normal 0 1 0
  outer loop
   vertex 36.675607758329456 40 26.246738313461957
   vertex 39.106698182704854 40 35.47342668756171
   vertex 39.106698182704854 40 20.377566839579433
  endloop
 endfacet
 facet normal 0 0.9999999999999999 0
  outer loop
   vertex 33.46410161513775 40 34.00000000000001
   vertex 32.80494695077681 40 35.59134013040169
   vertex 39.106698182704854 40 56
  endloop
 endfacet
 facet normal 0 1 0
  outer loop
   vertex 33.46410161513775 40 34.00000000000001
   vertex 39.106698182704854 40 56
   vertex 39.106698182704854 40 38.588915152254046
  endloop
 endfacet
 facet normal 0 1 0
  outer loop
   vertex 39.106698182704854 40 38.588915152254046
   vertex 33.49897367632388 40 33.91581139693656
   vertex 33.46410161513775 40 34.00000000000001
  endloop
 endfacet
 facet normal 0 1 0
  outer loop
   vertex 39.106698182704854 40 56
   vertex 32.80494695077681 40 35.59134013040169
   vertex 31.867872957784712 40 37.85363687323036
  endloop
 endfacet
 facet normal 0 1 0
  outer loop
   vertex 31.867872957784712 40 37.85363687323036
   vertex 31.867872957784712 40 56
   vertex 39.106698182704854 40 56
  endloop
 endfacet
 facet normal 0 1 0
  outer loop
   vertex 27.6256121576543 40 48.09536043202909
   vertex 31.867872957784712 40 56
   vertex 31.867872957784712 40 37.85363687323036
  endloop
 endfacet
 facet normal 0 1 0
  outer loop
   vertex 27.6256121576543 40 48.09536043202909
   vertex 24.3514032429298 40 56
   vertex 31.867872957784712 40 56
  endloop
 endfacet
 facet normal 0 1 0
  outer loop
   vertex 42.0974605661482 40 13.157227731635118
   vertex 39.106698182704854 40 6
   vertex 39.106698182704854 40 20.377566839579433
  endloop
 endfacet
 facet normal 0 1 0
  outer loop
   vertex 42.0974605661482 40 13.157227731635118
   vertex 45.06208136158424 40 6
   vertex 44.89635494692235 40 6
  endloop
 endfacet
 facet normal 0 1 0
  outer loop
   vertex 42.0974605661482 40 13.157227731635118
   vertex 44.89635494692235 40 6
   vertex 39.106698182704854 40 6
  endloop
 endfacet
 facet normal 0 1 0
  outer loop
   vertex 34.07055236082016 40 31.46410161513776
   vertex 34.069489139617325 40 31.47217758196194
   vertex 34.34810804207146 40 31.865819694871654
  endloop
 endfacet
 facet normal 0 1 0
  outer loop
   vertex 34.07055236082016 40 31.46410161513776
   vertex 34.34810804207146 40 31.865819694871654
   vertex 34.66237497212435 40 31.1071122101326
  endloop
 endfacet
 facet normal 0 1 0
  outer loop
   vertex 34.66237497212435 40 31.1071122101326
   vertex 34.17994872609908 40 30.63315372365322
   vertex 34.14626436994197 40 30.88901181046812
  endloop
 endfacet
 facet normal 0 1 0
  outer loop
   vertex 34.66237497212435 40 31.1071122101326
   vertex 34.14626436994197 40 30.88901181046812
   vertex 34.07055236082016 40 31.46410161513776
  endloop
 endfacet
 facet normal 0 1 0
  outer loop
   vertex 33.897777478867205 40 32.77645713530756
   vertex 33.863703305156264 40 33.03527618041009
   vertex 34.34810804207146 40 31.865819694871654
  endloop
 endfacet
 facet normal 0 0.9999999999999999 0
  outer loop
   vertex 34.34810804207146 40 31.865819694871654
   vertex 34.069489139617325 40 31.47217758196194
   vertex 33.99999999999999 40 31.999999999999975
  endloop
 endfacet
 facet normal 0 1 0
  outer loop
   vertex 34.34810804207146 40 31.865819694871654
   vertex 33.99999999999999 40 31.999999999999975
   vertex 33.897777478867205 40 32.77645713530756
  endloop
 endfacet
 facet normal 0 1 0
  outer loop
   vertex 34.66237497212435 40 31.1071122101326
   vertex 36.675607758329456 40 26.246738313461957
   vertex 35.39653278236891 40 21.392280374765903
  endloop
 endfacet
 facet normal 0 1 0
  outer loop
   vertex 34.66237497212435 40 31.1071122101326
   vertex 35.39653278236891 40 21.392280374765903
   vertex 34.329049329198355 40 29.500622204452164
  endloop
 endfacet
 facet normal 0 1 0
  outer loop
   vertex 34.66237497212435 40 31.1071122101326
   vertex 34.329049329198355 40 29.500622204452164
   vertex 34.230710143300826 40 30.247582480175375
  endloop
 endfacet
 facet normal 0 1 0
  outer loop
   vertex 34.230710143300826 40 30.247582480175375
   vertex 34.17994872609908 40 30.63315372365322
   vertex 34.66237497212435 40 31.1071122101326
  endloop
 endfacet
 facet normal 0 1 0
  outer loop
   vertex 39.106698182704854 40 6
   vertex 37.359409050476415 40 6.482754888517898
   vertex 35.39653278236891 40 21.392280374765903
  endloop
 endfacet
 facet normal 0 1 0
  outer loop
   vertex 39.106698182704854 40 6
   vertex 35.39653278236891 40 21.392280374765903
   vertex 36.675607758329456 40 26.246738313461957
  endloop
 endfacet
 facet normal 0 1 0
  outer loop
   vertex 36.675607758329456 40 26.246738313461957
   vertex 39.106698182704854 40 20.377566839579433
   vertex 39.106698182704854 40 6
  endloop
 endfacet
 facet normal 0 1 0
  outer loop
   vertex 37.359409050476415 40 6.482754888517898
   vertex 39.106698182704854 40 6
   vertex 37.422964937272326 40 6
  endloop
 endfacet
 facet normal 0 1 0
  outer loop
   vertex 32.828427124746185 40 34.82842712474619
   vertex 32.643708265623054 40 35.06915742879774
   vertex 32.80494695077681 40 35.59134013040169
  endloop
 endfacet
 facet normal 0 1 0
  outer loop
   vertex 32.80494695077681 40 35.59134013040169
   vertex 33.46410161513775 40 34.00000000000001
   vertex 32.98734574734409 40 34.621320343559645
  endloop
 endfacet
 facet normal 0 1 0
  outer loop
   vertex 32.80494695077681 40 35.59134013040169
   vertex 32.98734574734409 40 34.621320343559645
   vertex 32.828427124746185 40 34.82842712474619
  endloop
 endfacet
 facet normal 0 1 0
  outer loop
   vertex 31.867872957784712 40 37.85363687323036
   vertex 32.80494695077681 40 35.59134013040169
   vertex 32.643708265623054 40 35.06915742879774
  endloop
 endfacet
 facet normal 0 1 0
  outer loop
   vertex 31.867872957784712 40 37.85363687323036
   vertex 32.643708265623054 40 35.06915742879774
   vertex 32.49937779554783 40 35.25725255947387
  endloop
 endfacet
 facet normal 0 1 0
  outer loop
   vertex 31.867872957784712 40 37.85363687323036
   vertex 32.49937779554783 40 35.25725255947387
   vertex 32.14626436994197 40 35.717438935214304
  endloop
 endfacet
 facet normal 0 0.9999999999999999 0
  outer loop
   vertex 32.14626436994197 40 35.717438935214304
   vertex 31.867872957784712 40 36.080245687118726
   vertex 31.867872957784712 40 37.85363687323036
  endloop
 endfacet
 facet normal 0 1 0
  outer loop
   vertex 30.732050807568875 40 37.56047793231507
   vertex 25.577159939963128 40 44.2784625052063
   vertex 27.6256121576543 40 48.09536043202909
  endloop
 endfacet
 facet normal 0 1 0
  outer loop
   vertex 30.732050807568875 40 37.56047793231507
   vertex 27.6256121576543 40 48.09536043202909
   vertex 31.867872957784712 40 37.85363687323036
  endloop
 endfacet
 facet normal 0 1 0
  outer loop
   vertex 31.867872957784712 40 37.85363687323036
   vertex 31.867872957784712 40 36.080245687118726
   vertex 31.75241751982462 40 36.23071014330082
  endloop
 endfacet
 facet normal 0 1 0
  outer loop
   vertex 31.867872957784712 40 37.85363687323036
   vertex 31.75241751982462 40 36.23071014330082
   vertex 31.293773148788272 40 36.828427124746185
  endloop
 endfacet
 facet normal 0 1 0
  outer loop
   vertex 31.867872957784712 40 37.85363687323036
   vertex 31.293773148788272 40 36.828427124746185
   vertex 30.732050807568875 40 37.56047793231507
  endloop
 endfacet
 facet normal 0 1 0
  outer loop
   vertex 24.3514032429298 40 56
   vertex 27.6256121576543 40 48.09536043202909
   vertex 25.577159939963128 40 44.2784625052063
  endloop
 endfacet
 facet normal 0 1 0
  outer loop
   vertex 25.577159939963128 40 44.2784625052063
   vertex 16.582907879600633 40 56
   vertex 24.3514032429298 40 56
  endloop
 endfacet
 facet normal 0 0.9999999999999999 0
  outer loop
   vertex 27.17157287525381 40 34.82842712474619
   vertex 15.838424636136436 40 26.1321966221052
   vertex 25.577159939963128 40 44.2784625052063
  endloop
 endfacet
 facet normal 0 1 0
  outer loop
   vertex 25.577159939963128 40 44.2784625052063
   vertex 30.732050807568875 40 37.56047793231507
   vertex 28.000000000000004 40 35.46410161513776
  endloop
 endfacet
 facet normal 0 1 0
  outer loop
   vertex 25.577159939963128 40 44.2784625052063
   vertex 28.000000000000004 40 35.46410161513776
   vertex 27.378679656440358 40 34.98734574734409
  endloop
 endfacet
 facet normal 0 1 0
  outer loop
   vertex 25.577159939963128 40 44.2784625052063
   vertex 27.378679656440358 40 34.98734574734409
   vertex 27.17157287525381 40 34.82842712474619
  endloop
 endfacet
 facet normal 0 1 0
  outer loop
   vertex 16.582907879600633 40 56
   vertex 25.577159939963128 40 44.2784625052063
   vertex 15.838424636136436 40 26.1321966221052
  endloop
 endfacet
 facet normal 0 1 0
  outer loop
   vertex 16.582907879600633 40 56
   vertex 15.838424636136436 40 26.1321966221052
   vertex 9.106698182704859 40 20.966761238695263
  endloop
 endfacet
 facet normal 0 1 0
  outer loop
   vertex 9.106698182704859 40 20.966761238695263
   vertex 9.106698182704854 40 56
   vertex 16.582907879600633 40 56
  endloop
 endfacet
 facet normal 0 1 0
  outer loop
   vertex 3.623928252245432 40 16.75968390217422
   vertex 3.193757249387957 40 16.429602082235704
   vertex 9.106698182704854 40 56
  endloop
 endfacet
 facet normal 0 1 0
  outer loop
   vertex 3.623928252245432 40 16.75968390217422
   vertex 9.106698182704854 40 56
   vertex 9.106698182704859 40 20.966761238695263
  endloop
 endfacet
 facet normal 0 1 0
  outer loop
   vertex 3.1319831473760704 40 16.382201146603812
   vertex 9.106698182704854 40 56
   vertex 3.193757249387957 40 16.429602082235704
  endloop
 endfacet
 facet normal 0 1 0
  outer loop
   vertex 9.106698182704854 40 56
   vertex 3.1319831473760704 40 16.382201146603812
   vertex 1.8678729577845852 40 15.412215282351056
  endloop
 endfacet
 facet normal 0 0.9999999999999999 0
  outer loop
   vertex 1.8678729577845852 40 15.412215282351056
   vertex 1.8678729577845852 40 56
   vertex 9.106698182704854 40 56
  endloop
 endfacet
 facet normal 0 1 0
  outer loop
   vertex 0.2398259722929339 40 14.162970892685529
   vertex 1.8678729577845852 40 56
   vertex 1.8678729577845852 40 15.412215282351056
  endloop
 endfacet
 facet normal 0 1 0
  outer loop
   vertex 1.8678729577845852 40 56
   vertex 0.2398259722929339 40 14.162970892685529
   vertex 0 40 13.978945951726871
  endloop
 endfacet
 facet normal 0 1 0
  outer loop
   vertex 0 40 13.978945951726871
   vertex 0 40 56
   vertex 1.8678729577845852 40 56
  endloop
 endfacet
 facet normal 0 1 0
  outer loop
   vertex 28.24118095489748 40 35.56400203764239
   vertex 28.000000000000004 40 35.46410161513776
   vertex 30.732050807568875 40 37.56047793231507
  endloop
 endfacet
 facet normal 0 1 0
  outer loop
   vertex 30.732050807568875 40 37.56047793231507
   vertex 31.293773148788272 40 36.828427124746185
   vertex 28.96472381958992 40 35.86370330515627
  endloop
 endfacet
 facet normal 0 1 0
  outer loop
   vertex 30.732050807568875 40 37.56047793231507
   vertex 28.96472381958992 40 35.86370330515627
   vertex 28.24118095489748 40 35.56400203764239
  endloop
 endfacet
 facet normal 0 1 0
  outer loop
   vertex 9.106698182704859 40 11.28582406821928
   vertex 9.10669818270486 40 13.588915152254053
   vertex 14.008017827206181 40 17.673348189338487
  endloop
 endfacet
 facet normal 0 1 0
  outer loop
   vertex 9.10669818270486 40 13.588915152254053
   vertex 15.838424636136436 40 26.1321966221052
   vertex 27.17157287525381 40 34.82842712474619
  endloop
 endfacet
 facet normal 0 1 0
  outer loop
   vertex 9.10669818270486 40 13.588915152254053
   vertex 27.17157287525381 40 34.82842712474619
   vertex 26.694817007460138 40 34.207106781186546
  endloop
 endfacet
 facet normal 0 1 0
  outer loop
   vertex 9.10669818270486 40 13.588915152254053
   vertex 26.694817007460138 40 34.207106781186546
   vertex 26.535898384862247 40 34
  endloop
 endfacet
 facet normal 0 1 0
  outer loop
   vertex 26.535898384862247 40 34
   vertex 14.008017827206181 40 17.673348189338487
   vertex 9.10669818270486 40 13.588915152254053
  endloop
 endfacet
 facet normal 0 0.9999999999999999 0
  outer loop
   vertex 15.838424636136436 40 26.1321966221052
   vertex 9.10669818270486 40 13.588915152254053
   vertex 9.106698182704859 40 20.966761238695263
  endloop
 endfacet
 facet normal 0 1 0
  outer loop
   vertex 3.7756094602200374 40 8
   vertex 2.3999999999999986 40 8
   vertex 9.10669818270486 40 13.588915152254053
  endloop
 endfacet
 facet normal 0 1 0
  outer loop
   vertex 9.106698182704859 40 11.28582406821928
   vertex 6.585396697409397 40 8
   vertex 3.7756094602200374 40 8
  endloop
 endfacet
 facet normal 0 1 0
  outer loop
   vertex 3.7756094602200374 40 8
   vertex 9.10669818270486 40 13.588915152254053
   vertex 9.106698182704859 40 11.28582406821928
  endloop
 endfacet
 facet normal 0 1 0
  outer loop
   vertex 3.193757249387957 40 16.429602082235704
   vertex 3.623928252245432 40 16.75968390217422
   vertex 2.3999999999999986 40 8
  endloop
 endfacet
 facet normal 0 1 0
  outer loop
   vertex 2.3999999999999986 40 8
   vertex 1.9341353646848845 40 8
   vertex 3.193757249387957 40 16.429602082235704
  endloop
 endfacet
 facet normal 0 1 0
  outer loop
   vertex 2.3999999999999986 40 8
   vertex 3.623928252245432 40 16.75968390217422
   vertex 9.106698182704859 40 20.966761238695263
  endloop
 endfacet
 facet normal 0 1 0
  outer loop
   vertex 9.106698182704859 40 20.966761238695263
   vertex 9.10669818270486 40 13.588915152254053
   vertex 2.3999999999999986 40 8
  endloop
 endfacet
 facet normal 0 1 0
  outer loop
   vertex 1.8678729577845852 40 8
   vertex 3.1319831473760704 40 16.382201146603812
   vertex 3.193757249387957 40 16.429602082235704
  endloop
 endfacet
 facet normal 0 1 0
  outer loop
   vertex 3.193757249387957 40 16.429602082235704
   vertex 1.9341353646848845 40 8
   vertex 1.8678729577845852 40 8
  endloop
 endfacet
 facet normal 0 1 0
  outer loop
   vertex 3.1319831473760704 40 16.382201146603812
   vertex 1.8678729577845852 40 8
   vertex 1.8678729577845852 40 15.412215282351056
  endloop
 endfacet
 facet normal 0 1 0
  outer loop
   vertex 0 40 8
   vertex 0.2398259722929339 40 14.162970892685529
   vertex 1.8678729577845852 40 15.412215282351056
  endloop
 endfacet
 facet normal 0 1 0
  outer loop
   vertex 1.8678729577845852 40 15.412215282351056
   vertex 1.8678729577845852 40 8
   vertex 0 40 8
  endloop
 endfacet
 facet normal 0 1 0
  outer loop
   vertex 0.2398259722929339 40 14.162970892685529
   vertex 0 40 8
   vertex 0 40 13.978945951726871
  endloop
 endfacet
 facet normal 0 1 0
  outer loop
   vertex 2.3999999999999986 40 8
   vertex 3.7756094602200374 40 8
   vertex 1.8678729577845852 40 6
  endloop
 endfacet
 facet normal 0 1 0
  outer loop
   vertex 1.8678729577845852 40 6
   vertex 1.867872957784586 40 7.556560798153822
   vertex 2.3999999999999986 40 8
  endloop
 endfacet
 facet normal 0 1 0
  outer loop
   vertex 6.585396697409397 40 8
   vertex 5.9070640913009935 40 7.115979736494024
   vertex 1.8678729577845852 40 6
  endloop
 endfacet
 facet normal 0 1 0
  outer loop
   vertex 1.8678729577845852 40 6
   vertex 3.7756094602200374 40 8
   vertex 6.585396697409397 40 8
  endloop
 endfacet
 facet normal 0 1 0
  outer loop
   vertex 5.9070640913009935 40 7.115979736494024
   vertex 5.050742721451486 40 6
   vertex 1.8678729577845852 40 6
  endloop
 endfacet
 facet normal 0 0.9999999999999999 0
  outer loop
   vertex 1.9341353646848845 40 8
   vertex 2.3999999999999986 40 8
   vertex 1.867872957784586 40 7.556560798153822
  endloop
 endfacet
 facet normal 0 1 0
  outer loop
   vertex 1.9341353646848845 40 8
   vertex 1.867872957784586 40 7.556560798153822
   vertex 1.8678729577845852 40 8
  endloop
 endfacet
 facet normal 0 1 0
  outer loop
   vertex 1.867872957784586 40 7.556560798153822
   vertex 1.8678729577845852 40 6
   vertex 0 40 6
  endloop
 endfacet
 facet normal 0 1 0
  outer loop
   vertex 0 40 8
   vertex 1.8678729577845852 40 8
   vertex 1.867872957784586 40 7.556560798153822
  endloop
 endfacet
 facet normal 0 1 0
  outer loop
   vertex 1.867872957784586 40 7.556560798153822
   vertex 0 40 6
   vertex 0 40 8
  endloop
 endfacet
 facet normal 0 1 0
  outer loop
   vertex 29.223542864692437 40 35.897777478867205
   vertex 28.96472381958992 40 35.86370330515627
   vertex 31.293773148788272 40 36.828427124746185
  endloop
 endfacet
 facet normal 0 1 0
  outer loop
   vertex 31.293773148788272 40 36.828427124746185
   vertex 31.75241751982462 40 36.23071014330082
   vertex 30.000000000000018 40 36
  endloop
 endfacet
 facet normal 0 1 0
  outer loop
   vertex 31.293773148788272 40 36.828427124746185
   vertex 30.000000000000018 40 36
   vertex 29.223542864692437 40 35.897777478867205
  endloop
 endfacet
 facet normal 0 1 0
  outer loop
   vertex 20.222842787307403 40 18.75893555636773
   vertex 18.939178803965078 40 15.659896558252818
   vertex 11.14243025539666 40 8
  endloop
 endfacet
 facet normal 0 1 0
  outer loop
   vertex 9.106698182704855 40 8
   vertex 21.146988184552082 40 20.990019908000505
   vertex 20.222842787307403 40 18.75893555636773
  endloop
 endfacet
 facet normal 0 1 0
  outer loop
   vertex 20.222842787307403 40 18.75893555636773
   vertex 11.14243025539666 40 8
   vertex 9.106698182704855 40 8
  endloop
 endfacet
 facet normal 0 0.9999999999999999 0
  outer loop
   vertex 22.81218090278342 40 25.010150752319518
   vertex 21.146988184552082 40 20.990019908000505
   vertex 9.106698182704855 40 8
  endloop
 endfacet
 facet normal 0 0.9999999999999999 0
  outer loop
   vertex 22.81218090278342 40 25.010150752319518
   vertex 9.106698182704855 40 8
   vertex 9.106698182704859 40 11.28582406821928
  endloop
 endfacet
 facet normal 0 1 0
  outer loop
   vertex 9.106698182704859 40 11.28582406821928
   vertex 14.008017827206181 40 17.673348189338487
   vertex 22.81218090278342 40 25.010150752319518
  endloop
 endfacet
 facet normal 0 1 0
  outer loop
   vertex 15.766345763161766 40 8
   vertex 11.14243025539666 40 8
   vertex 18.939178803965078 40 15.659896558252818
  endloop
 endfacet
 facet normal 0 1 0
  outer loop
   vertex 14.008017827206181 40 17.673348189338487
   vertex 26.535898384862247 40 34
   vertex 26.236197117348357 40 33.27645713530757
  endloop
 endfacet
 facet normal 0 1 0
  outer loop
   vertex 14.008017827206181 40 17.673348189338487
   vertex 26.236197117348357 40 33.27645713530757
   vertex 26.136296694843736 40 33.0352761804101
  endloop
 endfacet
 facet normal 0 1 0
  outer loop
   vertex 26.136296694843736 40 33.0352761804101
   vertex 22.81218090278342 40 25.010150752319518
   vertex 14.008017827206181 40 17.673348189338487
  endloop
 endfacet
 facet normal 0 1 0
  outer loop
   vertex 6.585396697409397 40 8
   vertex 9.106698182704859 40 11.28582406821928
   vertex 9.106698182704855 40 8
  endloop
 endfacet
 facet normal 0 1 0
  outer loop
   vertex 11.14243025539666 40 8
   vertex 9.106698182704854 40 6
   vertex 9.106698182704855 40 8
  endloop
 endfacet
 facet normal 0 1 0
  outer loop
   vertex 15.766345763161766 40 8
   vertex 15.158171078871302 40 6.531736428893988
   vertex 9.106698182704854 40 6
  endloop
 endfacet
 facet normal 0 1 0
  outer loop
   vertex 9.106698182704854 40 6
   vertex 11.14243025539666 40 8
   vertex 15.766345763161766 40 8
  endloop
 endfacet
 facet normal 0 1 0
  outer loop
   vertex 15.158171078871302 40 6.531736428893988
   vertex 14.937918638415574 40 6
   vertex 9.106698182704854 40 6
  endloop
 endfacet
 facet normal 0 1 0
  outer loop
   vertex 5.9070640913009935 40 7.115979736494024
   vertex 6.585396697409397 40 8
   vertex 9.106698182704855 40 8
  endloop
 endfacet
 facet normal 0 1 0
  outer loop
   vertex 5.050742721451486 40 6
   vertex 5.9070640913009935 40 7.115979736494024
   vertex 9.106698182704855 40 8
  endloop
 endfacet
 facet normal 0 1 0
  outer loop
   vertex 9.106698182704855 40 8
   vertex 9.106698182704854 40 6
   vertex 5.050742721451486 40 6
  endloop
 endfacet
 facet normal 0 1 0
  outer loop
   vertex 32.14626436994197 40 35.717438935214304
   vertex 31.867872957784712 40 35.75408985993168
   vertex 31.867872957784712 40 36.080245687118726
  endloop
 endfacet
 facet normal 0 0.9999999999999999 0
  outer loop
   vertex 30.25881904510252 40 35.965925826289066
   vertex 30.000000000000018 40 36
   vertex 31.75241751982462 40 36.23071014330082
  endloop
 endfacet
 facet normal 0 1 0
  outer loop
   vertex 30.25881904510252 40 35.965925826289066
   vertex 31.75241751982462 40 36.23071014330082
   vertex 31.867872957784712 40 36.080245687118726
  endloop
 endfacet
 facet normal 0 1 0
  outer loop
   vertex 31.867872957784712 40 36.080245687118726
   vertex 31.867872957784712 40 35.75408985993168
   vertex 31.035276180410072 40 35.86370330515627
  endloop
 endfacet
 facet normal 0 1 0
  outer loop
   vertex 31.867872957784712 40 36.080245687118726
   vertex 31.035276180410072 40 35.86370330515627
   vertex 30.25881904510252 40 35.965925826289066
  endloop
 endfacet
 facet normal 0 1 0
  outer loop
   vertex 18.939178803965078 40 15.659896558252818
   vertex 20.222842787307403 40 18.75893555636773
   vertex 25.002325570200167 40 24.421910346687294
  endloop
 endfacet
 facet normal 0 0.9999999999999999 0
  outer loop
   vertex 25.002325570200167 40 24.421910346687294
   vertex 24.578136846935333 40 21.199877107376828
   vertex 18.939178803965078 40 15.659896558252818
  endloop
 endfacet
 facet normal 0 1 0
  outer loop
   vertex 20.222842787307403 40 18.75893555636773
   vertex 21.146988184552082 40 20.990019908000505
   vertex 25.1139670191232 40 25.269911341495007
  endloop
 endfacet
 facet normal 0 1 0
  outer loop
   vertex 25.1139670191232 40 25.269911341495007
   vertex 25.002325570200167 40 24.421910346687294
   vertex 20.222842787307403 40 18.75893555636773
  endloop
 endfacet
 facet normal 0 1 0
  outer loop
   vertex 25.359203830300086 40 27.132669858583405
   vertex 25.1139670191232 40 25.269911341495007
   vertex 21.146988184552082 40 20.990019908000505
  endloop
 endfacet
 facet normal 0 1 0
  outer loop
   vertex 21.146988184552082 40 20.990019908000505
   vertex 22.81218090278342 40 25.010150752319518
   vertex 25.359203830300086 40 27.132669858583405
  endloop
 endfacet
 facet normal 0 1 0
  outer loop
   vertex 24.578136846935333 40 21.199877107376828
   vertex 22.840340057902463 40 8
   vertex 15.766345763161766 40 8
  endloop
 endfacet
 facet normal 0 1 0
  outer loop
   vertex 15.766345763161766 40 8
   vertex 18.939178803965078 40 15.659896558252818
   vertex 24.578136846935333 40 21.199877107376828
  endloop
 endfacet
 facet normal 0 0.9999999999999999 0
  outer loop
   vertex 22.81218090278342 40 25.010150752319518
   vertex 26.136296694843736 40 33.0352761804101
   vertex 26.034074173710934 40 32.25881904510252
  endloop
 endfacet
 facet normal 0 1 0
  outer loop
   vertex 22.81218090278342 40 25.010150752319518
   vertex 26.034074173710934 40 32.25881904510252
   vertex 26.000000000000004 40 31.999999999999993
  endloop
 endfacet
 facet normal 0 1 0
  outer loop
   vertex 26.000000000000004 40 31.999999999999993
   vertex 25.359203830300086 40 27.132669858583405
   vertex 22.81218090278342 40 25.010150752319518
  endloop
 endfacet
 facet normal 0 1 0
  outer loop
   vertex 22.840340057902463 40 8
   vertex 22.734685854642432 40 7.1974766510609305
   vertex 15.158171078871302 40 6.531736428893988
  endloop
 endfacet
 facet normal 0 1 0
  outer loop
   vertex 15.158171078871302 40 6.531736428893988
   vertex 15.766345763161766 40 8
   vertex 22.840340057902463 40 8
  endloop
 endfacet
 facet normal 0 1 0
  outer loop
   vertex 14.937918638415574 40 6
   vertex 15.158171078871302 40 6.531736428893988
   vertex 22.734685854642432 40 7.1974766510609305
  endloop
 endfacet
 facet normal 0 1 0
  outer loop
   vertex 22.734685854642432 40 7.1974766510609305
   vertex 22.577035062727667 40 6
   vertex 14.937918638415574 40 6
  endloop
 endfacet
 facet normal 0 0.9999999999999999 0
  outer loop
   vertex 31.867872957784712 40 35.75408985993168
   vertex 32.14626436994197 40 35.717438935214304
   vertex 32.49937779554783 40 35.25725255947387
  endloop
 endfacet
 facet normal 0 1 0
  outer loop
   vertex 31.867872957784712 40 35.75408985993168
   vertex 32.49937779554783 40 35.25725255947387
   vertex 32.00000000000001 40 35.46410161513775
  endloop
 endfacet
 facet normal 0 0.9999999999999999 0
  outer loop
   vertex 32.00000000000001 40 35.46410161513775
   vertex 31.867872957784712 40 35.518830427979566
   vertex 31.867872957784712 40 35.75408985993168
  endloop
 endfacet
 facet normal 0 1 0
  outer loop
   vertex 31.276457135307563 40 35.76380288265164
   vertex 31.035276180410072 40 35.86370330515627
   vertex 31.867872957784712 40 35.75408985993168
  endloop
 endfacet
 facet normal 0 1 0
  outer loop
   vertex 31.867872957784712 40 35.75408985993168
   vertex 31.867872957784712 40 35.518830427979566
   vertex 31.276457135307563 40 35.76380288265164
  endloop
 endfacet
 facet normal 0 1 0
  outer loop
   vertex 24.578136846935333 40 21.199877107376828
   vertex 25.002325570200167 40 24.421910346687294
   vertex 26.728422937232402 40 26.467078478713567
  endloop
 endfacet
 facet normal 0 1 0
  outer loop
   vertex 26.728422937232402 40 26.467078478713567
   vertex 27.096175780825522 40 23.67371830452478
   vertex 24.578136846935333 40 21.199877107376828
  endloop
 endfacet
 facet normal 0 1 0
  outer loop
   vertex 25.002325570200167 40 24.421910346687294
   vertex 25.1139670191232 40 25.269911341495007
   vertex 26.66563804004326 40 26.943977119755054
  endloop
 endfacet
 facet normal 0 1 0
  outer loop
   vertex 26.66563804004326 40 26.943977119755054
   vertex 26.728422937232402 40 26.467078478713567
   vertex 25.002325570200167 40 24.421910346687294
  endloop
 endfacet
 facet normal 0 1 0
  outer loop
   vertex 26.514092819782004 40 28.095077349818336
   vertex 26.66563804004326 40 26.943977119755054
   vertex 25.1139670191232 40 25.269911341495007
  endloop
 endfacet
 facet normal 0 1 0
  outer loop
   vertex 25.1139670191232 40 25.269911341495007
   vertex 25.359203830300086 40 27.132669858583405
   vertex 26.514092819782004 40 28.095077349818336
  endloop
 endfacet
 facet normal 0 1 0
  outer loop
   vertex 27.096175780825522 40 23.67371830452478
   vertex 29.15965994209747 40 8
   vertex 22.840340057902463 40 8
  endloop
 endfacet
 facet normal 0 1 0
  outer loop
   vertex 22.840340057902463 40 8
   vertex 24.578136846935333 40 21.199877107376828
   vertex 27.096175780825522 40 23.67371830452478
  endloop
 endfacet
 facet normal 0 1 0
  outer loop
   vertex 25.359203830300086 40 27.132669858583405
   vertex 26.000000000000004 40 31.999999999999993
   vertex 26.102222521132795 40 31.223542864692437
  endloop
 endfacet
 facet normal 0 1 0
  outer loop
   vertex 25.359203830300086 40 27.132669858583405
   vertex 26.102222521132795 40 31.223542864692437
   vertex 26.136296694843725 40 30.96472381958993
  endloop
 endfacet
 facet normal 0 1 0
  outer loop
   vertex 26.136296694843725 40 30.96472381958993
   vertex 26.514092819782004 40 28.095077349818336
   vertex 25.359203830300086 40 27.132669858583405
  endloop
 endfacet
 facet normal 0 1 0
  outer loop
   vertex 29.15965994209747 40 8
   vertex 29.190630718512104 40 7.764753597674247
   vertex 22.734685854642432 40 7.1974766510609305
  endloop
 endfacet
 facet normal 0 1 0
  outer loop
   vertex 22.734685854642432 40 7.1974766510609305
   vertex 22.840340057902463 40 8
   vertex 29.15965994209747 40 8
  endloop
 endfacet
 facet normal 0 1 0
  outer loop
   vertex 22.577035062727667 40 6
   vertex 22.734685854642432 40 7.1974766510609305
   vertex 29.190630718512104 40 7.764753597674247
  endloop
 endfacet
 facet normal 0 1 0
  outer loop
   vertex 29.190630718512104 40 7.764753597674247
   vertex 29.42296493727226 40 6
   vertex 22.577035062727667 40 6
  endloop
 endfacet
 facet normal 0 1 0
  outer loop
   vertex 32.61899705891476 40 34.98912846635287
   vertex 32.643708265623054 40 35.06915742879774
   vertex 32.828427124746185 40 34.82842712474619
  endloop
 endfacet
 facet normal 0 1 0
  outer loop
   vertex 32.207106781186546 40 35.30518299253986
   vertex 32.00000000000001 40 35.46410161513775
   vertex 32.49937779554783 40 35.25725255947387
  endloop
 endfacet
 facet normal 0 1 0
  outer loop
   vertex 32.207106781186546 40 35.30518299253986
   vertex 32.49937779554783 40 35.25725255947387
   vertex 32.643708265623054 40 35.06915742879774
  endloop
 endfacet
 facet normal 0 1 0
  outer loop
   vertex 32.643708265623054 40 35.06915742879774
   vertex 32.61899705891476 40 34.98912846635287
   vertex 32.207106781186546 40 35.30518299253986
  endloop
 endfacet
 facet normal 0 1 0
  outer loop
   vertex 33.33779361794253 40 13.578772278456785
   vertex 31.867872957784712 40 8
   vertex 31.867872957784712 40 17.127474671822192
  endloop
 endfacet
 facet normal 0 0.9999999999999999 0
  outer loop
   vertex 36.137186404321284 40 6.820440247171826
   vertex 31.867872957784712 40 8
   vertex 33.33779361794253 40 13.578772278456785
  endloop
 endfacet
 facet normal 0 1 0
  outer loop
   vertex 31.867872957784712 40 8
   vertex 36.137186404321284 40 6.820440247171826
   vertex 36.47702388181659 40 6
  endloop
 endfacet
 facet normal 0 1 0
  outer loop
   vertex 36.47702388181659 40 6
   vertex 31.867872957784712 40 6
   vertex 31.867872957784712 40 8
  endloop
 endfacet
 facet normal 0 1 0
  outer loop
   vertex 27.096175780825522 40 23.67371830452478
   vertex 26.728422937232402 40 26.467078478713567
   vertex 27.580901716656545 40 27.47713878365716
  endloop
 endfacet
 facet normal 0 1 0
  outer loop
   vertex 27.096175780825522 40 23.67371830452478
   vertex 27.580901716656545 40 27.47713878365716
   vertex 27.85373563005804 40 26.81845944964795
  endloop
 endfacet
 facet normal 0 0.9999999999999999 0
  outer loop
   vertex 27.85373563005804 40 26.81845944964795
   vertex 28.5604526791529 40 25.11229356496285
   vertex 27.096175780825522 40 23.67371830452478
  endloop
 endfacet
 facet normal 0 1 0
  outer loop
   vertex 26.728422937232402 40 26.467078478713567
   vertex 26.66563804004326 40 26.943977119755054
   vertex 27.450845801847397 40 27.79112153705625
  endloop
 endfacet
 facet normal 0 1 0
  outer loop
   vertex 26.728422937232402 40 26.467078478713567
   vertex 27.450845801847397 40 27.79112153705625
   vertex 27.500622204452174 40 27.67095067080164
  endloop
 endfacet
 facet normal 0 0.9999999999999999 0
  outer loop
   vertex 27.500622204452174 40 27.67095067080164
   vertex 27.580901716656545 40 27.47713878365716
   vertex 26.728422937232402 40 26.467078478713567
  endloop
 endfacet
 facet normal 0 1 0
  outer loop
   vertex 27.212306299765306 40 28.367006838144555
   vertex 27.450845801847397 40 27.79112153705625
   vertex 26.66563804004326 40 26.943977119755054
  endloop
 endfacet
 facet normal 0 1 0
  outer loop
   vertex 27.212306299765306 40 28.367006838144555
   vertex 26.66563804004326 40 26.943977119755054
   vertex 26.514092819782004 40 28.095077349818336
  endloop
 endfacet
 facet normal 0 1 0
  outer loop
   vertex 26.514092819782004 40 28.095077349818336
   vertex 27.11687578304628 40 28.597396485871897
   vertex 27.212306299765306 40 28.367006838144555
  endloop
 endfacet
 facet normal 0 1 0
  outer loop
   vertex 31.867872957784712 40 8
   vertex 29.15965994209747 40 8
   vertex 27.096175780825522 40 23.67371830452478
  endloop
 endfacet
 facet normal 0 1 0
  outer loop
   vertex 31.867872957784712 40 8
   vertex 27.096175780825522 40 23.67371830452478
   vertex 28.5604526791529 40 25.11229356496285
  endloop
 endfacet
 facet normal 0 0.9999999999999999 0
  outer loop
   vertex 28.5604526791529 40 25.11229356496285
   vertex 31.867872957784712 40 17.127474671822192
   vertex 31.867872957784712 40 8
  endloop
 endfacet
 facet normal 0 1 0
  outer loop
   vertex 26.514092819782004 40 28.095077349818336
   vertex 26.136296694843725 40 30.96472381958993
   vertex 26.435997962357614 40 30.24118095489748
  endloop
 endfacet
 facet normal 0 1 0
  outer loop
   vertex 26.514092819782004 40 28.095077349818336
   vertex 26.435997962357614 40 30.24118095489748
   vertex 26.535898384862257 40 29.999999999999986
  endloop
 endfacet
 facet normal 0 1 0
  outer loop
   vertex 26.514092819782004 40 28.095077349818336
   vertex 26.535898384862257 40 29.999999999999986
   vertex 26.742747440526156 40 29.500622204452142
  endloop
 endfacet
 facet normal 0 1 0
  outer loop
   vertex 26.514092819782004 40 28.095077349818336
   vertex 26.742747440526156 40 29.500622204452142
   vertex 26.96472381958993 40 28.964723819589903
  endloop
 endfacet
 facet normal 0 1 0
  outer loop
   vertex 26.96472381958993 40 28.964723819589903
   vertex 27.11687578304628 40 28.597396485871897
   vertex 26.514092819782004 40 28.095077349818336
  endloop
 endfacet
 facet normal 0 1 0
  outer loop
   vertex 29.190630718512104 40 7.764753597674247
   vertex 29.15965994209747 40 8
   vertex 31.867872957784712 40 8
  endloop
 endfacet
 facet normal 0 1 0
  outer loop
   vertex 29.42296493727226 40 6
   vertex 29.190630718512104 40 7.764753597674247
   vertex 31.867872957784712 40 8
  endloop
 endfacet
 facet normal 0 1 0
  outer loop
   vertex 31.867872957784712 40 8
   vertex 31.867872957784712 40 6
   vertex 29.42296493727226 40 6
  endloop
 endfacet
 facet normal 0 1 0
  outer loop
   vertex 31.867872957784712 40 28.361660535203175
   vertex 31.98754715512642 40 28.530740247625484
   vertex 31.999999999999996 40 28.535898384862247
  endloop
 endfacet
 facet normal 0 1 0
  outer loop
   vertex 31.999999999999996 40 28.535898384862247
   vertex 32.07818954937306 40 28.56828555664841
   vertex 31.867872957784712 40 28.361660535203175
  endloop
 endfacet
 facet normal 0 1 0
  outer loop
   vertex 31.98754715512642 40 28.530740247625484
   vertex 31.867872957784712 40 28.361660535203175
   vertex 31.867872957784712 40 28.48116957202043
  endloop
 endfacet
 facet normal 0 1 0
  outer loop
   vertex 32.07818954937306 40 28.56828555664841
   vertex 34.329049329198355 40 29.500622204452164
   vertex 35.39653278236891 40 21.392280374765903
  endloop
 endfacet
 facet normal 0 1 0
  outer loop
   vertex 32.07818954937306 40 28.56828555664841
   vertex 35.39653278236891 40 21.392280374765903
   vertex 33.33779361794253 40 13.578772278456785
  endloop
 endfacet
 facet normal 0 1 0
  outer loop
   vertex 32.07818954937306 40 28.56828555664841
   vertex 33.33779361794253 40 13.578772278456785
   vertex 31.867872957784712 40 17.127474671822192
  endloop
 endfacet
 facet normal 0 1 0
  outer loop
   vertex 31.867872957784712 40 17.127474671822192
   vertex 31.867872957784712 40 28.361660535203175
   vertex 32.07818954937306 40 28.56828555664841
  endloop
 endfacet
 facet normal 0 1 0
  outer loop
   vertex 35.39653278236891 40 21.392280374765903
   vertex 37.359409050476415 40 6.482754888517898
   vertex 36.137186404321284 40 6.820440247171826
  endloop
 endfacet
 facet normal 0 1 0
  outer loop
   vertex 36.137186404321284 40 6.820440247171826
   vertex 33.33779361794253 40 13.578772278456785
   vertex 35.39653278236891 40 21.392280374765903
  endloop
 endfacet
 facet normal 0 1 0
  outer loop
   vertex 36.47702388181659 40 6
   vertex 36.137186404321284 40 6.820440247171826
   vertex 37.359409050476415 40 6.482754888517898
  endloop
 endfacet
 facet normal 0 1 0
  outer loop
   vertex 37.359409050476415 40 6.482754888517898
   vertex 37.422964937272326 40 6
   vertex 36.47702388181659 40 6
  endloop
 endfacet
 facet normal 0 1 0
  outer loop
   vertex 28.5604526791529 40 25.11229356496285
   vertex 27.85373563005804 40 26.81845944964795
   vertex 31.035276180410087 40 28.13629669484373
  endloop
 endfacet
 facet normal 0 1 0
  outer loop
   vertex 28.5604526791529 40 25.11229356496285
   vertex 31.035276180410087 40 28.13629669484373
   vertex 31.75881904510252 40 28.435997962357618
  endloop
 endfacet
 facet normal 0 1 0
  outer loop
   vertex 28.5604526791529 40 25.11229356496285
   vertex 31.75881904510252 40 28.435997962357618
   vertex 31.867872957784712 40 28.48116957202043
  endloop
 endfacet
 facet normal 0 1 0
  outer loop
   vertex 31.867872957784712 40 28.48116957202043
   vertex 31.867872957784712 40 28.361660535203175
   vertex 28.5604526791529 40 25.11229356496285
  endloop
 endfacet
 facet normal 0 1 0
  outer loop
   vertex 28.5604526791529 40 25.11229356496285
   vertex 31.867872957784712 40 28.361660535203175
   vertex 31.867872957784712 40 17.127474671822192
  endloop
 endfacet
 facet normal 0 1 0
  outer loop
   vertex 30.77645713530756 40 28.102222521132795
   vertex 31.035276180410087 40 28.13629669484373
   vertex 27.85373563005804 40 26.81845944964795
  endloop
 endfacet
 facet normal 0 1 0
  outer loop
   vertex 30.77645713530756 40 28.102222521132795
   vertex 27.85373563005804 40 26.81845944964795
   vertex 27.580901716656545 40 27.47713878365716
  endloop
 endfacet
 facet normal 0 1 0
  outer loop
   vertex 27.580901716656545 40 27.47713878365716
   vertex 27.77495904928766 40 27.70706780160448
   vertex 29.999999999999993 40 28
  endloop
 endfacet
 facet normal 0 1 0
  outer loop
   vertex 27.580901716656545 40 27.47713878365716
   vertex 29.999999999999993 40 28
   vertex 30.77645713530756 40 28.102222521132795
  endloop
 endfacet
 facet normal 0 1 0
  outer loop
   vertex 27.500622204452174 40 27.67095067080164
   vertex 27.77495904928766 40 27.70706780160448
   vertex 27.580901716656545 40 27.47713878365716
  endloop
 endfacet
 facet normal 0 1 0
  outer loop
   vertex 31.999999999999996 40 28.535898384862247
   vertex 32.2065351550366 40 28.694378383288242
   vertex 32.07818954937306 40 28.56828555664841
  endloop
 endfacet
 facet normal 0 1 0
  outer loop
   vertex 32.82842712474619 40 29.17157287525381
   vertex 34.230710143300826 40 30.247582480175375
   vertex 34.329049329198355 40 29.500622204452164
  endloop
 endfacet
 facet normal 0 1 0
  outer loop
   vertex 32.82842712474619 40 29.17157287525381
   vertex 34.329049329198355 40 29.500622204452164
   vertex 32.07818954937306 40 28.56828555664841
  endloop
 endfacet
 facet normal 0 1 0
  outer loop
   vertex 32.07818954937306 40 28.56828555664841
   vertex 32.2065351550366 40 28.694378383288242
   vertex 32.621320343559645 40 29.012654252655917
  endloop
 endfacet
 facet normal 0 1 0
  outer loop
   vertex 32.07818954937306 40 28.56828555664841
   vertex 32.621320343559645 40 29.012654252655917
   vertex 32.82842712474619 40 29.17157287525381
  endloop
 endfacet
 facet normal 0 1 0
  outer loop
   vertex 29.74118095489748 40 28.034074173710934
   vertex 29.999999999999993 40 28
   vertex 27.77495904928766 40 27.70706780160448
  endloop
 endfacet
 facet normal 0 1 0
  outer loop
   vertex 27.77495904928766 40 27.70706780160448
   vertex 28.219974511212946 40 28.234344801368046
   vertex 28.964723819589903 40 28.136296694843733
  endloop
 endfacet
 facet normal 0 1 0
  outer loop
   vertex 27.77495904928766 40 27.70706780160448
   vertex 28.964723819589903 40 28.136296694843733
   vertex 29.74118095489748 40 28.034074173710934
  endloop
 endfacet
 facet normal 0 1 0
  outer loop
   vertex 27.77495904928766 40 27.70706780160448
   vertex 27.500622204452174 40 27.67095067080164
   vertex 27.450845801847397 40 27.79112153705625
  endloop
 endfacet
 facet normal 0 1 0
  outer loop
   vertex 27.77495904928766 40 27.70706780160448
   vertex 27.450845801847397 40 27.79112153705625
   vertex 27.90063239256339 40 28.27638698887311
  endloop
 endfacet
 facet normal 0 0.9999999999999999 0
  outer loop
   vertex 27.90063239256339 40 28.27638698887311
   vertex 28.219974511212946 40 28.234344801368046
   vertex 27.77495904928766 40 27.70706780160448
  endloop
 endfacet
 facet normal 0 1 0
  outer loop
   vertex 27.90063239256339 40 28.27638698887311
   vertex 27.450845801847397 40 27.79112153705625
   vertex 27.212306299765306 40 28.367006838144555
  endloop
 endfacet
 facet normal 0 1 0
  outer loop
   vertex 33.46410161513774 40 30
   vertex 34.14626436994197 40 30.88901181046812
   vertex 34.17994872609908 40 30.63315372365322
  endloop
 endfacet
 facet normal 0 1 0
  outer loop
   vertex 34.17994872609908 40 30.63315372365322
   vertex 33.24548138164868 40 29.71508856470058
   vertex 33.30518299253986 40 29.79289321881345
  endloop
 endfacet
 facet normal 0 1 0
  outer loop
   vertex 34.17994872609908 40 30.63315372365322
   vertex 33.30518299253986 40 29.79289321881345
   vertex 33.46410161513774 40 30
  endloop
 endfacet
 facet normal 0 1 0
  outer loop
   vertex 34.17994872609908 40 30.63315372365322
   vertex 34.230710143300826 40 30.247582480175375
   vertex 32.82842712474619 40 29.17157287525381
  endloop
 endfacet
 facet normal 0 1 0
  outer loop
   vertex 32.82842712474619 40 29.17157287525381
   vertex 33.24548138164868 40 29.71508856470058
   vertex 34.17994872609908 40 30.63315372365322
  endloop
 endfacet
 facet normal 0 1 0
  outer loop
   vertex 28.723542864692437 40 28.236197117348357
   vertex 28.964723819589903 40 28.136296694843733
   vertex 28.219974511212946 40 28.234344801368046
  endloop
 endfacet
 facet normal 0 1 0
  outer loop
   vertex 28.219974511212946 40 28.234344801368046
   vertex 28.351574677368706 40 28.39027138530918
   vertex 28.723542864692437 40 28.236197117348357
  endloop
 endfacet
 facet normal 0 1 0
  outer loop
   vertex 28.219974511212946 40 28.234344801368046
   vertex 27.90063239256339 40 28.27638698887311
   vertex 28.102006874951645 40 28.493645753801978
  endloop
 endfacet
 facet normal 0 0.9999999999999999 0
  outer loop
   vertex 28.102006874951645 40 28.493645753801978
   vertex 28.351574677368706 40 28.39027138530918
   vertex 28.219974511212946 40 28.234344801368046
  endloop
 endfacet
 facet normal 0 1 0
  outer loop
   vertex 28.000000000000004 40 28.53589838486224
   vertex 28.102006874951645 40 28.493645753801978
   vertex 27.90063239256339 40 28.27638698887311
  endloop
 endfacet
 facet normal 0 0.9999999999999999 0
  outer loop
   vertex 28.000000000000004 40 28.53589838486224
   vertex 27.90063239256339 40 28.27638698887311
   vertex 27.212306299765306 40 28.367006838144555
  endloop
 endfacet
 facet normal 0 1 0
  outer loop
   vertex 28.000000000000004 40 28.53589838486224
   vertex 27.212306299765306 40 28.367006838144555
   vertex 27.11687578304628 40 28.597396485871897
  endloop
 endfacet
 facet normal 0 1 0
  outer loop
   vertex 27.11687578304628 40 28.597396485871897
   vertex 27.360797617135237 40 28.800664680946028
   vertex 28.000000000000004 40 28.53589838486224
  endloop
 endfacet
 facet normal 0 1 0
  outer loop
   vertex 26.96472381958993 40 28.964723819589903
   vertex 27.360797617135237 40 28.800664680946028
   vertex 27.11687578304628 40 28.597396485871897
  endloop
 endfacet
 facet normal 0 1 0
  outer loop
   vertex 33.86370330515627 40 30.96472381958994
   vertex 34.07055236082016 40 31.46410161513776
   vertex 34.14626436994197 40 30.88901181046812
  endloop
 endfacet
 facet normal 0 1 0
  outer loop
   vertex 34.14626436994197 40 30.88901181046812
   vertex 33.46410161513774 40 30
   vertex 33.76380288265164 40 30.723542864692437
  endloop
 endfacet
 facet normal 0 1 0
  outer loop
   vertex 34.14626436994197 40 30.88901181046812
   vertex 33.76380288265164 40 30.723542864692437
   vertex 33.86370330515627 40 30.96472381958994
  endloop
 endfacet
 facet normal 0 1 0
  outer loop
   vertex 27.79289321881345 40 28.694817007460138
   vertex 28.000000000000004 40 28.53589838486224
   vertex 27.360797617135237 40 28.800664680946028
  endloop
 endfacet
 facet normal 0 1 0
  outer loop
   vertex 27.360797617135237 40 28.800664680946028
   vertex 27.501808761138452 40 28.918173967615374
   vertex 27.79289321881345 40 28.694817007460138
  endloop
 endfacet
 facet normal 0 1 0
  outer loop
   vertex 27.360797617135237 40 28.800664680946028
   vertex 26.96472381958993 40 28.964723819589903
   vertex 26.742747440526156 40 29.500622204452142
  endloop
 endfacet
 facet normal 0 1 0
  outer loop
   vertex 27.360797617135237 40 28.800664680946028
   vertex 26.742747440526156 40 29.500622204452142
   vertex 27.17157287525382 40 29.171572875253798
  endloop
 endfacet
 facet normal 0 1 0
  outer loop
   vertex 27.17157287525382 40 29.171572875253798
   vertex 27.501808761138452 40 28.918173967615374
   vertex 27.360797617135237 40 28.800664680946028
  endloop
 endfacet
 facet normal 0 1 0
  outer loop
   vertex 33.86370330515627 40 30.96472381958994
   vertex 33.89875351184659 40 31.230956571209802
   vertex 34.069489139617325 40 31.47217758196194
  endloop
 endfacet
 facet normal 0 1 0
  outer loop
   vertex 34.069489139617325 40 31.47217758196194
   vertex 34.07055236082016 40 31.46410161513776
   vertex 33.86370330515627 40 30.96472381958994
  endloop
 endfacet
 facet normal 0 1 0
  outer loop
   vertex 33.965925826289066 40 31.74118095489748
   vertex 33.99999999999999 40 31.999999999999975
   vertex 34.069489139617325 40 31.47217758196194
  endloop
 endfacet
 facet normal 0 1 0
  outer loop
   vertex 34.069489139617325 40 31.47217758196194
   vertex 33.89875351184659 40 31.230956571209802
   vertex 33.965925826289066 40 31.74118095489748
  endloop
 endfacet
 facet normal 0 1 0
  outer loop
   vertex 27.012654252655917 40 29.378679656440358
   vertex 27.17157287525382 40 29.171572875253798
   vertex 26.742747440526156 40 29.500622204452142
  endloop
 endfacet
 facet normal 0 1 0
  outer loop
   vertex 26.742747440526156 40 29.500622204452142
   vertex 26.535898384862257 40 29.999999999999986
   vertex 27.012654252655917 40 29.378679656440358
  endloop
 endfacet
 facet normal 0 -1 0
  outer loop
   vertex 60 34 6
   vertex 41.59197955694343 34 21.34001703588048
   vertex 41.59197955694342 34 14.377566839579352
  endloop
 endfacet
 facet normal 0 -1 0
  outer loop
   vertex 41.59197955694342 34 14.377566839579352
   vertex 45.06208136158424 34 6
   vertex 60 34 6
  endloop
 endfacet
 facet normal 0 -1 0
  outer loop
   vertex 41.59197955694343 34 25.01339930302493
   vertex 41.59197955694343 34 21.34001703588048
   vertex 60 34 6
  endloop
 endfacet
 facet normal 0 -1 0
  outer loop
   vertex 41.59197955694343 34 56
   vertex 41.59197955694343 34 25.01339930302493
   vertex 60 34 6
  endloop
 endfacet
 facet normal 0 -1 0
  outer loop
   vertex 60 34 6
   vertex 60 34 56
   vertex 41.59197955694343 34 56
  endloop
 endfacet
 facet normal 0 -0.9999999999999999 0
  outer loop
   vertex 41.59197955694342 34 14.377566839579352
   vertex 41.59197955694343 34 21.34001703588048
   vertex 37.18781909721648 34 25.0101507523196
  endloop
 endfacet
 facet normal 0 -1 0
  outer loop
   vertex 41.59197955694343 34 21.34001703588048
   vertex 41.59197955694343 34 25.01339930302493
   vertex 36.471834885658446 34 30.30192858435334
  endloop
 endfacet
 facet normal 0 -0.9999999999999999 0
  outer loop
   vertex 41.59197955694343 34 21.34001703588048
   vertex 36.471834885658446 34 30.30192858435334
   vertex 36.471834885658446 34 26.738689546308056
  endloop
 endfacet
 facet normal 0 -1 0
  outer loop
   vertex 36.471834885658446 34 26.738689546308056
   vertex 37.18781909721648 34 25.0101507523196
   vertex 41.59197955694343 34 21.34001703588048
  endloop
 endfacet
 facet normal 0 -1 0
  outer loop
   vertex 36.471834885658446 34 56
   vertex 36.471834885658446 34 30.30192858435334
   vertex 41.59197955694343 34 25.01339930302493
  endloop
 endfacet
 facet normal 0 -1 0
  outer loop
   vertex 41.59197955694343 34 25.01339930302493
   vertex 41.59197955694343 34 56
   vertex 36.471834885658446 34 56
  endloop
 endfacet
 facet normal 0 -1 0
  outer loop
   vertex 36.471834885658446 34 26.738689546308056
   vertex 36.471834885658446 34 30.30192858435334
   vertex 33.89225787962836 34 32.96633933945177
  endloop
 endfacet
 facet normal 0 -1 0
  outer loop
   vertex 33.86370330515626 34 33.03527618041012
   vertex 33.89225787962836 34 32.96633933945177
   vertex 36.471834885658446 34 30.30192858435334
  endloop
 endfacet
 facet normal 0 -1 0
  outer loop
   vertex 33.86370330515626 34 33.03527618041012
   vertex 36.471834885658446 34 30.30192858435334
   vertex 36.471834885658446 34 56
  endloop
 endfacet
 facet normal 0 -1 0
  outer loop
   vertex 36.471834885658446 34 56
   vertex 24.3514032429298 34 56
   vertex 33.46410161513777 34 33.99999999999997
  endloop
 endfacet
 facet normal 0 -1 0
  outer loop
   vertex 36.471834885658446 34 56
   vertex 33.46410161513777 34 33.99999999999997
   vertex 33.763802882651646 34 33.27645713530757
  endloop
 endfacet
 facet normal 0 -0.9999999999999999 0
  outer loop
   vertex 36.471834885658446 34 56
   vertex 33.763802882651646 34 33.27645713530757
   vertex 33.86370330515626 34 33.03527618041012
  endloop
 endfacet
 facet normal 0 -1 0
  outer loop
   vertex 41.59197955694342 34 14.377566839579352
   vertex 41.591979556943414 34 6
   vertex 45.06208136158424 34 6
  endloop
 endfacet
 facet normal 0 -1 0
  outer loop
   vertex 36.471834885658446 34 25.6068042619513
   vertex 41.591979556943414 34 6
   vertex 41.59197955694342 34 14.377566839579352
  endloop
 endfacet
 facet normal 0 -1 0
  outer loop
   vertex 41.59197955694342 34 14.377566839579352
   vertex 37.18781909721648 34 25.0101507523196
   vertex 36.471834885658446 34 25.6068042619513
  endloop
 endfacet
 facet normal 0 -1 0
  outer loop
   vertex 36.47183488565844 34 13.224550001282616
   vertex 37.19694916415229 34 7.716760238217304
   vertex 41.591979556943414 34 6
  endloop
 endfacet
 facet normal 0 -1 0
  outer loop
   vertex 41.591979556943414 34 6
   vertex 36.471834885658446 34 25.6068042619513
   vertex 36.47183488565844 34 13.224550001282616
  endloop
 endfacet
 facet normal 0 -1 0
  outer loop
   vertex 37.19694916415229 34 7.716760238217304
   vertex 37.42296493727233 34 6
   vertex 41.591979556943414 34 6
  endloop
 endfacet
 facet normal 0 -0.9999999999999999 0
  outer loop
   vertex 36.471834885658446 34 26.738689546308056
   vertex 36.471834885658446 34 25.6068042619513
   vertex 37.18781909721648 34 25.0101507523196
  endloop
 endfacet
 facet normal 0 -1 0
  outer loop
   vertex 34.98061277355855 34 24.551506492251907
   vertex 36.47183488565844 34 13.224550001282616
   vertex 36.471834885658446 34 25.6068042619513
  endloop
 endfacet
 facet normal 0 -1 0
  outer loop
   vertex 34.98061277355855 34 24.551506492251907
   vertex 36.471834885658446 34 25.6068042619513
   vertex 34.64079616969991 34 27.132669858583416
  endloop
 endfacet
 facet normal 0 -1 0
  outer loop
   vertex 34.32904932919835 34 29.500622204452167
   vertex 34.52926317065758 34 27.979847094763766
   vertex 36.471834885658446 34 25.6068042619513
  endloop
 endfacet
 facet normal 0 -1 0
  outer loop
   vertex 34.32904932919835 34 29.500622204452167
   vertex 36.471834885658446 34 25.6068042619513
   vertex 36.471834885658446 34 26.738689546308056
  endloop
 endfacet
 facet normal 0 -0.9999999999999999 0
  outer loop
   vertex 34.32904932919835 34 29.500622204452167
   vertex 36.471834885658446 34 26.738689546308056
   vertex 33.89225787962836 34 32.96633933945177
  endloop
 endfacet
 facet normal 0 -1 0
  outer loop
   vertex 33.89225787962836 34 32.96633933945177
   vertex 33.8697133612048 34 32.98962527246165
   vertex 33.965925826289066 34 32.25881904510252
  endloop
 endfacet
 facet normal 0 -1 0
  outer loop
   vertex 33.89225787962836 34 32.96633933945177
   vertex 33.965925826289066 34 32.25881904510252
   vertex 33.99999999999999 34 31.999999999999964
  endloop
 endfacet
 facet normal 0 -1 0
  outer loop
   vertex 33.89225787962836 34 32.96633933945177
   vertex 33.99999999999999 34 31.999999999999964
   vertex 34.07055236082016 34 31.464101615137757
  endloop
 endfacet
 facet normal 0 -1 0
  outer loop
   vertex 33.89225787962836 34 32.96633933945177
   vertex 34.07055236082016 34 31.464101615137757
   vertex 34.14626436994197 34 30.88901181046812
  endloop
 endfacet
 facet normal 0 -1 0
  outer loop
   vertex 33.89225787962836 34 32.96633933945177
   vertex 34.14626436994197 34 30.88901181046812
   vertex 34.23071014330082 34 30.247582480175367
  endloop
 endfacet
 facet normal 0 -1 0
  outer loop
   vertex 33.89225787962836 34 32.96633933945177
   vertex 34.23071014330082 34 30.247582480175367
   vertex 34.32904932919835 34 29.500622204452167
  endloop
 endfacet
 facet normal 0 -1 0
  outer loop
   vertex 34.52926317065758 34 27.979847094763766
   vertex 34.64079616969991 34 27.132669858583416
   vertex 36.471834885658446 34 25.6068042619513
  endloop
 endfacet
 facet normal 0 -1 0
  outer loop
   vertex 33.8697133612048 34 32.98962527246165
   vertex 33.89225787962836 34 32.96633933945177
   vertex 33.86370330515626 34 33.03527618041012
  endloop
 endfacet
 facet normal 0 -1 0
  outer loop
   vertex 33.30518299253987 34 34.207106781186546
   vertex 33.46410161513777 34 33.99999999999997
   vertex 24.3514032429298 34 56
  endloop
 endfacet
 facet normal 0 -1 0
  outer loop
   vertex 24.3514032429298 34 56
   vertex 16.582907879600633 34 56
   vertex 30.732050807568875 34 37.56047793231507
  endloop
 endfacet
 facet normal 0 -1 0
  outer loop
   vertex 24.3514032429298 34 56
   vertex 30.732050807568875 34 37.56047793231507
   vertex 31.293773148788272 34 36.82842712474618
  endloop
 endfacet
 facet normal 0 -1 0
  outer loop
   vertex 24.3514032429298 34 56
   vertex 31.293773148788272 34 36.82842712474618
   vertex 31.75241751982461 34 36.230710143300826
  endloop
 endfacet
 facet normal 0 -1 0
  outer loop
   vertex 24.3514032429298 34 56
   vertex 31.75241751982461 34 36.230710143300826
   vertex 32.14626436994197 34 35.7174389352143
  endloop
 endfacet
 facet normal 0 -1 0
  outer loop
   vertex 24.3514032429298 34 56
   vertex 32.14626436994197 34 35.7174389352143
   vertex 32.49937779554782 34 35.25725255947387
  endloop
 endfacet
 facet normal 0 -1 0
  outer loop
   vertex 24.3514032429298 34 56
   vertex 32.49937779554782 34 35.25725255947387
   vertex 32.82842712474616 34 34.82842712474622
  endloop
 endfacet
 facet normal 0 -1 0
  outer loop
   vertex 24.3514032429298 34 56
   vertex 32.82842712474616 34 34.82842712474622
   vertex 33.30518299253987 34 34.207106781186546
  endloop
 endfacet
 facet normal 0 -1 0
  outer loop
   vertex 26.25232442434906 34 34.123062979709125
   vertex 11.591979556943429 34 46.34001703588048
   vertex 11.591979556943427 34 22.873784709869952
  endloop
 endfacet
 facet normal 0 -1 0
  outer loop
   vertex 28.247311440022926 34 35.65387035750329
   vertex 29.993248082563767 34 36.993574662626244
   vertex 11.591979556943421 34 56
  endloop
 endfacet
 facet normal 0 -1 0
  outer loop
   vertex 28 34 35.46410161513776
   vertex 28.247311440022926 34 35.65387035750329
   vertex 11.591979556943421 34 56
  endloop
 endfacet
 facet normal 0 -1 0
  outer loop
   vertex 28 34 35.46410161513776
   vertex 11.591979556943421 34 56
   vertex 11.591979556943429 34 46.34001703588048
  endloop
 endfacet
 facet normal 0 -1 0
  outer loop
   vertex 11.591979556943429 34 46.34001703588048
   vertex 26.25232442434906 34 34.123062979709125
   vertex 27.171572875253794 34 34.82842712474618
  endloop
 endfacet
 facet normal 0 -1 0
  outer loop
   vertex 11.591979556943429 34 46.34001703588048
   vertex 27.171572875253794 34 34.82842712474618
   vertex 27.792893218813454 34 35.30518299253987
  endloop
 endfacet
 facet normal 0 -1 0
  outer loop
   vertex 11.591979556943429 34 46.34001703588048
   vertex 27.792893218813454 34 35.30518299253987
   vertex 28 34 35.46410161513776
  endloop
 endfacet
 facet normal 0 -1 0
  outer loop
   vertex 11.591979556943421 34 56
   vertex 29.993248082563767 34 36.993574662626244
   vertex 30.732050807568875 34 37.56047793231507
  endloop
 endfacet
 facet normal 0 -1 0
  outer loop
   vertex 30.732050807568875 34 37.56047793231507
   vertex 16.582907879600633 34 56
   vertex 11.591979556943421 34 56
  endloop
 endfacet
 facet normal 0 -1 0
  outer loop
   vertex 6.645869784698419 34 19.07850119611989
   vertex 6.471834885658361 34 20.045361746342437
   vertex 6.471834885658361 34 18.944959521236264
  endloop
 endfacet
 facet normal 0 -1 0
  outer loop
   vertex 9.955471564611447 34 21.618047961310356
   vertex 6.471834885658362 34 50.60680426195137
   vertex 9.811921899411375 34 21.507898429087003
  endloop
 endfacet
 facet normal 0 -1 0
  outer loop
   vertex 6.471834885658362 34 50.60680426195137
   vertex 9.955471564611447 34 21.618047961310356
   vertex 11.591979556943427 34 22.873784709869952
  endloop
 endfacet
 facet normal 0 -0.9999999999999999 0
  outer loop
   vertex 11.591979556943427 34 22.873784709869952
   vertex 11.591979556943429 34 46.34001703588048
   vertex 6.471834885658362 34 50.60680426195137
  endloop
 endfacet
 facet normal 0 -0.9999999999999999 0
  outer loop
   vertex 6.812484983173206 34 19.206349534517067
   vertex 6.471834885658361 34 20.045361746342437
   vertex 6.785296552076436 34 19.18548711757571
  endloop
 endfacet
 facet normal 0 -1 0
  outer loop
   vertex 6.471834885658361 34 20.045361746342437
   vertex 6.812484983173206 34 19.206349534517067
   vertex 9.811921899411375 34 21.507898429087003
  endloop
 endfacet
 facet normal 0 -1 0
  outer loop
   vertex 9.811921899411375 34 21.507898429087003
   vertex 6.471834885658362 34 50.60680426195137
   vertex 6.471834885658361 34 20.045361746342437
  endloop
 endfacet
 facet normal 0 -1 0
  outer loop
   vertex 6.785296552076436 34 19.18548711757571
   vertex 6.471834885658361 34 20.045361746342437
   vertex 6.645869784698419 34 19.07850119611989
  endloop
 endfacet
 facet normal 0 -1 0
  outer loop
   vertex 6.471834885658361 34 56
   vertex 6.471834885658362 34 50.60680426195137
   vertex 11.591979556943429 34 46.34001703588048
  endloop
 endfacet
 facet normal 0 -0.9999999999999999 0
  outer loop
   vertex 11.591979556943429 34 46.34001703588048
   vertex 11.591979556943421 34 56
   vertex 6.471834885658361 34 56
  endloop
 endfacet
 facet normal 0 -1 0
  outer loop
   vertex 5.465863526317184 34 18.1730505480799
   vertex 6.471834885658361 34 18.944959521236264
   vertex 6.471834885658361 34 20.045361746342437
  endloop
 endfacet
 facet normal 0 -0.9999999999999999 0
  outer loop
   vertex 0 34 13.978945951726876
   vertex 5.465863526317184 34 18.1730505480799
   vertex 6.471834885658361 34 20.045361746342437
  endloop
 endfacet
 facet normal 0 -1 0
  outer loop
   vertex 6.471834885658361 34 20.045361746342437
   vertex 0 34 56
   vertex 0 34 13.978945951726876
  endloop
 endfacet
 facet normal 0 -1 0
  outer loop
   vertex 6.471834885658362 34 50.60680426195137
   vertex 0 34 56
   vertex 6.471834885658361 34 20.045361746342437
  endloop
 endfacet
 facet normal 0 -1 0
  outer loop
   vertex 6.471834885658362 34 50.60680426195137
   vertex 6.471834885658361 34 56
   vertex 0 34 56
  endloop
 endfacet
 facet normal 0 -1 0
  outer loop
   vertex 29.993248082563767 34 36.993574662626244
   vertex 28.247311440022926 34 35.65387035750329
   vertex 28.30069714853406 34 35.58865445222748
  endloop
 endfacet
 facet normal 0 -0.9999999999999999 0
  outer loop
   vertex 29.993248082563767 34 36.993574662626244
   vertex 28.30069714853406 34 35.58865445222748
   vertex 28.723542864692437 34 35.763802882651646
  endloop
 endfacet
 facet normal 0 -1 0
  outer loop
   vertex 29.993248082563767 34 36.993574662626244
   vertex 28.723542864692437 34 35.763802882651646
   vertex 28.964723819589913 34 35.86370330515627
  endloop
 endfacet
 facet normal 0 -1 0
  outer loop
   vertex 28.964723819589913 34 35.86370330515627
   vertex 30.479629490770442 34 36.49119777987516
   vertex 29.993248082563767 34 36.993574662626244
  endloop
 endfacet
 facet normal 0 -0.9999999999999999 0
  outer loop
   vertex 28.30069714853406 34 35.58865445222748
   vertex 28.247311440022926 34 35.65387035750329
   vertex 28 34 35.46410161513776
  endloop
 endfacet
 facet normal 0 -1 0
  outer loop
   vertex 30.732050807568875 34 37.56047793231507
   vertex 29.993248082563767 34 36.993574662626244
   vertex 30.479629490770442 34 36.49119777987516
  endloop
 endfacet
 facet normal 0 -1 0
  outer loop
   vertex 30.479629490770442 34 36.49119777987516
   vertex 31.293773148788272 34 36.82842712474618
   vertex 30.732050807568875 34 37.56047793231507
  endloop
 endfacet
 facet normal 0 -0.9999999999999999 0
  outer loop
   vertex 11.591979556943427 34 14.524705813776666
   vertex 26.482893216446055 34 33.930922319628294
   vertex 26.25232442434906 34 34.123062979709125
  endloop
 endfacet
 facet normal 0 -1 0
  outer loop
   vertex 26.25232442434906 34 34.123062979709125
   vertex 11.591979556943427 34 22.873784709869952
   vertex 11.591979556943427 34 14.524705813776666
  endloop
 endfacet
 facet normal 0 -1 0
  outer loop
   vertex 27.012654252655917 34 34.621320343559645
   vertex 27.171572875253794 34 34.82842712474618
   vertex 26.25232442434906 34 34.123062979709125
  endloop
 endfacet
 facet normal 0 -1 0
  outer loop
   vertex 26.25232442434906 34 34.123062979709125
   vertex 26.482893216446055 34 33.930922319628294
   vertex 26.53589838486225 34 34
  endloop
 endfacet
 facet normal 0 -0.9999999999999999 0
  outer loop
   vertex 26.25232442434906 34 34.123062979709125
   vertex 26.53589838486225 34 34
   vertex 27.012654252655917 34 34.621320343559645
  endloop
 endfacet
 facet normal 0 -1 0
  outer loop
   vertex 6.471834885658362 34 8
   vertex 6.585396697409397 34 8
   vertex 8.249608298761437 34 10.168842784658684
  endloop
 endfacet
 facet normal 0 -1 0
  outer loop
   vertex 6.471834885658362 34 8
   vertex 8.249608298761437 34 10.168842784658684
   vertex 6.645869784698419 34 19.07850119611989
  endloop
 endfacet
 facet normal 0 -1 0
  outer loop
   vertex 6.645869784698419 34 19.07850119611989
   vertex 6.471834885658361 34 18.944959521236264
   vertex 6.471834885658362 34 8
  endloop
 endfacet
 facet normal 0 -1 0
  outer loop
   vertex 10.74080664505561 34 13.415435678329322
   vertex 10.914062103333755 34 13.641226587540633
   vertex 9.955471564611447 34 21.618047961310356
  endloop
 endfacet
 facet normal 0 -1 0
  outer loop
   vertex 9.955471564611447 34 21.618047961310356
   vertex 9.811921899411375 34 21.507898429087003
   vertex 10.74080664505561 34 13.415435678329322
  endloop
 endfacet
 facet normal 0 -1 0
  outer loop
   vertex 11.591979556943427 34 22.873784709869952
   vertex 9.955471564611447 34 21.618047961310356
   vertex 10.914062103333755 34 13.641226587540633
  endloop
 endfacet
 facet normal 0 -1 0
  outer loop
   vertex 10.914062103333755 34 13.641226587540633
   vertex 11.591979556943427 34 14.524705813776666
   vertex 11.591979556943427 34 22.873784709869952
  endloop
 endfacet
 facet normal 0 -0.9999999999999999 0
  outer loop
   vertex 9.4852321969221 34 11.779139200030627
   vertex 9.70941163823718 34 12.071295536021807
   vertex 6.812484983173206 34 19.206349534517067
  endloop
 endfacet
 facet normal 0 -1 0
  outer loop
   vertex 6.812484983173206 34 19.206349534517067
   vertex 6.785296552076436 34 19.18548711757571
   vertex 9.4852321969221 34 11.779139200030627
  endloop
 endfacet
 facet normal 0 -1 0
  outer loop
   vertex 9.811921899411375 34 21.507898429087003
   vertex 6.812484983173206 34 19.206349534517067
   vertex 9.70941163823718 34 12.071295536021807
  endloop
 endfacet
 facet normal 0 -0.9999999999999999 0
  outer loop
   vertex 9.70941163823718 34 12.071295536021807
   vertex 10.74080664505561 34 13.415435678329322
   vertex 9.811921899411375 34 21.507898429087003
  endloop
 endfacet
 facet normal 0 -1 0
  outer loop
   vertex 8.249608298761437 34 10.168842784658684
   vertex 9.4852321969221 34 11.779139200030627
   vertex 6.785296552076436 34 19.18548711757571
  endloop
 endfacet
 facet normal 0 -1 0
  outer loop
   vertex 6.785296552076436 34 19.18548711757571
   vertex 6.645869784698419 34 19.07850119611989
   vertex 8.249608298761437 34 10.168842784658684
  endloop
 endfacet
 facet normal 0 -1 0
  outer loop
   vertex 6.471834885658361 34 18.944959521236264
   vertex 5.465863526317184 34 18.1730505480799
   vertex 0 34 8
  endloop
 endfacet
 facet normal 0 -1 0
  outer loop
   vertex 0 34 8
   vertex 6.471834885658362 34 8
   vertex 6.471834885658361 34 18.944959521236264
  endloop
 endfacet
 facet normal 0 -1 0
  outer loop
   vertex 5.465863526317184 34 18.1730505480799
   vertex 0 34 13.978945951726876
   vertex 0 34 8
  endloop
 endfacet
 facet normal 0 -1 0
  outer loop
   vertex 6.542500845527432 34 7.944097037437785
   vertex 6.585396697409397 34 8
   vertex 6.471834885658362 34 8
  endloop
 endfacet
 facet normal 0 -1 0
  outer loop
   vertex 6.542500845527432 34 7.944097037437785
   vertex 6.471834885658362 34 8
   vertex 6.471834885658362 34 7.852003365540233
  endloop
 endfacet
 facet normal 0 -1 0
  outer loop
   vertex 0 34 8
   vertex 5.323132376604576 34 6.354985109894976
   vertex 6.471834885658362 34 7.852003365540233
  endloop
 endfacet
 facet normal 0 -1 0
  outer loop
   vertex 6.471834885658362 34 7.852003365540233
   vertex 6.471834885658362 34 8
   vertex 0 34 8
  endloop
 endfacet
 facet normal 0 -1 0
  outer loop
   vertex 5.050742721451486 34 6
   vertex 5.323132376604576 34 6.354985109894976
   vertex 0 34 8
  endloop
 endfacet
 facet normal 0 -1 0
  outer loop
   vertex 0 34 8
   vertex 0 34 6
   vertex 5.050742721451486 34 6
  endloop
 endfacet
 facet normal 0 -1 0
  outer loop
   vertex 30.479629490770442 34 36.49119777987516
   vertex 28.964723819589913 34 35.86370330515627
   vertex 29.74118095489748 34 35.965925826289066
  endloop
 endfacet
 facet normal 0 -1 0
  outer loop
   vertex 30.479629490770442 34 36.49119777987516
   vertex 29.74118095489748 34 35.965925826289066
   vertex 30.000000000000007 34 36
  endloop
 endfacet
 facet normal 0 -1 0
  outer loop
   vertex 30.000000000000007 34 36
   vertex 30.847202659709936 34 36.111536346113496
   vertex 30.479629490770442 34 36.49119777987516
  endloop
 endfacet
 facet normal 0 -1 0
  outer loop
   vertex 31.293773148788272 34 36.82842712474618
   vertex 30.479629490770442 34 36.49119777987516
   vertex 30.847202659709936 34 36.111536346113496
  endloop
 endfacet
 facet normal 0 -1 0
  outer loop
   vertex 30.847202659709936 34 36.111536346113496
   vertex 31.75241751982461 34 36.230710143300826
   vertex 31.293773148788272 34 36.82842712474618
  endloop
 endfacet
 facet normal 0 -1 0
  outer loop
   vertex 17.497383918068493 34 12.17909579056112
   vertex 11.591979556943427 34 8
   vertex 15.766345763161759 34 8
  endloop
 endfacet
 facet normal 0 -1 0
  outer loop
   vertex 11.591979556943427 34 8
   vertex 17.497383918068493 34 12.17909579056112
   vertex 26.13629669484373 34 33.03527618041009
  endloop
 endfacet
 facet normal 0 -1 0
  outer loop
   vertex 11.591979556943427 34 8
   vertex 26.13629669484373 34 33.03527618041009
   vertex 26.435997962357618 34 33.75881904510252
  endloop
 endfacet
 facet normal 0 -1 0
  outer loop
   vertex 11.591979556943427 34 8
   vertex 26.435997962357618 34 33.75881904510252
   vertex 26.50102632367613 34 33.91581139693657
  endloop
 endfacet
 facet normal 0 -1 0
  outer loop
   vertex 11.591979556943427 34 8
   vertex 26.50102632367613 34 33.91581139693657
   vertex 26.482893216446055 34 33.930922319628294
  endloop
 endfacet
 facet normal 0 -1 0
  outer loop
   vertex 26.482893216446055 34 33.930922319628294
   vertex 11.591979556943427 34 14.524705813776666
   vertex 11.591979556943427 34 8
  endloop
 endfacet
 facet normal 0 -1 0
  outer loop
   vertex 26.53589838486225 34 34
   vertex 26.482893216446055 34 33.930922319628294
   vertex 26.50102632367613 34 33.91581139693657
  endloop
 endfacet
 facet normal 0 -1 0
  outer loop
   vertex 6.585396697409397 34 8
   vertex 8.64 34 8
   vertex 8.249608298761437 34 10.168842784658684
  endloop
 endfacet
 facet normal 0 -1 0
  outer loop
   vertex 11.591979556943427 34 8
   vertex 10.914062103333755 34 13.641226587540633
   vertex 10.74080664505561 34 13.415435678329322
  endloop
 endfacet
 facet normal 0 -1 0
  outer loop
   vertex 10.74080664505561 34 13.415435678329322
   vertex 11.36241168020349 34 8
   vertex 11.591979556943427 34 8
  endloop
 endfacet
 facet normal 0 -1 0
  outer loop
   vertex 10.914062103333755 34 13.641226587540633
   vertex 11.591979556943427 34 8
   vertex 11.591979556943427 34 14.524705813776666
  endloop
 endfacet
 facet normal 0 -1 0
  outer loop
   vertex 11.36241168020349 34 8
   vertex 9.70941163823718 34 12.071295536021807
   vertex 9.4852321969221 34 11.779139200030627
  endloop
 endfacet
 facet normal 0 -1 0
  outer loop
   vertex 9.4852321969221 34 11.779139200030627
   vertex 10.86289265071 34 8
   vertex 11.36241168020349 34 8
  endloop
 endfacet
 facet normal 0 -1 0
  outer loop
   vertex 9.70941163823718 34 12.071295536021807
   vertex 11.36241168020349 34 8
   vertex 10.74080664505561 34 13.415435678329322
  endloop
 endfacet
 facet normal 0 -1 0
  outer loop
   vertex 8.64 34 8
   vertex 10.86289265071 34 8
   vertex 9.4852321969221 34 11.779139200030627
  endloop
 endfacet
 facet normal 0 -1 0
  outer loop
   vertex 9.4852321969221 34 11.779139200030627
   vertex 8.249608298761437 34 10.168842784658684
   vertex 8.64 34 8
  endloop
 endfacet
 facet normal 0 -1 0
  outer loop
   vertex 15.631830429431659 34 7.675251256961639
   vertex 15.766345763161759 34 8
   vertex 11.591979556943427 34 8
  endloop
 endfacet
 facet normal 0 -1 0
  outer loop
   vertex 14.937918638415573 34 6
   vertex 15.631830429431659 34 7.675251256961639
   vertex 11.591979556943427 34 8
  endloop
 endfacet
 facet normal 0 -1 0
  outer loop
   vertex 11.591979556943427 34 8
   vertex 11.591979556943427 34 6
   vertex 14.937918638415573 34 6
  endloop
 endfacet
 facet normal 0 -1 0
  outer loop
   vertex 6.585396697409397 34 8
   vertex 6.542500845527432 34 7.944097037437785
   vertex 9 34 6
  endloop
 endfacet
 facet normal 0 -1 0
  outer loop
   vertex 9 34 6
   vertex 8.64 34 8
   vertex 6.585396697409397 34 8
  endloop
 endfacet
 facet normal 0 -1 0
  outer loop
   vertex 9 34 6
   vertex 6.542500845527432 34 7.944097037437785
   vertex 6.471834885658362 34 7.852003365540233
  endloop
 endfacet
 facet normal 0 -1 0
  outer loop
   vertex 6.471834885658362 34 7.852003365540233
   vertex 6.471834885658361 34 6
   vertex 9 34 6
  endloop
 endfacet
 facet normal 0 -1 0
  outer loop
   vertex 11.36241168020349 34 8
   vertex 11.591979556943427 34 6
   vertex 11.591979556943427 34 8
  endloop
 endfacet
 facet normal 0 -1 0
  outer loop
   vertex 10.86289265071 34 8
   vertex 11.591979556943427 34 6
   vertex 11.36241168020349 34 8
  endloop
 endfacet
 facet normal 0 -1 0
  outer loop
   vertex 11.591979556943427 34 6
   vertex 10.86289265071 34 8
   vertex 8.64 34 8
  endloop
 endfacet
 facet normal 0 -1 0
  outer loop
   vertex 8.64 34 8
   vertex 9 34 6
   vertex 11.591979556943427 34 6
  endloop
 endfacet
 facet normal 0 -1 0
  outer loop
   vertex 5.323132376604576 34 6.354985109894976
   vertex 6.471834885658361 34 6
   vertex 6.471834885658362 34 7.852003365540233
  endloop
 endfacet
 facet normal 0 -1 0
  outer loop
   vertex 5.323132376604576 34 6.354985109894976
   vertex 5.050742721451486 34 6
   vertex 6.471834885658361 34 6
  endloop
 endfacet
 facet normal 0 -1 0
  outer loop
   vertex 30.847202659709936 34 36.111536346113496
   vertex 30.000000000000007 34 36
   vertex 30.776457135307563 34 35.897777478867205
  endloop
 endfacet
 facet normal 0 -1 0
  outer loop
   vertex 30.847202659709936 34 36.111536346113496
   vertex 30.776457135307563 34 35.897777478867205
   vertex 31.035276180410065 34 35.86370330515628
  endloop
 endfacet
 facet normal 0 -1 0
  outer loop
   vertex 31.035276180410065 34 35.86370330515628
   vertex 31.09472177752634 34 35.855877143825346
   vertex 30.847202659709936 34 36.111536346113496
  endloop
 endfacet
 facet normal 0 -1 0
  outer loop
   vertex 31.75241751982461 34 36.230710143300826
   vertex 30.847202659709936 34 36.111536346113496
   vertex 31.09472177752634 34 35.855877143825346
  endloop
 endfacet
 facet normal 0 -1 0
  outer loop
   vertex 31.09472177752634 34 35.855877143825346
   vertex 32.14626436994197 34 35.7174389352143
   vertex 31.75241751982461 34 36.230710143300826
  endloop
 endfacet
 facet normal 0 -1 0
  outer loop
   vertex 22.84034005790246 34 8
   vertex 23.995982984867737 34 16.777979515338117
   vertex 17.497383918068493 34 12.17909579056112
  endloop
 endfacet
 facet normal 0 -1 0
  outer loop
   vertex 17.497383918068493 34 12.17909579056112
   vertex 15.766345763161759 34 8
   vertex 22.84034005790246 34 8
  endloop
 endfacet
 facet normal 0 -1 0
  outer loop
   vertex 26.1022225211328 34 32.77645713530757
   vertex 26.13629669484373 34 33.03527618041009
   vertex 17.497383918068493 34 12.17909579056112
  endloop
 endfacet
 facet normal 0 -0.9999999999999999 0
  outer loop
   vertex 17.497383918068493 34 12.17909579056112
   vertex 23.995982984867737 34 16.777979515338117
   vertex 26.000000000000004 34 32.000000000000014
  endloop
 endfacet
 facet normal 0 -1 0
  outer loop
   vertex 17.497383918068493 34 12.17909579056112
   vertex 26.000000000000004 34 32.000000000000014
   vertex 26.1022225211328 34 32.77645713530757
  endloop
 endfacet
 facet normal 0 -1 0
  outer loop
   vertex 15.766345763161759 34 8
   vertex 15.631830429431659 34 7.675251256961639
   vertex 22.722544622910334 34 7.105254840198318
  endloop
 endfacet
 facet normal 0 -1 0
  outer loop
   vertex 22.722544622910334 34 7.105254840198318
   vertex 22.84034005790246 34 8
   vertex 15.766345763161759 34 8
  endloop
 endfacet
 facet normal 0 -1 0
  outer loop
   vertex 22.577035062727667 34 6
   vertex 22.722544622910334 34 7.105254840198318
   vertex 15.631830429431659 34 7.675251256961639
  endloop
 endfacet
 facet normal 0 -1 0
  outer loop
   vertex 15.631830429431659 34 7.675251256961639
   vertex 14.937918638415573 34 6
   vertex 22.577035062727667 34 6
  endloop
 endfacet
 facet normal 0 -0.9999999999999999 0
  outer loop
   vertex 31.035276180410065 34 35.86370330515628
   vertex 31.121871835401258 34 35.82783421041635
   vertex 31.09472177752634 34 35.855877143825346
  endloop
 endfacet
 facet normal 0 -1 0
  outer loop
   vertex 32.14626436994197 34 35.7174389352143
   vertex 31.09472177752634 34 35.855877143825346
   vertex 31.121871835401258 34 35.82783421041635
  endloop
 endfacet
 facet normal 0 -1 0
  outer loop
   vertex 32.14626436994197 34 35.7174389352143
   vertex 31.121871835401258 34 35.82783421041635
   vertex 31.75881904510252 34 35.56400203764238
  endloop
 endfacet
 facet normal 0 -1 0
  outer loop
   vertex 32.14626436994197 34 35.7174389352143
   vertex 31.75881904510252 34 35.56400203764238
   vertex 31.99999999999999 34 35.464101615137764
  endloop
 endfacet
 facet normal 0 -1 0
  outer loop
   vertex 31.99999999999999 34 35.464101615137764
   vertex 32.49937779554782 34 35.25725255947387
   vertex 32.14626436994197 34 35.7174389352143
  endloop
 endfacet
 facet normal 0 -1 0
  outer loop
   vertex 29.15965994209747 34 8
   vertex 27.662425792405315 34 19.37262245023686
   vertex 23.995982984867737 34 16.777979515338117
  endloop
 endfacet
 facet normal 0 -1 0
  outer loop
   vertex 23.995982984867737 34 16.777979515338117
   vertex 22.84034005790246 34 8
   vertex 29.15965994209747 34 8
  endloop
 endfacet
 facet normal 0 -1 0
  outer loop
   vertex 26.03407417371093 34 31.74118095489748
   vertex 26.000000000000004 34 32.000000000000014
   vertex 23.995982984867737 34 16.777979515338117
  endloop
 endfacet
 facet normal 0 -1 0
  outer loop
   vertex 23.995982984867737 34 16.777979515338117
   vertex 27.662425792405315 34 19.37262245023686
   vertex 26.13629669484373 34 30.964723819589913
  endloop
 endfacet
 facet normal 0 -1 0
  outer loop
   vertex 23.995982984867737 34 16.777979515338117
   vertex 26.13629669484373 34 30.964723819589913
   vertex 26.03407417371093 34 31.74118095489748
  endloop
 endfacet
 facet normal 0 -1 0
  outer loop
   vertex 22.84034005790246 34 8
   vertex 22.722544622910334 34 7.105254840198318
   vertex 29.34756839947148 34 6.572693562085508
  endloop
 endfacet
 facet normal 0 -1 0
  outer loop
   vertex 29.34756839947148 34 6.572693562085508
   vertex 29.15965994209747 34 8
   vertex 22.84034005790246 34 8
  endloop
 endfacet
 facet normal 0 -1 0
  outer loop
   vertex 29.422964937272255 34 6
   vertex 29.34756839947148 34 6.572693562085508
   vertex 22.722544622910334 34 7.105254840198318
  endloop
 endfacet
 facet normal 0 -1 0
  outer loop
   vertex 22.722544622910334 34 7.105254840198318
   vertex 22.577035062727667 34 6
   vertex 29.422964937272255 34 6
  endloop
 endfacet
 facet normal 0 -1 0
  outer loop
   vertex 32.49937779554782 34 35.25725255947387
   vertex 31.99999999999999 34 35.464101615137764
   vertex 32.621320343559645 34 34.98734574734408
  endloop
 endfacet
 facet normal 0 -1 0
  outer loop
   vertex 32.621320343559645 34 34.98734574734408
   vertex 32.82842712474616 34 34.82842712474622
   vertex 32.49937779554782 34 35.25725255947387
  endloop
 endfacet
 facet normal 0 -1 0
  outer loop
   vertex 36.47183488565844 34 6.0125273449001195
   vertex 36.47183488565844 34 6
   vertex 36.47702388181659 34 6
  endloop
 endfacet
 facet normal 0 -1 0
  outer loop
   vertex 35.6485967570704 34 8
   vertex 30.1954132669857 34 21.16514953987145
   vertex 27.662425792405315 34 19.37262245023686
  endloop
 endfacet
 facet normal 0 -1 0
  outer loop
   vertex 27.662425792405315 34 19.37262245023686
   vertex 29.15965994209747 34 8
   vertex 35.6485967570704 34 8
  endloop
 endfacet
 facet normal 0 -0.9999999999999999 0
  outer loop
   vertex 26.236197117348354 34 30.72354286469244
   vertex 26.13629669484373 34 30.964723819589913
   vertex 27.662425792405315 34 19.37262245023686
  endloop
 endfacet
 facet normal 0 -1 0
  outer loop
   vertex 27.662425792405315 34 19.37262245023686
   vertex 30.1954132669857 34 21.16514953987145
   vertex 27.85373563005804 34 26.81845944964795
  endloop
 endfacet
 facet normal 0 -1 0
  outer loop
   vertex 27.662425792405315 34 19.37262245023686
   vertex 27.85373563005804 34 26.81845944964795
   vertex 27.500622204452174 34 27.670950670801645
  endloop
 endfacet
 facet normal 0 -1 0
  outer loop
   vertex 27.662425792405315 34 19.37262245023686
   vertex 27.500622204452174 34 27.670950670801645
   vertex 27.212306299765302 34 28.367006838144555
  endloop
 endfacet
 facet normal 0 -1 0
  outer loop
   vertex 27.662425792405315 34 19.37262245023686
   vertex 27.212306299765302 34 28.367006838144555
   vertex 26.964723819589924 34 28.964723819589913
  endloop
 endfacet
 facet normal 0 -1 0
  outer loop
   vertex 27.662425792405315 34 19.37262245023686
   vertex 26.964723819589924 34 28.964723819589913
   vertex 26.74274744052615 34 29.500622204452146
  endloop
 endfacet
 facet normal 0 -1 0
  outer loop
   vertex 27.662425792405315 34 19.37262245023686
   vertex 26.74274744052615 34 29.500622204452146
   vertex 26.535898384862254 34 29.99999999999999
  endloop
 endfacet
 facet normal 0 -1 0
  outer loop
   vertex 27.662425792405315 34 19.37262245023686
   vertex 26.535898384862254 34 29.99999999999999
   vertex 26.236197117348354 34 30.72354286469244
  endloop
 endfacet
 facet normal 0 -1 0
  outer loop
   vertex 29.15965994209747 34 8
   vertex 29.34756839947148 34 6.572693562085508
   vertex 36.47183488565844 34 6
  endloop
 endfacet
 facet normal 0 -1 0
  outer loop
   vertex 29.15965994209747 34 8
   vertex 36.47183488565844 34 6
   vertex 36.47183488565844 34 6.0125273449001195
  endloop
 endfacet
 facet normal 0 -0.9999999999999999 0
  outer loop
   vertex 36.47183488565844 34 6.0125273449001195
   vertex 35.6485967570704 34 8
   vertex 29.15965994209747 34 8
  endloop
 endfacet
 facet normal 0 -1 0
  outer loop
   vertex 29.34756839947148 34 6.572693562085508
   vertex 29.422964937272255 34 6
   vertex 36.47183488565844 34 6
  endloop
 endfacet
 facet normal 0 -1 0
  outer loop
   vertex 37.19694916415229 34 7.716760238217304
   vertex 36.47183488565844 34 13.224550001282616
   vertex 36.47183488565844 34 8
  endloop
 endfacet
 facet normal 0 -1 0
  outer loop
   vertex 37.42296493727233 34 6
   vertex 37.19694916415229 34 7.716760238217304
   vertex 36.47183488565844 34 8
  endloop
 endfacet
 facet normal 0 -1 0
  outer loop
   vertex 37.42296493727233 34 6
   vertex 36.47183488565844 34 8
   vertex 36.47183488565844 34 6.0125273449001195
  endloop
 endfacet
 facet normal 0 -1 0
  outer loop
   vertex 36.47183488565844 34 6.0125273449001195
   vertex 36.47702388181659 34 6
   vertex 37.42296493727233 34 6
  endloop
 endfacet
 facet normal 0 -1 0
  outer loop
   vertex 36.47183488565844 34 13.224550001282616
   vertex 34.98061277355855 34 24.551506492251907
   vertex 30.1954132669857 34 21.16514953987145
  endloop
 endfacet
 facet normal 0 -0.9999999999999999 0
  outer loop
   vertex 36.47183488565844 34 13.224550001282616
   vertex 30.1954132669857 34 21.16514953987145
   vertex 35.6485967570704 34 8
  endloop
 endfacet
 facet normal 0 -1 0
  outer loop
   vertex 35.6485967570704 34 8
   vertex 36.47183488565844 34 8
   vertex 36.47183488565844 34 13.224550001282616
  endloop
 endfacet
 facet normal 0 -1 0
  outer loop
   vertex 31.03527618041009 34 28.136296694843733
   vertex 27.85373563005804 34 26.81845944964795
   vertex 30.1954132669857 34 21.16514953987145
  endloop
 endfacet
 facet normal 0 -1 0
  outer loop
   vertex 31.03527618041009 34 28.136296694843733
   vertex 30.1954132669857 34 21.16514953987145
   vertex 34.98061277355855 34 24.551506492251907
  endloop
 endfacet
 facet normal 0 -1 0
  outer loop
   vertex 31.03527618041009 34 28.136296694843733
   vertex 34.98061277355855 34 24.551506492251907
   vertex 34.64079616969991 34 27.132669858583416
  endloop
 endfacet
 facet normal 0 -0.9999999999999999 0
  outer loop
   vertex 34.64079616969991 34 27.132669858583416
   vertex 32.63920238286477 34 28.800664680946035
   vertex 32 34 28.53589838486225
  endloop
 endfacet
 facet normal 0 -1 0
  outer loop
   vertex 34.64079616969991 34 27.132669858583416
   vertex 32 34 28.53589838486225
   vertex 31.27645713530756 34 28.236197117348357
  endloop
 endfacet
 facet normal 0 -1 0
  outer loop
   vertex 34.64079616969991 34 27.132669858583416
   vertex 31.27645713530756 34 28.236197117348357
   vertex 31.03527618041009 34 28.136296694843733
  endloop
 endfacet
 facet normal 0 -1 0
  outer loop
   vertex 33.54888995748818 34 29.177469611877342
   vertex 34.52926317065758 34 27.979847094763766
   vertex 34.32904932919835 34 29.500622204452167
  endloop
 endfacet
 facet normal 0 -1 0
  outer loop
   vertex 34.64079616969991 34 27.132669858583416
   vertex 34.52926317065758 34 27.979847094763766
   vertex 33.54888995748818 34 29.177469611877342
  endloop
 endfacet
 facet normal 0 -1 0
  outer loop
   vertex 33.54888995748818 34 29.177469611877342
   vertex 32.63920238286477 34 28.800664680946035
   vertex 34.64079616969991 34 27.132669858583416
  endloop
 endfacet
 facet normal 0 -1 0
  outer loop
   vertex 36.47183488565844 34 6.0125273449001195
   vertex 36.47183488565844 34 8
   vertex 35.6485967570704 34 8
  endloop
 endfacet
 facet normal 0 -1 0
  outer loop
   vertex 29.999999999999993 34 28
   vertex 27.500622204452174 34 27.670950670801645
   vertex 27.85373563005804 34 26.81845944964795
  endloop
 endfacet
 facet normal 0 -1 0
  outer loop
   vertex 27.85373563005804 34 26.81845944964795
   vertex 31.03527618041009 34 28.136296694843733
   vertex 30.25881904510252 34 28.03407417371093
  endloop
 endfacet
 facet normal 0 -1 0
  outer loop
   vertex 27.85373563005804 34 26.81845944964795
   vertex 30.25881904510252 34 28.03407417371093
   vertex 29.999999999999993 34 28
  endloop
 endfacet
 facet normal 0 -0.9999999999999999 0
  outer loop
   vertex 32.207106781186546 34 28.694817007460138
   vertex 32 34 28.53589838486225
   vertex 32.63920238286477 34 28.800664680946035
  endloop
 endfacet
 facet normal 0 -1 0
  outer loop
   vertex 32.63920238286477 34 28.800664680946035
   vertex 32.49819123886155 34 28.918173967615385
   vertex 32.207106781186546 34 28.694817007460138
  endloop
 endfacet
 facet normal 0 -1 0
  outer loop
   vertex 34.23071014330082 34 30.247582480175367
   vertex 33.273900360182715 34 29.513396511226556
   vertex 33.54888995748818 34 29.177469611877342
  endloop
 endfacet
 facet normal 0 -1 0
  outer loop
   vertex 33.54888995748818 34 29.177469611877342
   vertex 34.32904932919835 34 29.500622204452167
   vertex 34.23071014330082 34 30.247582480175367
  endloop
 endfacet
 facet normal 0 -0.9999999999999999 0
  outer loop
   vertex 32.63920238286477 34 28.800664680946035
   vertex 33.54888995748818 34 29.177469611877342
   vertex 33.273900360182715 34 29.513396511226556
  endloop
 endfacet
 facet normal 0 -1 0
  outer loop
   vertex 32.63920238286477 34 28.800664680946035
   vertex 33.273900360182715 34 29.513396511226556
   vertex 32.828427124746185 34 29.1715728752538
  endloop
 endfacet
 facet normal 0 -0.9999999999999999 0
  outer loop
   vertex 32.828427124746185 34 29.1715728752538
   vertex 32.49819123886155 34 28.918173967615385
   vertex 32.63920238286477 34 28.800664680946035
  endloop
 endfacet
 facet normal 0 -1 0
  outer loop
   vertex 28.964723819589903 34 28.13629669484373
   vertex 27.212306299765302 34 28.367006838144555
   vertex 27.500622204452174 34 27.670950670801645
  endloop
 endfacet
 facet normal 0 -1 0
  outer loop
   vertex 27.500622204452174 34 27.670950670801645
   vertex 29.999999999999993 34 28
   vertex 29.223542864692437 34 28.1022225211328
  endloop
 endfacet
 facet normal 0 -0.9999999999999999 0
  outer loop
   vertex 27.500622204452174 34 27.670950670801645
   vertex 29.223542864692437 34 28.1022225211328
   vertex 28.964723819589903 34 28.13629669484373
  endloop
 endfacet
 facet normal 0 -1 0
  outer loop
   vertex 33.46410161513774 34 30
   vertex 33.17934787153523 34 29.62890169632568
   vertex 33.273900360182715 34 29.513396511226556
  endloop
 endfacet
 facet normal 0 -0.9999999999999999 0
  outer loop
   vertex 33.46410161513774 34 30
   vertex 33.273900360182715 34 29.513396511226556
   vertex 34.23071014330082 34 30.247582480175367
  endloop
 endfacet
 facet normal 0 -1 0
  outer loop
   vertex 34.23071014330082 34 30.247582480175367
   vertex 34.14626436994197 34 30.88901181046812
   vertex 33.46410161513774 34 30
  endloop
 endfacet
 facet normal 0 -1 0
  outer loop
   vertex 32.98734574734408 34 29.378679656440355
   vertex 32.828427124746185 34 29.1715728752538
   vertex 33.273900360182715 34 29.513396511226556
  endloop
 endfacet
 facet normal 0 -1 0
  outer loop
   vertex 33.273900360182715 34 29.513396511226556
   vertex 33.17934787153523 34 29.62890169632568
   vertex 32.98734574734408 34 29.378679656440355
  endloop
 endfacet
 facet normal 0 -1 0
  outer loop
   vertex 28.000000000000014 34 28.535898384862236
   vertex 26.964723819589924 34 28.964723819589913
   vertex 27.212306299765302 34 28.367006838144555
  endloop
 endfacet
 facet normal 0 -1 0
  outer loop
   vertex 27.212306299765302 34 28.367006838144555
   vertex 28.964723819589903 34 28.13629669484373
   vertex 28.24118095489748 34 28.435997962357618
  endloop
 endfacet
 facet normal 0 -1 0
  outer loop
   vertex 27.212306299765302 34 28.367006838144555
   vertex 28.24118095489748 34 28.435997962357618
   vertex 28.000000000000014 34 28.535898384862236
  endloop
 endfacet
 facet normal 0 -1 0
  outer loop
   vertex 33.56400203764238 34 30.24118095489748
   vertex 33.46410161513774 34 30
   vertex 34.14626436994197 34 30.88901181046812
  endloop
 endfacet
 facet normal 0 -1 0
  outer loop
   vertex 34.14626436994197 34 30.88901181046812
   vertex 34.07055236082016 34 31.464101615137757
   vertex 33.86370330515627 34 30.96472381958993
  endloop
 endfacet
 facet normal 0 -1 0
  outer loop
   vertex 34.14626436994197 34 30.88901181046812
   vertex 33.86370330515627 34 30.96472381958993
   vertex 33.56400203764238 34 30.24118095489748
  endloop
 endfacet
 facet normal 0 -1 0
  outer loop
   vertex 27.171572875253823 34 29.171572875253794
   vertex 26.74274744052615 34 29.500622204452146
   vertex 26.964723819589924 34 28.964723819589913
  endloop
 endfacet
 facet normal 0 -1 0
  outer loop
   vertex 26.964723819589924 34 28.964723819589913
   vertex 28.000000000000014 34 28.535898384862236
   vertex 27.378679656440355 34 29.01265425265592
  endloop
 endfacet
 facet normal 0 -1 0
  outer loop
   vertex 26.964723819589924 34 28.964723819589913
   vertex 27.378679656440355 34 29.01265425265592
   vertex 27.171572875253823 34 29.171572875253794
  endloop
 endfacet
 facet normal 0 -1 0
  outer loop
   vertex 33.897777478867205 34 31.223542864692437
   vertex 33.86370330515627 34 30.96472381958993
   vertex 34.07055236082016 34 31.464101615137757
  endloop
 endfacet
 facet normal 0 -1 0
  outer loop
   vertex 34.07055236082016 34 31.464101615137757
   vertex 33.99999999999999 34 31.999999999999964
   vertex 33.897777478867205 34 31.223542864692437
  endloop
 endfacet
 facet normal 0 -1 0
  outer loop
   vertex 26.694817007460138 34 29.792893218813454
   vertex 26.535898384862254 34 29.99999999999999
   vertex 26.74274744052615 34 29.500622204452146
  endloop
 endfacet
 facet normal 0 -1 0
  outer loop
   vertex 26.74274744052615 34 29.500622204452146
   vertex 27.171572875253823 34 29.171572875253794
   vertex 26.694817007460138 34 29.792893218813454
  endloop
 endfacet
 facet normal 0 0 1
  outer loop
   vertex 40.7965464671736 35.92034535328264 56
   vertex 41.59197955694343 34 56
   vertex 60 34 56
  endloop
 endfacet
 facet normal 0 0 0.9999999999999999
  outer loop
   vertex 40.646906613968056 36.281607916362994 56
   vertex 40.7965464671736 35.92034535328264 56
   vertex 60 34 56
  endloop
 endfacet
 facet normal 0 0 1
  outer loop
   vertex 39.106698182704854 40 56
   vertex 40.646906613968056 36.281607916362994 56
   vertex 60 34 56
  endloop
 endfacet
 facet normal 0 0 0.9999999999999999
  outer loop
   vertex 60 34 56
   vertex 60 40 56
   vertex 39.106698182704854 40 56
  endloop
 endfacet
 facet normal 0 0 1
  outer loop
   vertex 41.59197955694343 34 56
   vertex 40.7965464671736 35.92034535328264 56
   vertex 34.5164102706685 36.54835897293315 56
  endloop
 endfacet
 facet normal 0 0 1
  outer loop
   vertex 34.5164102706685 36.54835897293315 56
   vertex 36.471834885658446 34 56
   vertex 41.59197955694343 34 56
  endloop
 endfacet
 facet normal 0 0 1
  outer loop
   vertex 40.7965464671736 35.92034535328264 56
   vertex 40.646906613968056 36.281607916362994 56
   vertex 34.13171129180459 37.049708443094715 56
  endloop
 endfacet
 facet normal 0 0 1
  outer loop
   vertex 34.13171129180459 37.049708443094715 56
   vertex 34.5164102706685 36.54835897293315 56
   vertex 40.7965464671736 35.92034535328264 56
  endloop
 endfacet
 facet normal 0 0 1
  outer loop
   vertex 31.867872957784712 40 56
   vertex 34.13171129180459 37.049708443094715 56
   vertex 40.646906613968056 36.281607916362994 56
  endloop
 endfacet
 facet normal 0 0 1
  outer loop
   vertex 40.646906613968056 36.281607916362994 56
   vertex 39.106698182704854 40 56
   vertex 31.867872957784712 40 56
  endloop
 endfacet
 facet normal 0 0 1
  outer loop
   vertex 24.3514032429298 37.56485967570702 56
   vertex 24.351403242929802 36.26934510870157 56
   vertex 36.471834885658446 34 56
  endloop
 endfacet
 facet normal 0 0 1
  outer loop
   vertex 36.471834885658446 34 56
   vertex 34.5164102706685 36.54835897293315 56
   vertex 24.3514032429298 37.56485967570702 56
  endloop
 endfacet
 facet normal 0 0 0.9999999999999999
  outer loop
   vertex 24.351403242929802 36.26934510870157 56
   vertex 24.3514032429298 34 56
   vertex 36.471834885658446 34 56
  endloop
 endfacet
 facet normal 0 0 1
  outer loop
   vertex 24.3514032429298 38.20274521213584 56
   vertex 24.351403242929806 37.92916782176641 56
   vertex 34.5164102706685 36.54835897293315 56
  endloop
 endfacet
 facet normal 0 0 1
  outer loop
   vertex 34.5164102706685 36.54835897293315 56
   vertex 34.13171129180459 37.049708443094715 56
   vertex 24.3514032429298 38.20274521213584 56
  endloop
 endfacet
 facet normal 0 0 0.9999999999999999
  outer loop
   vertex 24.351403242929806 37.92916782176641 56
   vertex 24.3514032429298 37.56485967570702 56
   vertex 34.5164102706685 36.54835897293315 56
  endloop
 endfacet
 facet normal 0 0 1
  outer loop
   vertex 24.3514032429298 40 56
   vertex 24.3514032429298 38.20274521213584 56
   vertex 34.13171129180459 37.049708443094715 56
  endloop
 endfacet
 facet normal 0 0 1
  outer loop
   vertex 34.13171129180459 37.049708443094715 56
   vertex 31.867872957784712 40 56
   vertex 24.3514032429298 40 56
  endloop
 endfacet
 facet normal 0 0 1
  outer loop
   vertex 16.582907879600633 38.34170921203994 56
   vertex 16.582907879600633 37.72386401317625 56
   vertex 24.351403242929802 36.26934510870157 56
  endloop
 endfacet
 facet normal 0 0 1
  outer loop
   vertex 24.351403242929802 36.26934510870157 56
   vertex 24.3514032429298 37.56485967570702 56
   vertex 16.582907879600633 38.34170921203994 56
  endloop
 endfacet
 facet normal 0 0 1
  outer loop
   vertex 24.3514032429298 34 56
   vertex 24.351403242929802 36.26934510870157 56
   vertex 16.582907879600633 37.72386401317625 56
  endloop
 endfacet
 facet normal 0 0 0.9999999999999999
  outer loop
   vertex 16.582907879600633 37.72386401317625 56
   vertex 16.582907879600633 34 56
   vertex 24.3514032429298 34 56
  endloop
 endfacet
 facet normal 0 0 1
  outer loop
   vertex 16.58290787960063 39.11860192639082 56
   vertex 16.58290787960063 38.98443587131457 56
   vertex 24.351403242929806 37.92916782176641 56
  endloop
 endfacet
 facet normal 0 0 1
  outer loop
   vertex 24.351403242929806 37.92916782176641 56
   vertex 24.3514032429298 38.20274521213584 56
   vertex 16.58290787960063 39.11860192639082 56
  endloop
 endfacet
 facet normal 0 0 1
  outer loop
   vertex 24.3514032429298 37.56485967570702 56
   vertex 24.351403242929806 37.92916782176641 56
   vertex 16.58290787960063 38.98443587131457 56
  endloop
 endfacet
 facet normal 0 0 1
  outer loop
   vertex 16.58290787960063 38.98443587131457 56
   vertex 16.582907879600633 38.34170921203994 56
   vertex 24.3514032429298 37.56485967570702 56
  endloop
 endfacet
 facet normal 0 0 1
  outer loop
   vertex 16.582907879600633 40 56
   vertex 16.58290787960063 39.11860192639082 56
   vertex 24.3514032429298 38.20274521213584 56
  endloop
 endfacet
 facet normal 0 0 1
  outer loop
   vertex 24.3514032429298 38.20274521213584 56
   vertex 24.3514032429298 40 56
   vertex 16.582907879600633 40 56
  endloop
 endfacet
 facet normal 0 0 1
  outer loop
   vertex 16.582907879600633 37.72386401317625 56
   vertex 16.582907879600633 38.34170921203994 56
   vertex 9.500209755308656 39.04997902446913 56
  endloop
 endfacet
 facet normal 0 0 1
  outer loop
   vertex 16.582907879600633 34 56
   vertex 16.582907879600633 37.72386401317625 56
   vertex 9.500209755308656 39.04997902446913 56
  endloop
 endfacet
 facet normal 0 0 1
  outer loop
   vertex 9.500209755308656 39.04997902446913 56
   vertex 11.591979556943421 34 56
   vertex 16.582907879600633 34 56
  endloop
 endfacet
 facet normal 0 0 1
  outer loop
   vertex 16.58290787960063 38.98443587131457 56
   vertex 16.58290787960063 39.11860192639082 56
   vertex 9.106698182704854 40 56
  endloop
 endfacet
 facet normal 0 0 1
  outer loop
   vertex 16.582907879600633 38.34170921203994 56
   vertex 16.58290787960063 38.98443587131457 56
   vertex 9.106698182704854 40 56
  endloop
 endfacet
 facet normal 0 0 1
  outer loop
   vertex 9.106698182704854 40 56
   vertex 9.500209755308656 39.04997902446913 56
   vertex 16.582907879600633 38.34170921203994 56
  endloop
 endfacet
 facet normal 0 0 1
  outer loop
   vertex 16.58290787960063 39.11860192639082 56
   vertex 16.582907879600633 40 56
   vertex 9.106698182704854 40 56
  endloop
 endfacet
 facet normal 0 0 1
  outer loop
   vertex 11.591979556943421 34 56
   vertex 9.500209755308656 39.04997902446913 56
   vertex 2.023111785018916 39.797688821498106 56
  endloop
 endfacet
 facet normal 0 0 1
  outer loop
   vertex 2.023111785018916 39.797688821498106 56
   vertex 6.471834885658361 34 56
   vertex 11.591979556943421 34 56
  endloop
 endfacet
 facet normal 0 0 1
  outer loop
   vertex 1.8678729577845852 40 56
   vertex 2.023111785018916 39.797688821498106 56
   vertex 9.500209755308656 39.04997902446913 56
  endloop
 endfacet
 facet normal 0 0 1
  outer loop
   vertex 9.500209755308656 39.04997902446913 56
   vertex 9.106698182704854 40 56
   vertex 1.8678729577845852 40 56
  endloop
 endfacet
 facet normal 0 0 1
  outer loop
   vertex 6.471834885658361 34 56
   vertex 2.023111785018916 39.797688821498106 56
   vertex 0 40 56
  endloop
 endfacet
 facet normal 0 0 1
  outer loop
   vertex 0 40 56
   vertex 0 34 56
   vertex 6.471834885658361 34 56
  endloop
 endfacet
 facet normal 0 0 1
  outer loop
   vertex 2.023111785018916 39.797688821498106 56
   vertex 1.8678729577845852 40 56
   vertex 0 40 56
  endloop
 endfacet
 facet normal -1 0 0
  outer loop
   vertex 0 34.95747351420722 13.978945951726871
   vertex 0 40 56
   vertex 0 40 13.978945951726871
  endloop
 endfacet
 facet normal -0.9999999999999999 0 0
  outer loop
   vertex 0 34.74736824396586 13.978945951726871
   vertex 0 40 56
   vertex 0 34.95747351420722 13.978945951726871
  endloop
 endfacet
 facet normal -1 0 0
  outer loop
   vertex 0 40 56
   vertex 0 34.74736824396586 13.978945951726871
   vertex 0 34 13.978945951726876
  endloop
 endfacet
 facet normal -0.9999999999999999 0 0
  outer loop
   vertex 0 34 13.978945951726876
   vertex 0 34 56
   vertex 0 40 56
  endloop
 endfacet
 facet normal -1 0 0
  outer loop
   vertex 0 40 8
   vertex 0 34.24 8
   vertex 0 34.95747351420722 13.978945951726871
  endloop
 endfacet
 facet normal -1 0 0
  outer loop
   vertex 0 34.95747351420722 13.978945951726871
   vertex 0 40 13.978945951726871
   vertex 0 40 8
  endloop
 endfacet
 facet normal -1 0 0
  outer loop
   vertex 0 34 8
   vertex 0 34.74736824396586 13.978945951726871
   vertex 0 34.95747351420722 13.978945951726871
  endloop
 endfacet
 facet normal -1 0 0
  outer loop
   vertex 0 34.95747351420722 13.978945951726871
   vertex 0 34.24 8
   vertex 0 34 8
  endloop
 endfacet
 facet normal -1 0 0
  outer loop
   vertex 0 34.74736824396586 13.978945951726871
   vertex 0 34 8
   vertex 0 34 13.978945951726876
  endloop
 endfacet
 facet normal -0.9999999999999999 0 0
  outer loop
   vertex 0 34 6
   vertex 0 34.24 8
   vertex 0 40 8
  endloop
 endfacet
 facet normal -1 0 0
  outer loop
   vertex 0 40 8
   vertex 0 40 6
   vertex 0 34 6
  endloop
 endfacet
 facet normal -1 0 0
  outer loop
   vertex 0 34.24 8
   vertex 0 34 6
   vertex 0 34 8
  endloop
 endfacet
 facet normal 1 0 0
  outer loop
   vertex 60 34 56
   vertex 60 34 6
   vertex 60 40 6
  endloop
 endfacet
 facet normal 1 0 0
  outer loop
   vertex 60 40 6
   vertex 60 40 56
   vertex 60 34 56
  endloop
 endfacet
 facet normal -0.6087614290086993 1.9669544485889717e-15 -0.7933533402912516
  outer loop
   vertex 32.82842712474616 34 34.82842712474622
   vertex 32.621320343559645 34 34.98734574734408
   vertex 32.207106781186546 40 35.30518299253986
  endloop
 endfacet
 facet normal -0.6087614290087079 5.4797307225876865e-16 -0.7933533402912448
  outer loop
   vertex 32.82842712474616 34 34.82842712474622
   vertex 32.207106781186546 40 35.30518299253986
   vertex 32.61899705891476 40 34.98912846635287
  endloop
 endfacet
 facet normal -0.6087614290087465 -1.5946596516949645e-15 -0.7933533402912153
  outer loop
   vertex 32.61899705891476 40 34.98912846635287
   vertex 32.828427124746185 40 34.82842712474619
   vertex 32.82842712474616 34 34.82842712474622
  endloop
 endfacet
 facet normal -0.6087614290087283 -1.222701413987579e-15 -0.7933533402912292
  outer loop
   vertex 32.00000000000001 40 35.46410161513775
   vertex 32.207106781186546 40 35.30518299253986
   vertex 32.621320343559645 34 34.98734574734408
  endloop
 endfacet
 facet normal -0.6087614290087214 -7.088124139058032e-17 -0.7933533402912346
  outer loop
   vertex 32.621320343559645 34 34.98734574734408
   vertex 31.99999999999999 34 35.464101615137764
   vertex 32.00000000000001 40 35.46410161513775
  endloop
 endfacet
 facet normal 0.9914448613738136 -2.303640345193801e-15 0.13052619222002693
  outer loop
   vertex 26.000000000000004 34 32.000000000000014
   vertex 26.03407417371093 34 31.74118095489748
   vertex 26.102222521132795 40 31.223542864692437
  endloop
 endfacet
 facet normal 0.9914448613738109 4.636814540967274e-16 0.13052619222004794
  outer loop
   vertex 26.102222521132795 40 31.223542864692437
   vertex 26.000000000000004 40 31.999999999999993
   vertex 26.000000000000004 34 32.000000000000014
  endloop
 endfacet
 facet normal 0.99144486137381 1.0853690087933485e-16 0.1305261922200544
  outer loop
   vertex 26.136296694843725 40 30.96472381958993
   vertex 26.102222521132795 40 31.223542864692437
   vertex 26.03407417371093 34 31.74118095489748
  endloop
 endfacet
 facet normal 0.9914448613738102 1.9787679888204001e-16 0.13052619222005513
  outer loop
   vertex 26.03407417371093 34 31.74118095489748
   vertex 26.13629669484373 34 30.964723819589913
   vertex 26.136296694843725 40 30.96472381958993
  endloop
 endfacet
 facet normal 0.9238795325112896 -7.353928794273086e-16 0.3826834323650828
  outer loop
   vertex 26.13629669484373 34 30.964723819589913
   vertex 26.236197117348354 34 30.72354286469244
   vertex 26.435997962357614 40 30.24118095489748
  endloop
 endfacet
 facet normal 0.9238795325112892 -5.847702414722914e-16 0.38268343236508384
  outer loop
   vertex 26.435997962357614 40 30.24118095489748
   vertex 26.136296694843725 40 30.96472381958993
   vertex 26.13629669484373 34 30.964723819589913
  endloop
 endfacet
 facet normal 0.9238795325112776 2.011255224457616e-15 0.38268343236511204
  outer loop
   vertex 26.535898384862257 40 29.999999999999986
   vertex 26.435997962357614 40 30.24118095489748
   vertex 26.236197117348354 34 30.72354286469244
  endloop
 endfacet
 facet normal 0.9238795325112845 -3.189655862576119e-16 0.3826834323650955
  outer loop
   vertex 26.236197117348354 34 30.72354286469244
   vertex 26.535898384862254 34 29.99999999999999
   vertex 26.535898384862257 40 29.999999999999986
  endloop
 endfacet
 facet normal -0.38268343236506436 2.153017707239037e-15 -0.9238795325112973
  outer loop
   vertex 31.99999999999999 34 35.464101615137764
   vertex 31.75881904510252 34 35.56400203764238
   vertex 31.276457135307563 40 35.76380288265164
  endloop
 endfacet
 facet normal -0.3826834323650887 -1.280877623104586e-15 -0.9238795325112873
  outer loop
   vertex 31.99999999999999 34 35.464101615137764
   vertex 31.276457135307563 40 35.76380288265164
   vertex 31.867872957784712 40 35.518830427979566
  endloop
 endfacet
 facet normal -0.3826834323650799 -1.055293204041445e-15 -0.9238795325112908
  outer loop
   vertex 31.867872957784712 40 35.518830427979566
   vertex 32.00000000000001 40 35.46410161513775
   vertex 31.99999999999999 34 35.464101615137764
  endloop
 endfacet
 facet normal -0.38268343236508195 4.961686897340513e-16 -0.92387953251129
  outer loop
   vertex 31.035276180410072 40 35.86370330515627
   vertex 31.276457135307563 40 35.76380288265164
   vertex 31.75881904510252 34 35.56400203764238
  endloop
 endfacet
 facet normal -0.3826834323650948 -1.3201571604097104e-15 -0.9238795325112846
  outer loop
   vertex 31.035276180410072 40 35.86370330515627
   vertex 31.75881904510252 34 35.56400203764238
   vertex 31.121871835401258 34 35.82783421041635
  endloop
 endfacet
 facet normal -0.38268343236505464 -6.408247582242988e-16 -0.9238795325113013
  outer loop
   vertex 31.121871835401258 34 35.82783421041635
   vertex 31.035276180410065 34 35.86370330515628
   vertex 31.035276180410072 40 35.86370330515627
  endloop
 endfacet
 facet normal -0.3826834323650876 -2.8352496556233936e-16 0.9238795325112876
  outer loop
   vertex 31.03527618041009 34 28.136296694843733
   vertex 31.27645713530756 34 28.236197117348357
   vertex 31.75881904510252 40 28.435997962357618
  endloop
 endfacet
 facet normal -0.38268343236509195 3.248723563735021e-16 0.923879532511286
  outer loop
   vertex 31.75881904510252 40 28.435997962357618
   vertex 31.035276180410087 40 28.13629669484373
   vertex 31.03527618041009 34 28.136296694843733
  endloop
 endfacet
 facet normal -0.3826834323650695 -1.98888250984968e-15 0.9238795325112952
  outer loop
   vertex 31.867872957784712 40 28.48116957202043
   vertex 31.75881904510252 40 28.435997962357618
   vertex 31.27645713530756 34 28.236197117348357
  endloop
 endfacet
 facet normal -0.38268343236509245 6.733717932105247e-16 0.9238795325112854
  outer loop
   vertex 31.867872957784712 40 28.48116957202043
   vertex 31.27645713530756 34 28.236197117348357
   vertex 32 34 28.53589838486225
  endloop
 endfacet
 facet normal -0.3826834323650291 3.204524646505308e-16 0.9238795325113119
  outer loop
   vertex 32 34 28.53589838486225
   vertex 31.999999999999996 40 28.535898384862247
   vertex 31.98754715512642 40 28.530740247625484
  endloop
 endfacet
 facet normal -0.38268343236511426 1.1341340540281748e-16 0.9238795325112766
  outer loop
   vertex 32 34 28.53589838486225
   vertex 31.98754715512642 40 28.530740247625484
   vertex 31.867872957784712 40 28.48116957202043
  endloop
 endfacet
 facet normal 0.991444861373811 4.319325647238603e-16 -0.13052619222004735
  outer loop
   vertex 26.13629669484373 34 33.03527618041009
   vertex 26.1022225211328 34 32.77645713530757
   vertex 26.034074173710934 40 32.25881904510252
  endloop
 endfacet
 facet normal 0.9914448613738097 -8.653418219766662e-16 -0.1305261922200572
  outer loop
   vertex 26.034074173710934 40 32.25881904510252
   vertex 26.136296694843736 40 33.0352761804101
   vertex 26.13629669484373 34 33.03527618041009
  endloop
 endfacet
 facet normal 0.9914448613738114 7.420379958076373e-16 -0.13052619222004383
  outer loop
   vertex 26.000000000000004 40 31.999999999999993
   vertex 26.034074173710934 40 32.25881904510252
   vertex 26.1022225211328 34 32.77645713530757
  endloop
 endfacet
 facet normal 0.9914448613738104 -4.636814540967292e-16 -0.13052619222005302
  outer loop
   vertex 26.1022225211328 34 32.77645713530757
   vertex 26.000000000000004 34 32.000000000000014
   vertex 26.000000000000004 40 31.999999999999993
  endloop
 endfacet
 facet normal -0.13052619222004383 -8.94875672556076e-16 0.9914448613738114
  outer loop
   vertex 29.999999999999993 34 28
   vertex 30.25881904510252 34 28.03407417371093
   vertex 30.77645713530756 40 28.102222521132795
  endloop
 endfacet
 facet normal -0.13052619222005063 0 0.9914448613738105
  outer loop
   vertex 30.77645713530756 40 28.102222521132795
   vertex 29.999999999999993 40 28
   vertex 29.999999999999993 34 28
  endloop
 endfacet
 facet normal -0.1305261922200572 2.7909488797540936e-16 0.9914448613738096
  outer loop
   vertex 31.035276180410087 40 28.13629669484373
   vertex 30.77645713530756 40 28.102222521132795
   vertex 30.25881904510252 34 28.03407417371093
  endloop
 endfacet
 facet normal -0.13052619222005896 5.109356150237722e-16 0.9914448613738094
  outer loop
   vertex 30.25881904510252 34 28.03407417371093
   vertex 31.03527618041009 34 28.136296694843733
   vertex 31.035276180410087 40 28.13629669484373
  endloop
 endfacet
 facet normal -0.13052619222004277 3.2561070263800954e-16 -0.9914448613738116
  outer loop
   vertex 31.035276180410065 34 35.86370330515628
   vertex 30.776457135307563 34 35.897777478867205
   vertex 30.25881904510252 40 35.965925826289066
  endloop
 endfacet
 facet normal -0.13052619222005302 -1.0218712300475689e-15 -0.9914448613738104
  outer loop
   vertex 30.25881904510252 40 35.965925826289066
   vertex 31.035276180410072 40 35.86370330515627
   vertex 31.035276180410065 34 35.86370330515628
  endloop
 endfacet
 facet normal -0.13052619222006956 -2.0223304184251814e-15 -0.9914448613738082
  outer loop
   vertex 30.000000000000018 40 36
   vertex 30.25881904510252 40 35.965925826289066
   vertex 30.776457135307563 34 35.897777478867205
  endloop
 endfacet
 facet normal -0.1305261922200524 2.3036403451939307e-16 -0.9914448613738104
  outer loop
   vertex 30.776457135307563 34 35.897777478867205
   vertex 30.000000000000007 34 36
   vertex 30.000000000000018 40 36
  endloop
 endfacet
 facet normal -0.6087614290087152 2.4808434486703965e-16 0.7933533402912393
  outer loop
   vertex 32 34 28.53589838486225
   vertex 32.207106781186546 34 28.694817007460138
   vertex 32.621320343559645 40 29.012654252655917
  endloop
 endfacet
 facet normal -0.6087614290087194 9.290342004099269e-16 0.7933533402912363
  outer loop
   vertex 32 34 28.53589838486225
   vertex 32.621320343559645 40 29.012654252655917
   vertex 32.2065351550366 40 28.694378383288242
  endloop
 endfacet
 facet normal -0.6087614290087042 1.066161284865196e-16 0.7933533402912476
  outer loop
   vertex 32.2065351550366 40 28.694378383288242
   vertex 31.999999999999996 40 28.535898384862247
   vertex 32 34 28.53589838486225
  endloop
 endfacet
 facet normal -0.6087614290087238 1.1872607932922512e-15 0.7933533402912327
  outer loop
   vertex 32.82842712474619 40 29.17157287525381
   vertex 32.621320343559645 40 29.012654252655917
   vertex 32.207106781186546 34 28.694817007460138
  endloop
 endfacet
 facet normal -0.6087614290087136 -4.791044693611001e-16 0.7933533402912405
  outer loop
   vertex 32.82842712474619 40 29.17157287525381
   vertex 32.207106781186546 34 28.694817007460138
   vertex 32.49819123886155 34 28.918173967615385
  endloop
 endfacet
 facet normal -0.6087614290087167 -2.1670852137701348e-16 0.7933533402912383
  outer loop
   vertex 32.49819123886155 34 28.918173967615385
   vertex 32.828427124746185 34 29.1715728752538
   vertex 32.82842712474619 40 29.17157287525381
  endloop
 endfacet
 facet normal 0.9238795325112882 8.507184666952982e-16 -0.38268343236508634
  outer loop
   vertex 26.50102632367613 34 33.91581139693657
   vertex 26.435997962357618 34 33.75881904510252
   vertex 26.236197117348357 40 33.27645713530757
  endloop
 endfacet
 facet normal 0.923879532511286 1.6391287071572153e-16 -0.38268343236509195
  outer loop
   vertex 26.50102632367613 34 33.91581139693657
   vertex 26.236197117348357 40 33.27645713530757
   vertex 26.535898384862247 40 34
  endloop
 endfacet
 facet normal 0.9238795325112762 5.470465754527706e-16 -0.3826834323651152
  outer loop
   vertex 26.535898384862247 40 34
   vertex 26.53589838486225 34 34
   vertex 26.50102632367613 34 33.91581139693657
  endloop
 endfacet
 facet normal 0.9238795325112906 1.373324051942606e-15 -0.38268343236508084
  outer loop
   vertex 26.136296694843736 40 33.0352761804101
   vertex 26.236197117348357 40 33.27645713530757
   vertex 26.435997962357618 34 33.75881904510252
  endloop
 endfacet
 facet normal 0.923879532511286 -1.8901664370821941e-16 -0.38268343236509195
  outer loop
   vertex 26.435997962357618 34 33.75881904510252
   vertex 26.13629669484373 34 33.03527618041009
   vertex 26.136296694843736 40 33.0352761804101
  endloop
 endfacet
 facet normal 0.13052619222004033 1.129669784662343e-15 0.991444861373812
  outer loop
   vertex 28.964723819589903 34 28.13629669484373
   vertex 29.223542864692437 34 28.1022225211328
   vertex 29.74118095489748 40 28.034074173710934
  endloop
 endfacet
 facet normal 0.13052619222005335 -5.877236265302302e-16 0.9914448613738103
  outer loop
   vertex 29.74118095489748 40 28.034074173710934
   vertex 28.964723819589903 40 28.136296694843733
   vertex 28.964723819589903 34 28.13629669484373
  endloop
 endfacet
 facet normal 0.13052619222006426 -9.724020303270742e-16 0.9914448613738088
  outer loop
   vertex 29.999999999999993 40 28
   vertex 29.74118095489748 40 28.034074173710934
   vertex 29.223542864692437 34 28.1022225211328
  endloop
 endfacet
 facet normal 0.13052619222005687 0 0.9914448613738098
  outer loop
   vertex 29.223542864692437 34 28.1022225211328
   vertex 29.999999999999993 34 28
   vertex 29.999999999999993 40 28
  endloop
 endfacet
 facet normal 0.1305261922200572 9.436065260120983e-16 -0.9914448613738096
  outer loop
   vertex 30.000000000000007 34 36
   vertex 29.74118095489748 34 35.965925826289066
   vertex 29.223542864692437 40 35.897777478867205
  endloop
 endfacet
 facet normal 0.1305261922200483 -2.3036403451938583e-16 -0.991444861373811
  outer loop
   vertex 29.223542864692437 40 35.897777478867205
   vertex 30.000000000000018 40 36
   vertex 30.000000000000007 34 36
  endloop
 endfacet
 facet normal 0.13052619222006248 1.4065496338443819e-15 -0.9914448613738089
  outer loop
   vertex 28.96472381958992 40 35.86370330515627
   vertex 29.223542864692437 40 35.897777478867205
   vertex 29.74118095489748 34 35.965925826289066
  endloop
 endfacet
 facet normal 0.13052619222005063 -1.565294080708675e-16 -0.9914448613738105
  outer loop
   vertex 29.74118095489748 34 35.965925826289066
   vertex 28.964723819589913 34 35.86370330515627
   vertex 28.96472381958992 40 35.86370330515627
  endloop
 endfacet
 facet normal -0.7933533402912362 1.417624827811601e-16 0.6087614290087191
  outer loop
   vertex 32.828427124746185 34 29.1715728752538
   vertex 32.98734574734408 34 29.378679656440355
   vertex 33.30518299253986 40 29.79289321881345
  endloop
 endfacet
 facet normal -0.7933533402911982 -8.018792725542631e-15 0.6087614290087692
  outer loop
   vertex 32.828427124746185 34 29.1715728752538
   vertex 33.30518299253986 40 29.79289321881345
   vertex 33.24548138164868 40 29.71508856470058
  endloop
 endfacet
 facet normal -0.793353340291242 2.2282683793044446e-16 0.6087614290087116
  outer loop
   vertex 33.24548138164868 40 29.71508856470058
   vertex 32.82842712474619 40 29.17157287525381
   vertex 32.828427124746185 34 29.1715728752538
  endloop
 endfacet
 facet normal -0.7933533402912575 3.1807957074024194e-15 0.6087614290086915
  outer loop
   vertex 33.46410161513774 40 30
   vertex 33.30518299253986 40 29.79289321881345
   vertex 32.98734574734408 34 29.378679656440355
  endloop
 endfacet
 facet normal -0.7933533402912506 1.7013672615390063e-15 0.6087614290087006
  outer loop
   vertex 33.46410161513774 40 30
   vertex 32.98734574734408 34 29.378679656440355
   vertex 33.17934787153523 34 29.62890169632568
  endloop
 endfacet
 facet normal -0.7933533402912374 0 0.6087614290087178
  outer loop
   vertex 33.17934787153523 34 29.62890169632568
   vertex 33.46410161513774 34 30
   vertex 33.46410161513774 40 30
  endloop
 endfacet
 facet normal 0.7933533402912389 -3.1896558625764415e-16 -0.6087614290087159
  outer loop
   vertex 27.171572875253794 34 34.82842712474618
   vertex 27.012654252655917 34 34.621320343559645
   vertex 26.694817007460138 40 34.207106781186546
  endloop
 endfacet
 facet normal 0.7933533402912383 -4.3710098857525475e-16 -0.6087614290087165
  outer loop
   vertex 26.694817007460138 40 34.207106781186546
   vertex 27.17157287525381 40 34.82842712474619
   vertex 27.171572875253794 34 34.82842712474618
  endloop
 endfacet
 facet normal 0.7933533402912327 -1.1872607932922512e-15 -0.6087614290087238
  outer loop
   vertex 26.535898384862247 40 34
   vertex 26.694817007460138 40 34.207106781186546
   vertex 27.012654252655917 34 34.621320343559645
  endloop
 endfacet
 facet normal 0.7933533402912405 4.72541609270547e-16 -0.6087614290087137
  outer loop
   vertex 27.012654252655917 34 34.621320343559645
   vertex 26.53589838486225 34 34
   vertex 26.535898384862247 40 34
  endloop
 endfacet
 facet normal 0.3826834323650692 2.241619258977297e-15 0.9238795325112952
  outer loop
   vertex 28.000000000000014 34 28.535898384862236
   vertex 28.24118095489748 34 28.435997962357618
   vertex 28.723542864692437 40 28.236197117348357
  endloop
 endfacet
 facet normal 0.38268343236508495 1.7234543906056926e-17 0.9238795325112888
  outer loop
   vertex 28.000000000000014 34 28.535898384862236
   vertex 28.723542864692437 40 28.236197117348357
   vertex 28.351574677368706 40 28.39027138530918
  endloop
 endfacet
 facet normal 0.3826834323650957 -7.245935523228805e-16 0.9238795325112842
  outer loop
   vertex 28.000000000000014 34 28.535898384862236
   vertex 28.351574677368706 40 28.39027138530918
   vertex 28.102006874951645 40 28.493645753801978
  endloop
 endfacet
 facet normal 0.38268343236505264 1.3223800437710993e-16 0.9238795325113021
  outer loop
   vertex 28.102006874951645 40 28.493645753801978
   vertex 28.000000000000004 40 28.53589838486224
   vertex 28.000000000000014 34 28.535898384862236
  endloop
 endfacet
 facet normal 0.3826834323650924 5.31609310429393e-17 0.9238795325112856
  outer loop
   vertex 28.964723819589903 40 28.136296694843733
   vertex 28.723542864692437 40 28.236197117348357
   vertex 28.24118095489748 34 28.435997962357618
  endloop
 endfacet
 facet normal 0.3826834323650967 -5.493296207770196e-16 0.923879532511284
  outer loop
   vertex 28.24118095489748 34 28.435997962357618
   vertex 28.964723819589903 34 28.13629669484373
   vertex 28.964723819589903 40 28.136296694843733
  endloop
 endfacet
 facet normal 0.382683432365078 -8.682952070346426e-16 -0.9238795325112917
  outer loop
   vertex 28.964723819589913 34 35.86370330515627
   vertex 28.723542864692437 34 35.763802882651646
   vertex 28.24118095489748 40 35.56400203764239
  endloop
 endfacet
 facet normal 0.38268343236508096 -4.489145288070189e-16 -0.9238795325112905
  outer loop
   vertex 28.24118095489748 40 35.56400203764239
   vertex 28.96472381958992 40 35.86370330515627
   vertex 28.964723819589913 34 35.86370330515627
  endloop
 endfacet
 facet normal 0.3826834323651013 1.3201631208995958e-15 -0.9238795325112821
  outer loop
   vertex 28.000000000000004 40 35.46410161513776
   vertex 28.24118095489748 40 35.56400203764239
   vertex 28.723542864692437 34 35.763802882651646
  endloop
 endfacet
 facet normal 0.3826834323650926 1.0612597616054021e-16 -0.9238795325112855
  outer loop
   vertex 28.000000000000004 40 35.46410161513776
   vertex 28.723542864692437 34 35.763802882651646
   vertex 28.30069714853406 34 35.58865445222748
  endloop
 endfacet
 facet normal 0.38268343236508695 -2.2740761681633253e-16 -0.9238795325112878
  outer loop
   vertex 28.30069714853406 34 35.58865445222748
   vertex 28 34 35.46410161513776
   vertex 28.000000000000004 40 35.46410161513776
  endloop
 endfacet
 facet normal -0.9238795325112743 -3.0567535349687922e-15 0.3826834323651196
  outer loop
   vertex 33.46410161513774 34 30
   vertex 33.56400203764238 34 30.24118095489748
   vertex 33.76380288265164 40 30.723542864692437
  endloop
 endfacet
 facet normal -0.9238795325112832 0 0.38268343236509794
  outer loop
   vertex 33.76380288265164 40 30.723542864692437
   vertex 33.46410161513774 40 30
   vertex 33.46410161513774 34 30
  endloop
 endfacet
 facet normal -0.9238795325112958 1.8517724313288e-15 0.3826834323650675
  outer loop
   vertex 33.86370330515627 40 30.96472381958994
   vertex 33.76380288265164 40 30.723542864692437
   vertex 33.56400203764238 34 30.24118095489748
  endloop
 endfacet
 facet normal -0.9238795325112892 -4.548212989228934e-16 0.38268343236508384
  outer loop
   vertex 33.56400203764238 34 30.24118095489748
   vertex 33.86370330515627 34 30.96472381958993
   vertex 33.86370330515627 40 30.96472381958994
  endloop
 endfacet
 facet normal 0.6087614290087152 -5.847702414723077e-16 -0.7933533402912393
  outer loop
   vertex 28 34 35.46410161513776
   vertex 27.792893218813454 34 35.30518299253987
   vertex 27.378679656440358 40 34.98734574734409
  endloop
 endfacet
 facet normal 0.6087614290087165 -3.6621974718467293e-16 -0.7933533402912383
  outer loop
   vertex 27.378679656440358 40 34.98734574734409
   vertex 28.000000000000004 40 35.46410161513776
   vertex 28 34 35.46410161513776
  endloop
 endfacet
 facet normal 0.6087614290087258 5.759100862984691e-16 -0.7933533402912312
  outer loop
   vertex 27.17157287525381 40 34.82842712474619
   vertex 27.378679656440358 40 34.98734574734409
   vertex 27.792893218813454 34 35.30518299253987
  endloop
 endfacet
 facet normal 0.608761429008725 4.3710098857524124e-16 -0.793353340291232
  outer loop
   vertex 27.792893218813454 34 35.30518299253987
   vertex 27.171572875253794 34 34.82842712474618
   vertex 27.17157287525381 40 34.82842712474619
  endloop
 endfacet
 facet normal 0.6087614290087072 1.4530654485070575e-15 0.7933533402912455
  outer loop
   vertex 27.171572875253823 34 29.171572875253794
   vertex 27.378679656440355 34 29.01265425265592
   vertex 27.79289321881345 40 28.694817007460138
  endloop
 endfacet
 facet normal 0.6087614290087047 1.8785938403896386e-15 0.7933533402912474
  outer loop
   vertex 27.171572875253823 34 29.171572875253794
   vertex 27.79289321881345 40 28.694817007460138
   vertex 27.501808761138452 40 28.918173967615374
  endloop
 endfacet
 facet normal 0.6087614290087273 -1.0557594631187726e-16 0.79335334029123
  outer loop
   vertex 27.501808761138452 40 28.918173967615374
   vertex 27.17157287525382 40 29.171572875253798
   vertex 27.171572875253823 34 29.171572875253794
  endloop
 endfacet
 facet normal 0.6087614290087279 -7.974139656440191e-16 0.7933533402912298
  outer loop
   vertex 28.000000000000004 40 28.53589838486224
   vertex 27.79289321881345 40 28.694817007460138
   vertex 27.378679656440355 34 29.01265425265592
  endloop
 endfacet
 facet normal 0.6087614290087191 6.024905518199304e-16 0.7933533402912362
  outer loop
   vertex 27.378679656440355 34 29.01265425265592
   vertex 28.000000000000014 34 28.535898384862236
   vertex 28.000000000000004 40 28.53589838486224
  endloop
 endfacet
 facet normal -0.7933533402912534 -2.2238989486292685e-15 -0.6087614290086969
  outer loop
   vertex 33.46410161513777 34 33.99999999999997
   vertex 33.30518299253987 34 34.207106781186546
   vertex 32.98734574734409 40 34.621320343559645
  endloop
 endfacet
 facet normal -0.7933533402912393 7.915071955281741e-16 -0.6087614290087152
  outer loop
   vertex 32.98734574734409 40 34.621320343559645
   vertex 33.46410161513775 40 34.00000000000001
   vertex 33.46410161513777 34 33.99999999999997
  endloop
 endfacet
 facet normal -0.7933533402912131 3.535201914355198e-15 -0.6087614290087495
  outer loop
   vertex 32.828427124746185 40 34.82842712474619
   vertex 32.98734574734409 40 34.621320343559645
   vertex 33.30518299253987 34 34.207106781186546
  endloop
 endfacet
 facet normal -0.7933533402912298 -5.906770115881489e-17 -0.6087614290087277
  outer loop
   vertex 33.30518299253987 34 34.207106781186546
   vertex 32.82842712474616 34 34.82842712474622
   vertex 32.828427124746185 40 34.82842712474619
  endloop
 endfacet
 facet normal -0.9914448613738083 -1.869492741676703e-15 0.13052619222006778
  outer loop
   vertex 33.86370330515627 34 30.96472381958993
   vertex 33.897777478867205 34 31.223542864692437
   vertex 33.965925826289066 40 31.74118095489748
  endloop
 endfacet
 facet normal -0.9914448613738102 1.0899036118313458e-16 0.13052619222005274
  outer loop
   vertex 33.86370330515627 34 30.96472381958993
   vertex 33.965925826289066 40 31.74118095489748
   vertex 33.89875351184659 40 31.230956571209802
  endloop
 endfacet
 facet normal -0.9914448613738096 -1.5396504324049254e-16 0.13052619222005857
  outer loop
   vertex 33.89875351184659 40 31.230956571209802
   vertex 33.86370330515627 40 30.96472381958994
   vertex 33.86370330515627 34 30.96472381958993
  endloop
 endfacet
 facet normal -0.9914448613738112 1.5505271554191346e-17 0.1305261922200463
  outer loop
   vertex 33.99999999999999 40 31.999999999999975
   vertex 33.965925826289066 40 31.74118095489748
   vertex 33.897777478867205 34 31.223542864692437
  endloop
 endfacet
 facet normal -0.9914448613738109 -2.3331741957734266e-16 0.1305261922200482
  outer loop
   vertex 33.897777478867205 34 31.223542864692437
   vertex 33.99999999999999 34 31.999999999999964
   vertex 33.99999999999999 40 31.999999999999975
  endloop
 endfacet
 facet normal -0.991444861373815 -2.7200676383632297e-15 -0.13052619222001635
  outer loop
   vertex 33.99999999999999 34 31.999999999999964
   vertex 33.965925826289066 34 32.25881904510252
   vertex 33.897777478867205 40 32.77645713530756
  endloop
 endfacet
 facet normal -0.991444861373812 2.3036403451938504e-16 -0.13052619222003878
  outer loop
   vertex 33.897777478867205 40 32.77645713530756
   vertex 33.99999999999999 40 31.999999999999975
   vertex 33.99999999999999 34 31.999999999999964
  endloop
 endfacet
 facet normal -0.9914448613738062 3.214021289304108e-15 -0.13052619222008396
  outer loop
   vertex 33.863703305156264 40 33.03527618041009
   vertex 33.897777478867205 40 32.77645713530756
   vertex 33.965925826289066 34 32.25881904510252
  endloop
 endfacet
 facet normal -0.9914448613738083 1.056482510870624e-15 -0.13052619222006756
  outer loop
   vertex 33.863703305156264 40 33.03527618041009
   vertex 33.965925826289066 34 32.25881904510252
   vertex 33.8697133612048 34 32.98962527246165
  endloop
 endfacet
 facet normal -0.9914448613738194 4.012744295525149e-16 -0.1305261922199829
  outer loop
   vertex 33.8697133612048 34 32.98962527246165
   vertex 33.86370330515626 34 33.03527618041012
   vertex 33.863703305156264 40 33.03527618041009
  endloop
 endfacet
 facet normal 0.7933533402912307 1.1163795519017238e-15 0.6087614290087264
  outer loop
   vertex 26.535898384862254 34 29.99999999999999
   vertex 26.694817007460138 34 29.792893218813454
   vertex 27.012654252655917 40 29.378679656440358
  endloop
 endfacet
 facet normal 0.7933533402912366 -1.0632186208587559e-16 0.608761429008719
  outer loop
   vertex 27.012654252655917 40 29.378679656440358
   vertex 26.535898384862257 40 29.999999999999986
   vertex 26.535898384862254 34 29.99999999999999
  endloop
 endfacet
 facet normal 0.7933533402912332 7.619733449487065e-16 0.6087614290087232
  outer loop
   vertex 27.17157287525382 40 29.171572875253798
   vertex 27.012654252655917 40 29.378679656440358
   vertex 26.694817007460138 34 29.792893218813454
  endloop
 endfacet
 facet normal 0.7933533402912362 1.181354023176334e-16 0.6087614290087191
  outer loop
   vertex 26.694817007460138 34 29.792893218813454
   vertex 27.171572875253823 34 29.171572875253794
   vertex 27.17157287525382 40 29.171572875253798
  endloop
 endfacet
 facet normal -0.923879532511293 -1.391044362290379e-15 -0.38268343236507485
  outer loop
   vertex 33.86370330515626 34 33.03527618041012
   vertex 33.763802882651646 34 33.27645713530757
   vertex 33.56400203764239 40 33.75881904510252
  endloop
 endfacet
 facet normal -0.9238795325112922 -1.1695404829446154e-15 -0.38268343236507635
  outer loop
   vertex 33.56400203764239 40 33.75881904510252
   vertex 33.863703305156264 40 33.03527618041009
   vertex 33.86370330515626 34 33.03527618041012
  endloop
 endfacet
 facet normal -0.923879532511282 1.0889196373700237e-15 -0.3826834323651011
  outer loop
   vertex 33.49897367632388 40 33.91581139693656
   vertex 33.56400203764239 40 33.75881904510252
   vertex 33.763802882651646 34 33.27645713530757
  endloop
 endfacet
 facet normal -0.9238795325112871 -4.016603678799825e-16 -0.3826834323650892
  outer loop
   vertex 33.49897367632388 40 33.91581139693656
   vertex 33.763802882651646 34 33.27645713530757
   vertex 33.46410161513777 34 33.99999999999997
  endloop
 endfacet
 facet normal -0.9238795325112715 -1.0163383446934204e-15 -0.38268343236512664
  outer loop
   vertex 33.46410161513777 34 33.99999999999997
   vertex 33.46410161513775 40 34.00000000000001
   vertex 33.49897367632388 40 33.91581139693656
  endloop
 endfacet
 facet normal 0 -1 0
  outer loop
   vertex 55.67524067762868 0 0.4324759322371321
   vertex 55.67524067762868 0 0
   vertex 60 0 0
  endloop
 endfacet
 facet normal 0 -0.9999999999999999 0
  outer loop
   vertex 55.67524067762868 0 0.7559719702773222
   vertex 55.67524067762868 0 0.4324759322371321
   vertex 60 0 0
  endloop
 endfacet
 facet normal 0 -1 0
  outer loop
   vertex 55.67524067762868 0 6
   vertex 55.67524067762868 0 0.7559719702773222
   vertex 60 0 0
  endloop
 endfacet
 facet normal 0 -1 0
  outer loop
   vertex 60 0 0
   vertex 60 0 6
   vertex 55.67524067762868 0 6
  endloop
 endfacet
 facet normal 0 -1 0
  outer loop
   vertex 55.67524067762868 0 0
   vertex 55.67524067762868 0 0.4324759322371321
   vertex 50.36974495657312 0 0.9630255043426876
  endloop
 endfacet
 facet normal 0 -0.9999999999999999 0
  outer loop
   vertex 50.36974495657312 0 0.9630255043426876
   vertex 50.36974495657312 0 0
   vertex 55.67524067762868 0 0
  endloop
 endfacet
 facet normal 0 -0.9999999999999999 0
  outer loop
   vertex 55.67524067762868 0 0.4324759322371321
   vertex 55.67524067762868 0 0.7559719702773222
   vertex 50.36974495657312 0 1.6833775793702914
  endloop
 endfacet
 facet normal 0 -1 0
  outer loop
   vertex 50.36974495657312 0 1.6833775793702914
   vertex 50.36974495657312 0 0.9630255043426876
   vertex 55.67524067762868 0 0.4324759322371321
  endloop
 endfacet
 facet normal 0 -1 0
  outer loop
   vertex 50.36974495657312 0 6
   vertex 50.36974495657312 0 1.6833775793702914
   vertex 55.67524067762868 0 0.7559719702773222
  endloop
 endfacet
 facet normal 0 -0.9999999999999999 0
  outer loop
   vertex 55.67524067762868 0 0.7559719702773222
   vertex 55.67524067762868 0 6
   vertex 50.36974495657312 0 6
  endloop
 endfacet
 facet normal 0 -1 0
  outer loop
   vertex 47.009269040986446 0 1.2990730959013552
   vertex 47.28818130665391 0 0.625719321414749
   vertex 49.23644756780273 0 0
  endloop
 endfacet
 facet normal 0 -1 0
  outer loop
   vertex 49.23644756780273 0 0
   vertex 49.23644756780273 0 1.076355243219727
   vertex 47.009269040986446 0 1.2990730959013552
  endloop
 endfacet
 facet normal 0 -1 0
  outer loop
   vertex 47.28818130665391 0 0.625719321414749
   vertex 47.54736273582279 0 0
   vertex 49.23644756780273 0 0
  endloop
 endfacet
 facet normal 0 -0.9999999999999999 0
  outer loop
   vertex 46.57535221783553 0 2.346640975294163
   vertex 46.751287116803105 0 1.9218965561118972
   vertex 49.23644756780273 0 1.076355243219727
  endloop
 endfacet
 facet normal 0 -1 0
  outer loop
   vertex 49.23644756780273 0 1.076355243219727
   vertex 49.23644756780273 0 1.881479021794407
   vertex 46.57535221783553 0 2.346640975294163
  endloop
 endfacet
 facet normal 0 -1 0
  outer loop
   vertex 46.751287116803105 0 1.9218965561118972
   vertex 47.009269040986446 0 1.2990730959013552
   vertex 49.23644756780273 0 1.076355243219727
  endloop
 endfacet
 facet normal 0 -1 0
  outer loop
   vertex 45.435754502037916 0 5.097873236422209
   vertex 46.57535221783553 0 2.346640975294163
   vertex 49.23644756780273 0 1.881479021794407
  endloop
 endfacet
 facet normal 0 -1 0
  outer loop
   vertex 45.062081361584255 0 6
   vertex 45.435754502037916 0 5.097873236422209
   vertex 49.23644756780273 0 1.881479021794407
  endloop
 endfacet
 facet normal 0 -1 0
  outer loop
   vertex 49.23644756780273 0 1.881479021794407
   vertex 49.23644756780273 0 6
   vertex 45.062081361584255 0 6
  endloop
 endfacet
 facet normal 0 -1 0
  outer loop
   vertex 50.36974495657312 0 0
   vertex 50.36974495657312 0 0.9630255043426876
   vertex 49.23644756780273 0 1.076355243219727
  endloop
 endfacet
 facet normal 0 -1 0
  outer loop
   vertex 49.23644756780273 0 1.076355243219727
   vertex 49.23644756780273 0 0
   vertex 50.36974495657312 0 0
  endloop
 endfacet
 facet normal 0 -1 0
  outer loop
   vertex 50.36974495657312 0 0.9630255043426876
   vertex 50.36974495657312 0 1.6833775793702914
   vertex 49.23644756780273 0 1.881479021794407
  endloop
 endfacet
 facet normal 0 -1 0
  outer loop
   vertex 49.23644756780273 0 1.881479021794407
   vertex 49.23644756780273 0 1.076355243219727
   vertex 50.36974495657312 0 0.9630255043426876
  endloop
 endfacet
 facet normal 0 -1 0
  outer loop
   vertex 49.23644756780273 0 6
   vertex 49.23644756780273 0 1.881479021794407
   vertex 50.36974495657312 0 1.6833775793702914
  endloop
 endfacet
 facet normal 0 -1 0
  outer loop
   vertex 50.36974495657312 0 1.6833775793702914
   vertex 50.36974495657312 0 6
   vertex 49.23644756780273 0 6
  endloop
 endfacet
 facet normal 0 -1 0
  outer loop
   vertex 37.9222204407812 0 2.2077779559218795
   vertex 38.11643202599745 0 0.7325945087766761
   vertex 39.63025504342687 0 0
  endloop
 endfacet
 facet normal 0 -1 0
  outer loop
   vertex 39.63025504342687 0 0
   vertex 39.63025504342687 0 2.0369744956573124
   vertex 37.9222204407812 0 2.2077779559218795
  endloop
 endfacet
 facet normal 0 -1 0
  outer loop
   vertex 38.11643202599745 0 0.7325945087766761
   vertex 38.21287992279671 0 0
   vertex 39.63025504342687 0 0
  endloop
 endfacet
 facet normal 0 -1 0
  outer loop
   vertex 37.699683187259986 0 3.8981162145901513
   vertex 37.835549512760814 0 2.8661090138864265
   vertex 39.63025504342687 0 2.0369744956573124
  endloop
 endfacet
 facet normal 0 -1 0
  outer loop
   vertex 39.63025504342687 0 2.0369744956573124
   vertex 39.63025504342687 0 3.5606504503523886
   vertex 37.699683187259986 0 3.8981162145901513
  endloop
 endfacet
 facet normal 0 -1 0
  outer loop
   vertex 37.835549512760814 0 2.8661090138864265
   vertex 37.9222204407812 0 2.2077779559218795
   vertex 39.63025504342687 0 2.0369744956573124
  endloop
 endfacet
 facet normal 0 -1 0
  outer loop
   vertex 37.62258533218717 0 4.4837325643417945
   vertex 37.699683187259986 0 3.8981162145901513
   vertex 39.63025504342687 0 3.5606504503523886
  endloop
 endfacet
 facet normal 0 -1 0
  outer loop
   vertex 37.422964937272326 0 6
   vertex 37.62258533218717 0 4.4837325643417945
   vertex 39.63025504342687 0 3.5606504503523886
  endloop
 endfacet
 facet normal 0 -1 0
  outer loop
   vertex 39.63025504342687 0 3.5606504503523886
   vertex 39.63025504342687 0 6
   vertex 37.422964937272326 0 6
  endloop
 endfacet
 facet normal 0 -1 0
  outer loop
   vertex 44.36974495657313 0 0
   vertex 44.36974495657313 0 1.563025504342687
   vertex 39.63025504342687 0 2.0369744956573124
  endloop
 endfacet
 facet normal 0 -1 0
  outer loop
   vertex 39.63025504342687 0 2.0369744956573124
   vertex 39.63025504342687 0 0
   vertex 44.36974495657313 0 0
  endloop
 endfacet
 facet normal 0 -1 0
  outer loop
   vertex 44.36974495657313 0 1.563025504342687
   vertex 44.36974495657313 0 2.7321831853148266
   vertex 39.63025504342687 0 3.5606504503523886
  endloop
 endfacet
 facet normal 0 -1 0
  outer loop
   vertex 39.63025504342687 0 3.5606504503523886
   vertex 39.63025504342687 0 2.0369744956573124
   vertex 44.36974495657313 0 1.563025504342687
  endloop
 endfacet
 facet normal 0 -1 0
  outer loop
   vertex 39.63025504342687 0 6
   vertex 39.63025504342687 0 3.5606504503523886
   vertex 44.36974495657313 0 2.7321831853148266
  endloop
 endfacet
 facet normal 0 -1 0
  outer loop
   vertex 44.36974495657313 0 2.7321831853148266
   vertex 44.36974495657313 0 6
   vertex 39.63025504342687 0 6
  endloop
 endfacet
 facet normal 0 -1 0
  outer loop
   vertex 47.28818130665391 0 0.625719321414749
   vertex 47.009269040986446 0 1.2990730959013552
   vertex 44.36974495657313 0 1.563025504342687
  endloop
 endfacet
 facet normal 0 -0.9999999999999999 0
  outer loop
   vertex 47.54736273582279 0 0
   vertex 47.28818130665391 0 0.625719321414749
   vertex 44.36974495657313 0 1.563025504342687
  endloop
 endfacet
 facet normal 0 -1 0
  outer loop
   vertex 44.36974495657313 0 1.563025504342687
   vertex 44.36974495657313 0 0
   vertex 47.54736273582279 0 0
  endloop
 endfacet
 facet normal 0 -1 0
  outer loop
   vertex 46.751287116803105 0 1.9218965561118972
   vertex 46.57535221783553 0 2.346640975294163
   vertex 44.36974495657313 0 2.7321831853148266
  endloop
 endfacet
 facet normal 0 -1 0
  outer loop
   vertex 47.009269040986446 0 1.2990730959013552
   vertex 46.751287116803105 0 1.9218965561118972
   vertex 44.36974495657313 0 2.7321831853148266
  endloop
 endfacet
 facet normal 0 -0.9999999999999999 0
  outer loop
   vertex 44.36974495657313 0 2.7321831853148266
   vertex 44.36974495657313 0 1.563025504342687
   vertex 47.009269040986446 0 1.2990730959013552
  endloop
 endfacet
 facet normal 0 -1 0
  outer loop
   vertex 46.57535221783553 0 2.346640975294163
   vertex 45.435754502037916 0 5.097873236422209
   vertex 44.36974495657313 0 6
  endloop
 endfacet
 facet normal 0 -1 0
  outer loop
   vertex 44.36974495657313 0 6
   vertex 44.36974495657313 0 2.7321831853148266
   vertex 46.57535221783553 0 2.346640975294163
  endloop
 endfacet
 facet normal 0 -0.9999999999999999 0
  outer loop
   vertex 45.435754502037916 0 5.097873236422209
   vertex 45.062081361584255 0 6
   vertex 44.36974495657313 0 6
  endloop
 endfacet
 facet normal 0 -1 0
  outer loop
   vertex 4.324759322371318 0 0
   vertex 4.324759322371318 0 5.567524067762868
   vertex 0 0 6
  endloop
 endfacet
 facet normal 0 -1 0
  outer loop
   vertex 0 0 6
   vertex 0 0 0
   vertex 4.324759322371318 0 0
  endloop
 endfacet
 facet normal 0 -1 0
  outer loop
   vertex 4.324759322371318 0 5.567524067762868
   vertex 4.324759322371317 0 6
   vertex 0 0 6
  endloop
 endfacet
 facet normal 0 -1 0
  outer loop
   vertex 9.630255043426882 0 0
   vertex 9.630255043426882 0 5.0369744956573115
   vertex 4.324759322371318 0 5.567524067762868
  endloop
 endfacet
 facet normal 0 -1 0
  outer loop
   vertex 4.324759322371318 0 5.567524067762868
   vertex 4.324759322371318 0 0
   vertex 9.630255043426882 0 0
  endloop
 endfacet
 facet normal 0 -1 0
  outer loop
   vertex 4.324759322371317 0 6
   vertex 4.324759322371318 0 5.567524067762868
   vertex 9.630255043426882 0 5.0369744956573115
  endloop
 endfacet
 facet normal 0 -1 0
  outer loop
   vertex 9.630255043426882 0 5.0369744956573115
   vertex 9.630255043426883 0 6
   vertex 4.324759322371317 0 6
  endloop
 endfacet
 facet normal 0 -1 0
  outer loop
   vertex 14.369744956573129 0 0
   vertex 14.369744956573129 0 4.563025504342686
   vertex 9.630255043426882 0 5.0369744956573115
  endloop
 endfacet
 facet normal 0 -1 0
  outer loop
   vertex 9.630255043426882 0 5.0369744956573115
   vertex 9.630255043426882 0 0
   vertex 14.369744956573129 0 0
  endloop
 endfacet
 facet normal 0 -1 0
  outer loop
   vertex 9.630255043426883 0 6
   vertex 9.630255043426882 0 5.0369744956573115
   vertex 14.369744956573129 0 4.563025504342686
  endloop
 endfacet
 facet normal 0 -1 0
  outer loop
   vertex 14.369744956573129 0 4.563025504342686
   vertex 14.369744956573129 0 6
   vertex 9.630255043426883 0 6
  endloop
 endfacet
 facet normal 0 -1 0
  outer loop
   vertex 16.656064449647413 0 2.4193699347787243
   vertex 16.656064449647413 0 4.334393555035258
   vertex 14.369744956573129 0 4.563025504342686
  endloop
 endfacet
 facet normal 0 -1 0
  outer loop
   vertex 16.656064449647413 0 0
   vertex 16.656064449647413 0 2.4193699347787243
   vertex 14.369744956573129 0 4.563025504342686
  endloop
 endfacet
 facet normal 0 -1 0
  outer loop
   vertex 14.369744956573129 0 4.563025504342686
   vertex 14.369744956573129 0 0
   vertex 16.656064449647413 0 0
  endloop
 endfacet
 facet normal 0 -1 0
  outer loop
   vertex 16.656064449647413 0 4.334393555035258
   vertex 16.656064449647413 0 5.096294379067127
   vertex 14.369744956573129 0 6
  endloop
 endfacet
 facet normal 0 -1 0
  outer loop
   vertex 14.369744956573129 0 6
   vertex 14.369744956573129 0 4.563025504342686
   vertex 16.656064449647413 0 4.334393555035258
  endloop
 endfacet
 facet normal 0 -1 0
  outer loop
   vertex 16.656064449647413 0 5.096294379067127
   vertex 16.656064449647413 0 6
   vertex 14.369744956573129 0 6
  endloop
 endfacet
 facet normal 0 -0.9999999999999999 0
  outer loop
   vertex 27.43904752305703 0 0
   vertex 27.43904752305703 0 3.256095247694297
   vertex 25.67524067762868 0 3.432475932237132
  endloop
 endfacet
 facet normal 0 -1 0
  outer loop
   vertex 25.67524067762868 0 3.432475932237132
   vertex 25.67524067762868 0 0
   vertex 27.43904752305703 0 0
  endloop
 endfacet
 facet normal 0 -1 0
  outer loop
   vertex 27.43904752305703 0 3.256095247694297
   vertex 27.439047523057035 0 5.6916849154519005
   vertex 25.675240677628686 0 6
  endloop
 endfacet
 facet normal 0 -1 0
  outer loop
   vertex 25.675240677628686 0 6
   vertex 25.67524067762868 0 3.432475932237132
   vertex 27.43904752305703 0 3.256095247694297
  endloop
 endfacet
 facet normal 0 -1 0
  outer loop
   vertex 27.439047523057035 0 5.6916849154519005
   vertex 27.439047523057035 0 6
   vertex 25.675240677628686 0 6
  endloop
 endfacet
 facet normal 0 -1 0
  outer loop
   vertex 25.67524067762868 0 0
   vertex 25.67524067762868 0 3.432475932237132
   vertex 20.36974495657312 0 3.963025504342688
  endloop
 endfacet
 facet normal 0 -0.9999999999999999 0
  outer loop
   vertex 20.36974495657312 0 3.963025504342688
   vertex 20.36974495657312 0 0
   vertex 25.67524067762868 0 0
  endloop
 endfacet
 facet normal 0 -0.9999999999999999 0
  outer loop
   vertex 20.36974495657312 0 6
   vertex 20.36974495657312 0 3.963025504342688
   vertex 25.67524067762868 0 3.432475932237132
  endloop
 endfacet
 facet normal 0 -1 0
  outer loop
   vertex 25.67524067762868 0 3.432475932237132
   vertex 25.675240677628686 0 6
   vertex 20.36974495657312 0 6
  endloop
 endfacet
 facet normal 0 -0.9999999999999999 0
  outer loop
   vertex 16.656064449647413 0 4.334393555035258
   vertex 16.656064449647413 0 2.4193699347787243
   vertex 19.236447567802728 0 0
  endloop
 endfacet
 facet normal 0 -1 0
  outer loop
   vertex 19.236447567802728 0 0
   vertex 19.236447567802728 0 4.0763552432197265
   vertex 16.656064449647413 0 4.334393555035258
  endloop
 endfacet
 facet normal 0 -1 0
  outer loop
   vertex 16.656064449647413 0 2.4193699347787243
   vertex 16.656064449647413 0 0
   vertex 19.236447567802728 0 0
  endloop
 endfacet
 facet normal 0 -0.9999999999999999 0
  outer loop
   vertex 16.656064449647413 0 5.096294379067127
   vertex 16.656064449647413 0 4.334393555035258
   vertex 19.236447567802728 0 4.0763552432197265
  endloop
 endfacet
 facet normal 0 -1 0
  outer loop
   vertex 16.656064449647413 0 6
   vertex 16.656064449647413 0 5.096294379067127
   vertex 19.236447567802728 0 4.0763552432197265
  endloop
 endfacet
 facet normal 0 -1 0
  outer loop
   vertex 19.236447567802728 0 4.0763552432197265
   vertex 19.236447567802728 0 6
   vertex 16.656064449647413 0 6
  endloop
 endfacet
 facet normal 0 -0.9999999999999999 0
  outer loop
   vertex 20.36974495657312 0 0
   vertex 20.36974495657312 0 3.963025504342688
   vertex 19.236447567802728 0 4.0763552432197265
  endloop
 endfacet
 facet normal 0 -0.9999999999999999 0
  outer loop
   vertex 19.236447567802728 0 4.0763552432197265
   vertex 19.236447567802728 0 0
   vertex 20.36974495657312 0 0
  endloop
 endfacet
 facet normal 0 -1 0
  outer loop
   vertex 19.236447567802728 0 6
   vertex 19.236447567802728 0 4.0763552432197265
   vertex 20.36974495657312 0 3.963025504342688
  endloop
 endfacet
 facet normal 0 -1 0
  outer loop
   vertex 20.36974495657312 0 3.963025504342688
   vertex 20.36974495657312 0 6
   vertex 19.236447567802728 0 6
  endloop
 endfacet
 facet normal 0 -1 0
  outer loop
   vertex 34.32475932237132 0 0
   vertex 34.32475932237132 0 2.567524067762868
   vertex 27.43904752305703 0 3.256095247694297
  endloop
 endfacet
 facet normal 0 -0.9999999999999999 0
  outer loop
   vertex 27.43904752305703 0 3.256095247694297
   vertex 27.43904752305703 0 0
   vertex 34.32475932237132 0 0
  endloop
 endfacet
 facet normal 0 -1 0
  outer loop
   vertex 34.32475932237132 0 2.567524067762868
   vertex 34.32475932237132 0 4.488056059445357
   vertex 27.439047523057035 0 5.6916849154519005
  endloop
 endfacet
 facet normal 0 -1 0
  outer loop
   vertex 27.439047523057035 0 5.6916849154519005
   vertex 27.43904752305703 0 3.256095247694297
   vertex 34.32475932237132 0 2.567524067762868
  endloop
 endfacet
 facet normal 0 -1 0
  outer loop
   vertex 27.439047523057035 0 6
   vertex 27.439047523057035 0 5.6916849154519005
   vertex 34.32475932237132 0 4.488056059445357
  endloop
 endfacet
 facet normal 0 -1 0
  outer loop
   vertex 34.32475932237132 0 4.488056059445357
   vertex 34.32475932237132 0 6
   vertex 27.439047523057035 0 6
  endloop
 endfacet
 facet normal 0 -1 0
  outer loop
   vertex 38.11643202599745 0 0.7325945087766761
   vertex 37.9222204407812 0 2.2077779559218795
   vertex 34.32475932237132 0 2.567524067762868
  endloop
 endfacet
 facet normal 0 -1 0
  outer loop
   vertex 38.21287992279671 0 0
   vertex 38.11643202599745 0 0.7325945087766761
   vertex 34.32475932237132 0 2.567524067762868
  endloop
 endfacet
 facet normal 0 -0.9999999999999999 0
  outer loop
   vertex 34.32475932237132 0 2.567524067762868
   vertex 34.32475932237132 0 0
   vertex 38.21287992279671 0 0
  endloop
 endfacet
 facet normal 0 -1 0
  outer loop
   vertex 37.835549512760814 0 2.8661090138864265
   vertex 37.699683187259986 0 3.8981162145901513
   vertex 34.32475932237132 0 4.488056059445357
  endloop
 endfacet
 facet normal 0 -1 0
  outer loop
   vertex 37.9222204407812 0 2.2077779559218795
   vertex 37.835549512760814 0 2.8661090138864265
   vertex 34.32475932237132 0 4.488056059445357
  endloop
 endfacet
 facet normal 0 -1 0
  outer loop
   vertex 34.32475932237132 0 4.488056059445357
   vertex 34.32475932237132 0 2.567524067762868
   vertex 37.9222204407812 0 2.2077779559218795
  endloop
 endfacet
 facet normal 0 -0.9999999999999999 0
  outer loop
   vertex 37.699683187259986 0 3.8981162145901513
   vertex 37.62258533218717 0 4.4837325643417945
   vertex 34.32475932237132 0 6
  endloop
 endfacet
 facet normal 0 -0.9999999999999999 0
  outer loop
   vertex 34.32475932237132 0 6
   vertex 34.32475932237132 0 4.488056059445357
   vertex 37.699683187259986 0 3.8981162145901513
  endloop
 endfacet
 facet normal 0 -1 0
  outer loop
   vertex 37.62258533218717 0 4.4837325643417945
   vertex 37.422964937272326 0 6
   vertex 34.32475932237132 0 6
  endloop
 endfacet
 facet normal 0 0 -1
  outer loop
   vertex 47.54736273582277 32.41214977774134 0
   vertex 51 34 0
   vertex 47.54736273582277 31.698241823881844 0
  endloop
 endfacet
 facet normal 0 0 -1
  outer loop
   vertex 47.54736273582277 32.4835075427157 0
   vertex 51 34 0
   vertex 47.54736273582277 32.41214977774134 0
  endloop
 endfacet
 facet normal 0 0 -1
  outer loop
   vertex 47.54736273582277 32.50118691823415 0
   vertex 51 34 0
   vertex 47.54736273582277 32.4835075427157 0
  endloop
 endfacet
 facet normal 0 0 -1
  outer loop
   vertex 47.54736273582277 32.50118691823415 0
   vertex 47.54736273582277 34 0
   vertex 51 34 0
  endloop
 endfacet
 facet normal 0 0 -1
  outer loop
   vertex 51 34 0
   vertex 60 34 0
   vertex 60 32.66250175340725 0
  endloop
 endfacet
 facet normal 0 0 -1
  outer loop
   vertex 51 34 0
   vertex 60 32.66250175340725 0
   vertex 60 0 0
  endloop
 endfacet
 facet normal 0 0 -1
  outer loop
   vertex 51 34 0
   vertex 47.5980762113533 19.500000000000025 0
   vertex 47.54736273582277 19.6224331604209 0
  endloop
 endfacet
 facet normal 0 0 -1
  outer loop
   vertex 47.54736273582277 19.6224331604209 0
   vertex 47.54736273582277 29.364628524689422 0
   vertex 51 34 0
  endloop
 endfacet
 facet normal 0 0 -1
  outer loop
   vertex 47.5980762113533 19.500000000000025 0
   vertex 51 34 0
   vertex 60 0 0
  endloop
 endfacet
 facet normal 0 0 -1
  outer loop
   vertex 60 0 0
   vertex 55.67524067762868 0 0
   vertex 47.897777478867205 18.776457135307552 0
  endloop
 endfacet
 facet normal 0 0 -0.9999999999999999
  outer loop
   vertex 60 0 0
   vertex 47.897777478867205 18.776457135307552 0
   vertex 47.6580164648561 19.355291427061513 0
  endloop
 endfacet
 facet normal 0 0 -1
  outer loop
   vertex 60 0 0
   vertex 47.6580164648561 19.355291427061513 0
   vertex 47.5980762113533 19.500000000000025 0
  endloop
 endfacet
 facet normal 0 0 -1
  outer loop
   vertex 47.54736273582277 29.364628524689422 0
   vertex 47.54736273582277 31.698241823881844 0
   vertex 51 34 0
  endloop
 endfacet
 facet normal 0 0 -1
  outer loop
   vertex 47.54736273582277 34.406192619314965 0
   vertex 51 34 0
   vertex 47.54736273582277 34 0
  endloop
 endfacet
 facet normal 0 0 -1
  outer loop
   vertex 47.54736273582277 34.49449011384706 0
   vertex 51 34 0
   vertex 47.54736273582277 34.406192619314965 0
  endloop
 endfacet
 facet normal 0 0 -1
  outer loop
   vertex 47.54736273582277 35.74180592599934 0
   vertex 51 34 0
   vertex 47.54736273582277 34.49449011384706 0
  endloop
 endfacet
 facet normal 0 0 -1
  outer loop
   vertex 51 34 0
   vertex 47.54736273582277 35.74180592599934 0
   vertex 47.54736273582278 40 0
  endloop
 endfacet
 facet normal 0 0 -1
  outer loop
   vertex 51 34 0
   vertex 47.54736273582278 40 0
   vertex 58.13212704221452 40 0
  endloop
 endfacet
 facet normal 0 0 -1
  outer loop
   vertex 58.13212704221452 40 0
   vertex 60 40 0
   vertex 51 34 0
  endloop
 endfacet
 facet normal 0 0 -1
  outer loop
   vertex 60 40 0
   vertex 60 34 0
   vertex 51 34 0
  endloop
 endfacet
 facet normal 0 0 -1
  outer loop
   vertex 47.918221983093765 18.62116570824605 0
   vertex 47.897777478867205 18.776457135307552 0
   vertex 55.67524067762868 0 0
  endloop
 endfacet
 facet normal 0 0 -1
  outer loop
   vertex 55.67524067762868 0 0
   vertex 50.36974495657312 0 0
   vertex 48.24678699689876 16.12546665333912 0
  endloop
 endfacet
 facet normal 0 0 -1
  outer loop
   vertex 55.67524067762868 0 0
   vertex 48.24678699689876 16.12546665333912 0
   vertex 48.17303260747561 16.685686860131533 0
  endloop
 endfacet
 facet normal 0 0 -1
  outer loop
   vertex 55.67524067762868 0 0
   vertex 48.17303260747561 16.685686860131533 0
   vertex 48.109698277456474 17.166758857851082 0
  endloop
 endfacet
 facet normal 0 0 -1
  outer loop
   vertex 55.67524067762868 0 0
   vertex 48.109698277456474 17.166758857851082 0
   vertex 48.05291427061512 17.598076211353316 0
  endloop
 endfacet
 facet normal 0 0 -1
  outer loop
   vertex 55.67524067762868 0 0
   vertex 48.05291427061512 17.598076211353316 0
   vertex 48 17.99999999999997 0
  endloop
 endfacet
 facet normal 0 0 -0.9999999999999999
  outer loop
   vertex 55.67524067762868 0 0
   vertex 48 17.99999999999997 0
   vertex 47.918221983093765 18.62116570824605 0
  endloop
 endfacet
 facet normal 0 0 -1
  outer loop
   vertex 47.54736273582277 19.6224331604209 0
   vertex 47.5980762113533 19.500000000000025 0
   vertex 47.54736273582277 19.566091088056368 0
  endloop
 endfacet
 facet normal 0 0 -1
  outer loop
   vertex 47.54736273582279 4.077811509364676 0
   vertex 49.23644756780273 0 0
   vertex 47.54736273582279 0 0
  endloop
 endfacet
 facet normal 0 0 -1
  outer loop
   vertex 47.54736273582278 7.372544949852816 0
   vertex 49.23644756780273 0 0
   vertex 47.54736273582279 4.077811509364676 0
  endloop
 endfacet
 facet normal 0 0 -1
  outer loop
   vertex 47.54736273582278 8.994275358860243 0
   vertex 49.23644756780273 0 0
   vertex 47.54736273582278 7.372544949852816 0
  endloop
 endfacet
 facet normal 0 0 -0.9999999999999999
  outer loop
   vertex 47.54736273582278 9.506908212242292 0
   vertex 49.23644756780273 0 0
   vertex 47.54736273582278 8.994275358860243 0
  endloop
 endfacet
 facet normal 0 0 -1
  outer loop
   vertex 48.24678699689876 16.12546665333912 0
   vertex 49.23644756780273 0 0
   vertex 47.54736273582278 9.506908212242292 0
  endloop
 endfacet
 facet normal 0 0 -1
  outer loop
   vertex 47.54736273582278 9.506908212242292 0
   vertex 47.54736273582277 15.835755638548667 0
   vertex 48.24678699689876 16.12546665333912 0
  endloop
 endfacet
 facet normal 0 0 -1
  outer loop
   vertex 48.24678699689876 16.12546665333912 0
   vertex 50.36974495657312 0 0
   vertex 49.23644756780273 0 0
  endloop
 endfacet
 facet normal 0 0 -1
  outer loop
   vertex 47.54736273582277 15.933985614395477 0
   vertex 48.24678699689876 16.12546665333912 0
   vertex 47.54736273582277 15.835755638548667 0
  endloop
 endfacet
 facet normal 0 0 -0.9999999999999999
  outer loop
   vertex 47.54736273582277 15.972100214238536 0
   vertex 48.24678699689876 16.12546665333912 0
   vertex 47.54736273582277 15.933985614395477 0
  endloop
 endfacet
 facet normal 0 0 -1
  outer loop
   vertex 48.24678699689876 16.12546665333912 0
   vertex 47.54736273582277 15.972100214238536 0
   vertex 47.54736273582277 16.20559348204698 0
  endloop
 endfacet
 facet normal 0 0 -1
  outer loop
   vertex 47.54736273582277 16.20559348204698 0
   vertex 48.17303260747561 16.685686860131533 0
   vertex 48.24678699689876 16.12546665333912 0
  endloop
 endfacet
 facet normal 0 0 -1
  outer loop
   vertex 47.54736273582277 16.396376450045537 0
   vertex 48.17303260747561 16.685686860131533 0
   vertex 47.54736273582277 16.20559348204698 0
  endloop
 endfacet
 facet normal 0 0 -1
  outer loop
   vertex 47.59807621135331 16.49999999999999 0
   vertex 48.17303260747561 16.685686860131533 0
   vertex 47.54736273582277 16.396376450045537 0
  endloop
 endfacet
 facet normal 0 0 -0.9999999999999999
  outer loop
   vertex 47.54736273582277 16.396376450045537 0
   vertex 47.54736273582277 16.433908911943632 0
   vertex 47.59807621135331 16.49999999999999 0
  endloop
 endfacet
 facet normal 0 0 -1
  outer loop
   vertex 47.59807621135331 16.49999999999999 0
   vertex 48.109698277456474 17.166758857851082 0
   vertex 48.17303260747561 16.685686860131533 0
  endloop
 endfacet
 facet normal 0 0 -1
  outer loop
   vertex 48.109698277456474 17.166758857851082 0
   vertex 47.59807621135331 16.49999999999999 0
   vertex 47.837837225364424 17.07883429175395 0
  endloop
 endfacet
 facet normal 0 0 -1
  outer loop
   vertex 48.109698277456474 17.166758857851082 0
   vertex 47.837837225364424 17.07883429175395 0
   vertex 47.8977774788672 17.223542864692433 0
  endloop
 endfacet
 facet normal 0 0 -1
  outer loop
   vertex 47.8977774788672 17.223542864692433 0
   vertex 48.05291427061512 17.598076211353316 0
   vertex 48.109698277456474 17.166758857851082 0
  endloop
 endfacet
 facet normal 0 0 -1
  outer loop
   vertex 48.05291427061512 17.598076211353316 0
   vertex 47.8977774788672 17.223542864692433 0
   vertex 47.97955549577344 17.844708572938487 0
  endloop
 endfacet
 facet normal 0 0 -1
  outer loop
   vertex 47.97955549577344 17.844708572938487 0
   vertex 48 17.99999999999997 0
   vertex 48.05291427061512 17.598076211353316 0
  endloop
 endfacet
 facet normal 0 0 -1
  outer loop
   vertex 43.62776581360659 29.085177209071055 0
   vertex 43.09738569235095 30.365628091019488 0
   vertex 47.54736273582277 32.41214977774134 0
  endloop
 endfacet
 facet normal 0 0 -1
  outer loop
   vertex 47.54736273582277 32.41214977774134 0
   vertex 47.54736273582277 31.698241823881844 0
   vertex 43.62776581360659 29.085177209071055 0
  endloop
 endfacet
 facet normal 0 0 -1
  outer loop
   vertex 43.09738569235095 30.365628091019488 0
   vertex 43.04014667105771 30.503815312522587 0
   vertex 47.54736273582277 32.4835075427157 0
  endloop
 endfacet
 facet normal 0 0 -0.9999999999999999
  outer loop
   vertex 47.54736273582277 32.4835075427157 0
   vertex 47.54736273582277 32.41214977774134 0
   vertex 43.09738569235095 30.365628091019488 0
  endloop
 endfacet
 facet normal 0 0 -1
  outer loop
   vertex 43.04014667105771 30.503815312522587 0
   vertex 43.0258369157344 30.538362117898362 0
   vertex 47.54736273582277 32.50118691823415 0
  endloop
 endfacet
 facet normal 0 0 -1
  outer loop
   vertex 47.54736273582277 32.50118691823415 0
   vertex 47.54736273582277 32.4835075427157 0
   vertex 43.04014667105771 30.503815312522587 0
  endloop
 endfacet
 facet normal 0 0 -0.9999999999999999
  outer loop
   vertex 47.54736273582277 34 0
   vertex 47.54736273582277 32.50118691823415 0
   vertex 43.0258369157344 30.538362117898362 0
  endloop
 endfacet
 facet normal 0 0 -1
  outer loop
   vertex 43.0258369157344 30.538362117898362 0
   vertex 41.59197955694342 34 0
   vertex 47.54736273582277 34 0
  endloop
 endfacet
 facet normal 0 0 -0.9999999999999999
  outer loop
   vertex 47.54736273582277 19.6224331604209 0
   vertex 44.95412784652227 25.883056000589264 0
   vertex 47.54736273582277 29.364628524689422 0
  endloop
 endfacet
 facet normal 0 0 -1
  outer loop
   vertex 47.54736273582277 31.698241823881844 0
   vertex 47.54736273582277 29.364628524689422 0
   vertex 44.95412784652227 25.883056000589264 0
  endloop
 endfacet
 facet normal 0 0 -1
  outer loop
   vertex 44.95412784652227 25.883056000589264 0
   vertex 43.62776581360659 29.085177209071055 0
   vertex 47.54736273582277 31.698241823881844 0
  endloop
 endfacet
 facet normal 0 0 -1
  outer loop
   vertex 41.59197955694342 34 0
   vertex 41.11003142578043 35.16352571461407 0
   vertex 47.54736273582277 34.406192619314965 0
  endloop
 endfacet
 facet normal 0 0 -1
  outer loop
   vertex 47.54736273582277 34.406192619314965 0
   vertex 47.54736273582277 34 0
   vertex 41.59197955694342 34 0
  endloop
 endfacet
 facet normal 0 0 -0.9999999999999999
  outer loop
   vertex 41.11003142578043 35.16352571461407 0
   vertex 40.99865927054716 35.43240188224895 0
   vertex 47.54736273582277 34.49449011384706 0
  endloop
 endfacet
 facet normal 0 0 -1
  outer loop
   vertex 47.54736273582277 34.49449011384706 0
   vertex 47.54736273582277 34.406192619314965 0
   vertex 41.11003142578043 35.16352571461407 0
  endloop
 endfacet
 facet normal 0 0 -1
  outer loop
   vertex 39.106698182704854 40 0
   vertex 47.54736273582277 35.74180592599934 0
   vertex 47.54736273582277 34.49449011384706 0
  endloop
 endfacet
 facet normal 0 0 -1
  outer loop
   vertex 47.54736273582277 34.49449011384706 0
   vertex 40.99865927054716 35.43240188224895 0
   vertex 39.106698182704854 40 0
  endloop
 endfacet
 facet normal 0 0 -1
  outer loop
   vertex 47.54736273582277 35.74180592599934 0
   vertex 39.106698182704854 40 0
   vertex 44.896354946922344 40 0
  endloop
 endfacet
 facet normal 0 0 -0.9999999999999999
  outer loop
   vertex 47.54736273582277 35.74180592599934 0
   vertex 44.896354946922344 40 0
   vertex 47.54736273582278 40 0
  endloop
 endfacet
 facet normal 0 0 -1
  outer loop
   vertex 41.38857306994019 27.592382046626795 0
   vertex 40.26138288128413 29.06136490050105 0
   vertex 43.09738569235095 30.365628091019488 0
  endloop
 endfacet
 facet normal 0 0 -1
  outer loop
   vertex 43.09738569235095 30.365628091019488 0
   vertex 43.62776581360659 29.085177209071055 0
   vertex 41.38857306994019 27.592382046626795 0
  endloop
 endfacet
 facet normal 0 0 -1
  outer loop
   vertex 40.26138288128413 29.06136490050105 0
   vertex 40.13400979892393 29.227360733249864 0
   vertex 43.04014667105771 30.503815312522587 0
  endloop
 endfacet
 facet normal 0 0 -1
  outer loop
   vertex 43.04014667105771 30.503815312522587 0
   vertex 43.09738569235095 30.365628091019488 0
   vertex 40.26138288128413 29.06136490050105 0
  endloop
 endfacet
 facet normal 0 0 -1
  outer loop
   vertex 40.13400979892393 29.227360733249864 0
   vertex 40.10198381873549 29.269097803221534 0
   vertex 43.0258369157344 30.538362117898362 0
  endloop
 endfacet
 facet normal 0 0 -1
  outer loop
   vertex 43.0258369157344 30.538362117898362 0
   vertex 43.04014667105771 30.503815312522587 0
   vertex 40.13400979892393 29.227360733249864 0
  endloop
 endfacet
 facet normal 0 0 -1
  outer loop
   vertex 41.59197955694342 34 0
   vertex 43.0258369157344 30.538362117898362 0
   vertex 40.10198381873549 29.269097803221534 0
  endloop
 endfacet
 facet normal 0 0 -1
  outer loop
   vertex 41.59197955694342 34 0
   vertex 40.10198381873549 29.269097803221534 0
   vertex 38.212879922796716 31.731025932342135 0
  endloop
 endfacet
 facet normal 0 0 -0.9999999999999999
  outer loop
   vertex 38.212879922796716 31.731025932342135 0
   vertex 38.212879922796716 34 0
   vertex 41.59197955694342 34 0
  endloop
 endfacet
 facet normal 0 0 -1
  outer loop
   vertex 45.549038105676665 22.170358449236303 0
   vertex 43.84391088549386 24.392523506500734 0
   vertex 44.95412784652227 25.883056000589264 0
  endloop
 endfacet
 facet normal 0 0 -1
  outer loop
   vertex 47.21667151711838 19.997056274847715 0
   vertex 44.95412784652227 25.883056000589264 0
   vertex 47.54736273582277 19.6224331604209 0
  endloop
 endfacet
 facet normal 0 0 -1
  outer loop
   vertex 47.54736273582277 19.6224331604209 0
   vertex 47.54736273582277 19.566091088056368 0
   vertex 47.21667151711838 19.997056274847715 0
  endloop
 endfacet
 facet normal 0 0 -1
  outer loop
   vertex 44.95412784652227 25.883056000589264 0
   vertex 47.21667151711838 19.997056274847715 0
   vertex 47.12132034355965 20.12132034355964 0
  endloop
 endfacet
 facet normal 0 0 -1
  outer loop
   vertex 44.95412784652227 25.883056000589264 0
   vertex 47.12132034355965 20.12132034355964 0
   vertex 46.87453334666089 20.44293941960539 0
  endloop
 endfacet
 facet normal 0 0 -1
  outer loop
   vertex 44.95412784652227 25.883056000589264 0
   vertex 46.87453334666089 20.44293941960539 0
   vertex 46.60969827745649 20.788079201410724 0
  endloop
 endfacet
 facet normal 0 0 -1
  outer loop
   vertex 44.95412784652227 25.883056000589264 0
   vertex 46.60969827745649 20.788079201410724 0
   vertex 46.314313139868474 21.173032607475616 0
  endloop
 endfacet
 facet normal 0 0 -1
  outer loop
   vertex 44.95412784652227 25.883056000589264 0
   vertex 46.314313139868474 21.173032607475616 0
   vertex 45.97032986159121 21.621320343559642 0
  endloop
 endfacet
 facet normal 0 0 -1
  outer loop
   vertex 44.95412784652227 25.883056000589264 0
   vertex 45.97032986159121 21.621320343559642 0
   vertex 45.549038105676665 22.170358449236303 0
  endloop
 endfacet
 facet normal 0 0 -1
  outer loop
   vertex 43.62776581360659 29.085177209071055 0
   vertex 44.95412784652227 25.883056000589264 0
   vertex 43.84391088549386 24.392523506500734 0
  endloop
 endfacet
 facet normal 0 0 -1
  outer loop
   vertex 43.84391088549386 24.392523506500734 0
   vertex 41.38857306994019 27.592382046626795 0
   vertex 43.62776581360659 29.085177209071055 0
  endloop
 endfacet
 facet normal 0 0 -1
  outer loop
   vertex 38.212879922796716 34.436753952422706 0
   vertex 38.212879922796716 35.504367067906266 0
   vertex 41.11003142578043 35.16352571461407 0
  endloop
 endfacet
 facet normal 0 0 -1
  outer loop
   vertex 38.212879922796716 34 0
   vertex 38.212879922796716 34.436753952422706 0
   vertex 41.11003142578043 35.16352571461407 0
  endloop
 endfacet
 facet normal 0 0 -1
  outer loop
   vertex 41.11003142578043 35.16352571461407 0
   vertex 41.59197955694342 34 0
   vertex 38.212879922796716 34 0
  endloop
 endfacet
 facet normal 0 0 -1
  outer loop
   vertex 38.21287992279671 35.640758696305035 0
   vertex 38.212879922796716 35.831383947673125 0
   vertex 40.99865927054716 35.43240188224895 0
  endloop
 endfacet
 facet normal 0 0 -1
  outer loop
   vertex 38.212879922796716 35.504367067906266 0
   vertex 38.21287992279671 35.640758696305035 0
   vertex 40.99865927054716 35.43240188224895 0
  endloop
 endfacet
 facet normal 0 0 -1
  outer loop
   vertex 40.99865927054716 35.43240188224895 0
   vertex 41.11003142578043 35.16352571461407 0
   vertex 38.212879922796716 35.504367067906266 0
  endloop
 endfacet
 facet normal 0 0 -1
  outer loop
   vertex 38.212879922796716 35.831383947673125 0
   vertex 38.212879922796716 39.26082995307091 0
   vertex 39.106698182704854 40 0
  endloop
 endfacet
 facet normal 0 0 -1
  outer loop
   vertex 39.106698182704854 40 0
   vertex 40.99865927054716 35.43240188224895 0
   vertex 38.212879922796716 35.831383947673125 0
  endloop
 endfacet
 facet normal 0 0 -1
  outer loop
   vertex 38.212879922796716 39.26082995307091 0
   vertex 38.212879922796716 40 0
   vertex 39.106698182704854 40 0
  endloop
 endfacet
 facet normal 0 0 -1
  outer loop
   vertex 41.38857306994019 27.592382046626795 0
   vertex 38.212879922796716 26.400567481723456 0
   vertex 38.212879922796716 28.119268865194865 0
  endloop
 endfacet
 facet normal 0 0 -1
  outer loop
   vertex 38.212879922796716 28.119268865194865 0
   vertex 40.26138288128413 29.06136490050105 0
   vertex 41.38857306994019 27.592382046626795 0
  endloop
 endfacet
 facet normal 0 0 -1
  outer loop
   vertex 38.212879922796716 26.400567481723456 0
   vertex 41.38857306994019 27.592382046626795 0
   vertex 38.212879922796716 25.475253281864475 0
  endloop
 endfacet
 facet normal 0 0 -1
  outer loop
   vertex 40.26138288128413 29.06136490050105 0
   vertex 38.212879922796716 28.181720697981454 0
   vertex 38.212879922796716 28.383548092739332 0
  endloop
 endfacet
 facet normal 0 0 -1
  outer loop
   vertex 38.212879922796716 28.383548092739332 0
   vertex 40.13400979892393 29.227360733249864 0
   vertex 40.26138288128413 29.06136490050105 0
  endloop
 endfacet
 facet normal 0 0 -1
  outer loop
   vertex 38.212879922796716 28.181720697981454 0
   vertex 40.26138288128413 29.06136490050105 0
   vertex 38.212879922796716 28.119268865194865 0
  endloop
 endfacet
 facet normal 0 0 -1
  outer loop
   vertex 40.13400979892393 29.227360733249864 0
   vertex 38.212879922796716 28.398128465241236 0
   vertex 38.212879922796716 28.449025083325598 0
  endloop
 endfacet
 facet normal 0 0 -1
  outer loop
   vertex 38.212879922796716 28.449025083325598 0
   vertex 40.10198381873549 29.269097803221534 0
   vertex 40.13400979892393 29.227360733249864 0
  endloop
 endfacet
 facet normal 0 0 -1
  outer loop
   vertex 38.212879922796716 28.398128465241236 0
   vertex 40.13400979892393 29.227360733249864 0
   vertex 38.212879922796716 28.383548092739332 0
  endloop
 endfacet
 facet normal 0 0 -1
  outer loop
   vertex 38.212879922796716 31 0
   vertex 38.212879922796716 31.731025932342135 0
   vertex 40.10198381873549 29.269097803221534 0
  endloop
 endfacet
 facet normal 0 0 -1
  outer loop
   vertex 40.10198381873549 29.269097803221534 0
   vertex 38.212879922796716 28.449025083325598 0
   vertex 38.212879922796716 31 0
  endloop
 endfacet
 facet normal 0 0 -1
  outer loop
   vertex 43.84391088549386 24.392523506500734 0
   vertex 42.87867965644036 20.121320343559653 0
   vertex 38.212879922796716 16.541126287429844 0
  endloop
 endfacet
 facet normal 0 0 -1
  outer loop
   vertex 38.212879922796716 16.541126287429844 0
   vertex 38.212879922796716 16.832528550790503 0
   vertex 43.84391088549386 24.392523506500734 0
  endloop
 endfacet
 facet normal 0 0 -1
  outer loop
   vertex 43.84391088549386 24.392523506500734 0
   vertex 45.549038105676665 22.170358449236303 0
   vertex 43.499999999999986 20.59807621135331 0
  endloop
 endfacet
 facet normal 0 0 -1
  outer loop
   vertex 43.84391088549386 24.392523506500734 0
   vertex 43.499999999999986 20.59807621135331 0
   vertex 43.002943725152285 20.216671517118378 0
  endloop
 endfacet
 facet normal 0 0 -1
  outer loop
   vertex 43.84391088549386 24.392523506500734 0
   vertex 43.002943725152285 20.216671517118378 0
   vertex 42.87867965644036 20.121320343559653 0
  endloop
 endfacet
 facet normal 0 0 -1
  outer loop
   vertex 38.212879922796716 16.832528550790503 0
   vertex 38.212879922796716 17.726243461920777 0
   vertex 41.38857306994019 27.592382046626795 0
  endloop
 endfacet
 facet normal 0 0 -0.9999999999999999
  outer loop
   vertex 41.38857306994019 27.592382046626795 0
   vertex 43.84391088549386 24.392523506500734 0
   vertex 38.212879922796716 16.832528550790503 0
  endloop
 endfacet
 facet normal 0 0 -0.9999999999999999
  outer loop
   vertex 38.212879922796716 23.6262942923487 0
   vertex 41.38857306994019 27.592382046626795 0
   vertex 38.212879922796716 17.726243461920777 0
  endloop
 endfacet
 facet normal 0 0 -1
  outer loop
   vertex 38.212879922796716 23.6262942923487 0
   vertex 38.212879922796716 25.475253281864475 0
   vertex 41.38857306994019 27.592382046626795 0
  endloop
 endfacet
 facet normal 0 0 -0.9999999999999999
  outer loop
   vertex 43.64470857293849 20.658016464856093 0
   vertex 43.499999999999986 20.59807621135331 0
   vertex 45.549038105676665 22.170358449236303 0
  endloop
 endfacet
 facet normal 0 0 -1
  outer loop
   vertex 45.549038105676665 22.170358449236303 0
   vertex 45.97032986159121 21.621320343559642 0
   vertex 44.22354286469244 20.897777478867205 0
  endloop
 endfacet
 facet normal 0 0 -1
  outer loop
   vertex 45.549038105676665 22.170358449236303 0
   vertex 44.22354286469244 20.897777478867205 0
   vertex 43.64470857293849 20.658016464856093 0
  endloop
 endfacet
 facet normal 0 0 -1
  outer loop
   vertex 38.212879922796716 14.664152668238032 0
   vertex 38.212879922796716 16.541126287429844 0
   vertex 42.87867965644036 20.121320343559653 0
  endloop
 endfacet
 facet normal 0 0 -1
  outer loop
   vertex 42.49727496220542 19.624264068711927 0
   vertex 38.212879922796716 14.626170603575984 0
   vertex 38.212879922796716 14.664152668238032 0
  endloop
 endfacet
 facet normal 0 0 -1
  outer loop
   vertex 38.212879922796716 14.664152668238032 0
   vertex 42.87867965644036 20.121320343559653 0
   vertex 42.49727496220542 19.624264068711927 0
  endloop
 endfacet
 facet normal 0 0 -1
  outer loop
   vertex 42.401923788646684 19.5 0
   vertex 38.212879922796716 14.616404439427267 0
   vertex 38.212879922796716 14.626170603575984 0
  endloop
 endfacet
 facet normal 0 0 -1
  outer loop
   vertex 38.212879922796716 14.626170603575984 0
   vertex 42.49727496220542 19.624264068711927 0
   vertex 42.401923788646684 19.5 0
  endloop
 endfacet
 facet normal 0 0 -1
  outer loop
   vertex 38.212879922796716 14.616404439427267 0
   vertex 42.401923788646684 19.5 0
   vertex 38.212879922796716 14.04073174607948 0
  endloop
 endfacet
 facet normal 0 0 -1
  outer loop
   vertex 44.378834291753954 20.918221983093765 0
   vertex 44.22354286469244 20.897777478867205 0
   vertex 45.97032986159121 21.621320343559642 0
  endloop
 endfacet
 facet normal 0 0 -1
  outer loop
   vertex 45.97032986159121 21.621320343559642 0
   vertex 46.314313139868474 21.173032607475616 0
   vertex 44.999999999999986 20.999999999999996 0
  endloop
 endfacet
 facet normal 0 0 -0.9999999999999999
  outer loop
   vertex 45.97032986159121 21.621320343559642 0
   vertex 44.999999999999986 20.999999999999996 0
   vertex 44.378834291753954 20.918221983093765 0
  endloop
 endfacet
 facet normal 0 0 -0.9999999999999999
  outer loop
   vertex 42.162162774635576 18.92116570824605 0
   vertex 38.212879922796716 13.845810799211703 0
   vertex 38.212879922796716 14.04073174607948 0
  endloop
 endfacet
 facet normal 0 0 -1
  outer loop
   vertex 38.212879922796716 14.04073174607948 0
   vertex 42.401923788646684 19.5 0
   vertex 42.162162774635576 18.92116570824605 0
  endloop
 endfacet
 facet normal 0 0 -1
  outer loop
   vertex 42.10222252113279 18.77645713530754 0
   vertex 38.212879922796716 13.79608456308042 0
   vertex 38.212879922796716 13.845810799211703 0
  endloop
 endfacet
 facet normal 0 0 -1
  outer loop
   vertex 38.212879922796716 13.845810799211703 0
   vertex 42.162162774635576 18.92116570824605 0
   vertex 42.10222252113279 18.77645713530754 0
  endloop
 endfacet
 facet normal 0 0 -1
  outer loop
   vertex 38.212879922796716 13.79608456308042 0
   vertex 42.10222252113279 18.77645713530754 0
   vertex 38.212879922796716 9.386753485689193 0
  endloop
 endfacet
 facet normal 0 0 -0.9999999999999999
  outer loop
   vertex 45.15529142706151 20.97955549577344 0
   vertex 44.999999999999986 20.999999999999996 0
   vertex 46.314313139868474 21.173032607475616 0
  endloop
 endfacet
 facet normal 0 0 -1
  outer loop
   vertex 46.314313139868474 21.173032607475616 0
   vertex 46.60969827745649 20.788079201410724 0
   vertex 45.77645713530758 20.8977774788672 0
  endloop
 endfacet
 facet normal 0 0 -1
  outer loop
   vertex 46.314313139868474 21.173032607475616 0
   vertex 45.77645713530758 20.8977774788672 0
   vertex 45.15529142706151 20.97955549577344 0
  endloop
 endfacet
 facet normal 0 0 -1
  outer loop
   vertex 42.02044450422656 18.155291427061513 0
   vertex 38.212879922796716 9.17266766196729 0
   vertex 38.212879922796716 9.386753485689193 0
  endloop
 endfacet
 facet normal 0 0 -1
  outer loop
   vertex 38.212879922796716 9.386753485689193 0
   vertex 42.10222252113279 18.77645713530754 0
   vertex 42.02044450422656 18.155291427061513 0
  endloop
 endfacet
 facet normal 0 0 -1
  outer loop
   vertex 41.99999999999999 18.000000000000004 0
   vertex 38.212879922796716 9.118433381724246 0
   vertex 38.212879922796716 9.17266766196729 0
  endloop
 endfacet
 facet normal 0 0 -0.9999999999999999
  outer loop
   vertex 38.212879922796716 9.17266766196729 0
   vertex 42.02044450422656 18.155291427061513 0
   vertex 41.99999999999999 18.000000000000004 0
  endloop
 endfacet
 facet normal 0 0 -1
  outer loop
   vertex 38.21287992279671 0 0
   vertex 38.212879922796716 9.118433381724246 0
   vertex 41.99999999999999 18.000000000000004 0
  endloop
 endfacet
 facet normal 0 0 -1
  outer loop
   vertex 41.99999999999999 18.000000000000004 0
   vertex 39.63025504342687 0 0
   vertex 38.21287992279671 0 0
  endloop
 endfacet
 facet normal 0 0 -1
  outer loop
   vertex 45.92116570824605 20.837837225364428 0
   vertex 45.77645713530758 20.8977774788672 0
   vertex 46.60969827745649 20.788079201410724 0
  endloop
 endfacet
 facet normal 0 0 -1
  outer loop
   vertex 46.60969827745649 20.788079201410724 0
   vertex 46.87453334666089 20.44293941960539 0
   vertex 46.500000000000014 20.598076211353312 0
  endloop
 endfacet
 facet normal 0 0 -1
  outer loop
   vertex 46.60969827745649 20.788079201410724 0
   vertex 46.500000000000014 20.598076211353312 0
   vertex 45.92116570824605 20.837837225364428 0
  endloop
 endfacet
 facet normal 0 0 -1
  outer loop
   vertex 39.63025504342687 0 0
   vertex 41.99999999999999 18.000000000000004 0
   vertex 42.081778016906235 17.378834291753954 0
  endloop
 endfacet
 facet normal 0 0 -1
  outer loop
   vertex 39.63025504342687 0 0
   vertex 42.081778016906235 17.378834291753954 0
   vertex 42.10222252113279 17.22354286469246 0
  endloop
 endfacet
 facet normal 0 0 -1
  outer loop
   vertex 42.10222252113279 17.22354286469246 0
   vertex 44.36974495657313 0 0
   vertex 39.63025504342687 0 0
  endloop
 endfacet
 facet normal 0 0 -1
  outer loop
   vertex 46.62426406871193 20.50272503779458 0
   vertex 46.500000000000014 20.598076211353312 0
   vertex 46.87453334666089 20.44293941960539 0
  endloop
 endfacet
 facet normal 0 0 -1
  outer loop
   vertex 46.87453334666089 20.44293941960539 0
   vertex 47.12132034355965 20.12132034355964 0
   vertex 46.62426406871193 20.50272503779458 0
  endloop
 endfacet
 facet normal 0 0 -0.9999999999999999
  outer loop
   vertex 44.36974495657313 0 0
   vertex 42.10222252113279 17.22354286469246 0
   vertex 42.3419835351439 16.644708572938487 0
  endloop
 endfacet
 facet normal 0 0 -1
  outer loop
   vertex 44.36974495657313 0 0
   vertex 42.3419835351439 16.644708572938487 0
   vertex 42.401923788646684 16.499999999999996 0
  endloop
 endfacet
 facet normal 0 0 -0.9999999999999999
  outer loop
   vertex 44.36974495657313 0 0
   vertex 42.401923788646684 16.499999999999996 0
   vertex 42.557060580394605 16.125466653339117 0
  endloop
 endfacet
 facet normal 0 0 -1
  outer loop
   vertex 44.36974495657313 0 0
   vertex 42.557060580394605 16.125466653339117 0
   vertex 42.72354286469244 15.72354286469243 0
  endloop
 endfacet
 facet normal 0 0 -1
  outer loop
   vertex 44.36974495657313 0 0
   vertex 42.72354286469244 15.72354286469243 0
   vertex 42.90922972482397 15.275255128608409 0
  endloop
 endfacet
 facet normal 0 0 -1
  outer loop
   vertex 44.36974495657313 0 0
   vertex 42.90922972482397 15.275255128608409 0
   vertex 43.125466653339124 14.753213003101235 0
  endloop
 endfacet
 facet normal 0 0 -1
  outer loop
   vertex 44.36974495657313 0 0
   vertex 43.125466653339124 14.753213003101235 0
   vertex 43.39030172254352 14.113844587235961 0
  endloop
 endfacet
 facet normal 0 0 -1
  outer loop
   vertex 44.36974495657313 0 0
   vertex 43.39030172254352 14.113844587235961 0
   vertex 47.54736273582279 4.077811509364676 0
  endloop
 endfacet
 facet normal 0 0 -1
  outer loop
   vertex 47.54736273582279 4.077811509364676 0
   vertex 47.54736273582279 0 0
   vertex 44.36974495657313 0 0
  endloop
 endfacet
 facet normal 0 0 -1
  outer loop
   vertex 45.77645713530756 15.102222521132795 0
   vertex 47.54736273582278 7.372544949852816 0
   vertex 47.54736273582279 4.077811509364676 0
  endloop
 endfacet
 facet normal 0 0 -1
  outer loop
   vertex 47.54736273582279 4.077811509364676 0
   vertex 43.39030172254352 14.113844587235961 0
   vertex 45.77645713530756 15.102222521132795 0
  endloop
 endfacet
 facet normal 0 0 -1
  outer loop
   vertex 46.35529142706151 15.341983535143907 0
   vertex 47.54736273582278 8.994275358860243 0
   vertex 47.54736273582278 7.372544949852816 0
  endloop
 endfacet
 facet normal 0 0 -1
  outer loop
   vertex 47.54736273582278 7.372544949852816 0
   vertex 45.77645713530756 15.102222521132795 0
   vertex 46.35529142706151 15.341983535143907 0
  endloop
 endfacet
 facet normal 0 0 -1
  outer loop
   vertex 46.5 15.401923788646686 0
   vertex 47.54736273582278 9.506908212242292 0
   vertex 47.54736273582278 8.994275358860243 0
  endloop
 endfacet
 facet normal 0 0 -0.9999999999999999
  outer loop
   vertex 47.54736273582278 8.994275358860243 0
   vertex 46.35529142706151 15.341983535143907 0
   vertex 46.5 15.401923788646686 0
  endloop
 endfacet
 facet normal 0 0 -0.9999999999999999
  outer loop
   vertex 47.54736273582278 9.506908212242292 0
   vertex 46.5 15.401923788646686 0
   vertex 47.54736273582277 15.835755638548667 0
  endloop
 endfacet
 facet normal 0 0 -1
  outer loop
   vertex 45.621165708246046 15.081778016906236 0
   vertex 45.77645713530756 15.102222521132795 0
   vertex 43.39030172254352 14.113844587235961 0
  endloop
 endfacet
 facet normal 0 0 -1
  outer loop
   vertex 43.39030172254352 14.113844587235961 0
   vertex 43.125466653339124 14.753213003101235 0
   vertex 44.99999999999999 14.999999999999998 0
  endloop
 endfacet
 facet normal 0 0 -1
  outer loop
   vertex 43.39030172254352 14.113844587235961 0
   vertex 44.99999999999999 14.999999999999998 0
   vertex 45.621165708246046 15.081778016906236 0
  endloop
 endfacet
 facet normal 0 0 -1
  outer loop
   vertex 46.997056274847715 15.783328482881624 0
   vertex 47.54736273582277 15.933985614395477 0
   vertex 47.54736273582277 15.835755638548667 0
  endloop
 endfacet
 facet normal 0 0 -1
  outer loop
   vertex 47.54736273582277 15.835755638548667 0
   vertex 46.5 15.401923788646686 0
   vertex 46.997056274847715 15.783328482881624 0
  endloop
 endfacet
 facet normal 0 0 -1
  outer loop
   vertex 47.12132034355966 15.87867965644037 0
   vertex 47.54736273582277 15.972100214238536 0
   vertex 47.54736273582277 15.933985614395477 0
  endloop
 endfacet
 facet normal 0 0 -1
  outer loop
   vertex 47.54736273582277 15.933985614395477 0
   vertex 46.997056274847715 15.783328482881624 0
   vertex 47.12132034355966 15.87867965644037 0
  endloop
 endfacet
 facet normal 0 0 -1
  outer loop
   vertex 47.54736273582277 15.972100214238536 0
   vertex 47.12132034355966 15.87867965644037 0
   vertex 47.54736273582277 16.20559348204698 0
  endloop
 endfacet
 facet normal 0 0 -1
  outer loop
   vertex 44.84470857293849 15.020444504226559 0
   vertex 44.99999999999999 14.999999999999998 0
   vertex 43.125466653339124 14.753213003101235 0
  endloop
 endfacet
 facet normal 0 0 -1
  outer loop
   vertex 43.125466653339124 14.753213003101235 0
   vertex 42.90922972482397 15.275255128608409 0
   vertex 44.22354286469244 15.102222521132791 0
  endloop
 endfacet
 facet normal 0 0 -1
  outer loop
   vertex 43.125466653339124 14.753213003101235 0
   vertex 44.22354286469244 15.102222521132791 0
   vertex 44.84470857293849 15.020444504226559 0
  endloop
 endfacet
 facet normal 0 0 -1
  outer loop
   vertex 47.50272503779458 16.375735931288073 0
   vertex 47.54736273582277 16.396376450045537 0
   vertex 47.54736273582277 16.20559348204698 0
  endloop
 endfacet
 facet normal 0 0 -0.9999999999999999
  outer loop
   vertex 47.54736273582277 16.20559348204698 0
   vertex 47.12132034355966 15.87867965644037 0
   vertex 47.50272503779458 16.375735931288073 0
  endloop
 endfacet
 facet normal 0 0 -0.9999999999999999
  outer loop
   vertex 47.54736273582277 16.396376450045537 0
   vertex 47.50272503779458 16.375735931288073 0
   vertex 47.54736273582277 16.433908911943632 0
  endloop
 endfacet
 facet normal 0 0 -1
  outer loop
   vertex 44.07883429175395 15.162162774635572 0
   vertex 44.22354286469244 15.102222521132791 0
   vertex 42.90922972482397 15.275255128608409 0
  endloop
 endfacet
 facet normal 0 0 -1
  outer loop
   vertex 42.90922972482397 15.275255128608409 0
   vertex 42.72354286469244 15.72354286469243 0
   vertex 43.5 15.401923788646679 0
  endloop
 endfacet
 facet normal 0 0 -1
  outer loop
   vertex 42.90922972482397 15.275255128608409 0
   vertex 43.5 15.401923788646679 0
   vertex 44.07883429175395 15.162162774635572 0
  endloop
 endfacet
 facet normal 0 0 -1
  outer loop
   vertex 43.37573593128807 15.497274962205418 0
   vertex 43.5 15.401923788646679 0
   vertex 42.72354286469244 15.72354286469243 0
  endloop
 endfacet
 facet normal 0 0 -1
  outer loop
   vertex 42.72354286469244 15.72354286469243 0
   vertex 42.557060580394605 16.125466653339117 0
   vertex 42.878679656440355 15.878679656440358 0
  endloop
 endfacet
 facet normal 0 0 -1
  outer loop
   vertex 42.72354286469244 15.72354286469243 0
   vertex 42.878679656440355 15.878679656440358 0
   vertex 43.37573593128807 15.497274962205418 0
  endloop
 endfacet
 facet normal 0 0 -1
  outer loop
   vertex 42.78332848288162 16.002943725152285 0
   vertex 42.878679656440355 15.878679656440358 0
   vertex 42.557060580394605 16.125466653339117 0
  endloop
 endfacet
 facet normal 0 0 -1
  outer loop
   vertex 42.557060580394605 16.125466653339117 0
   vertex 42.401923788646684 16.499999999999996 0
   vertex 42.78332848288162 16.002943725152285 0
  endloop
 endfacet
 facet normal 0 0 -1
  outer loop
   vertex 38.212879922796716 26.400567481723456 0
   vertex 17.897777478867205 18.77645713530756 0
   vertex 38.212879922796716 28.119268865194865 0
  endloop
 endfacet
 facet normal 0 0 -1
  outer loop
   vertex 17.897777478867205 18.77645713530756 0
   vertex 38.212879922796716 26.400567481723456 0
   vertex 38.212879922796716 25.475253281864475 0
  endloop
 endfacet
 facet normal 0 0 -1
  outer loop
   vertex 38.212879922796716 25.475253281864475 0
   vertex 20.119417066869865 13.412944711246576 0
   vertex 17.897777478867205 18.77645713530756 0
  endloop
 endfacet
 facet normal 0 0 -1
  outer loop
   vertex 38.212879922796716 28.181720697981454 0
   vertex 17.658016464856093 19.355291427061513 0
   vertex 38.212879922796716 28.383548092739332 0
  endloop
 endfacet
 facet normal 0 0 -0.9999999999999999
  outer loop
   vertex 17.658016464856093 19.355291427061513 0
   vertex 38.212879922796716 28.181720697981454 0
   vertex 38.212879922796716 28.119268865194865 0
  endloop
 endfacet
 facet normal 0 0 -1
  outer loop
   vertex 38.212879922796716 28.119268865194865 0
   vertex 17.897777478867205 18.77645713530756 0
   vertex 17.658016464856093 19.355291427061513 0
  endloop
 endfacet
 facet normal 0 0 -1
  outer loop
   vertex 38.212879922796716 28.398128465241236 0
   vertex 17.598076211353316 19.499999999999996 0
   vertex 38.212879922796716 28.449025083325598 0
  endloop
 endfacet
 facet normal 0 0 -1
  outer loop
   vertex 17.598076211353316 19.499999999999996 0
   vertex 38.212879922796716 28.398128465241236 0
   vertex 38.212879922796716 28.383548092739332 0
  endloop
 endfacet
 facet normal 0 0 -1
  outer loop
   vertex 38.212879922796716 28.383548092739332 0
   vertex 17.658016464856093 19.355291427061513 0
   vertex 17.598076211353316 19.499999999999996 0
  endloop
 endfacet
 facet normal 0 0 -0.9999999999999999
  outer loop
   vertex 17.598076211353316 19.499999999999996 0
   vertex 32.56691929787118 31 0
   vertex 38.212879922796716 31 0
  endloop
 endfacet
 facet normal 0 0 -1
  outer loop
   vertex 38.212879922796716 31 0
   vertex 38.212879922796716 28.449025083325598 0
   vertex 17.598076211353316 19.499999999999996 0
  endloop
 endfacet
 facet normal 0 0 -1
  outer loop
   vertex 30.212879922796624 31 0
   vertex 32.56691929787118 31 0
   vertex 17.598076211353316 19.499999999999996 0
  endloop
 endfacet
 facet normal 0 0 -0.9999999999999999
  outer loop
   vertex 17.598076211353316 19.499999999999996 0
   vertex 12.834620244062716 31 0
   vertex 21.787120077203284 31 0
  endloop
 endfacet
 facet normal 0 0 -1
  outer loop
   vertex 17.598076211353316 19.499999999999996 0
   vertex 21.787120077203284 31 0
   vertex 30.212879922796624 31 0
  endloop
 endfacet
 facet normal 0 0 -1
  outer loop
   vertex 38.212879922796716 16.541126287429844 0
   vertex 37.70629835529599 16.152412579073857 0
   vertex 38.212879922796716 16.832528550790503 0
  endloop
 endfacet
 facet normal 0 0 -1
  outer loop
   vertex 38.212879922796716 17.726243461920777 0
   vertex 38.212879922796716 16.832528550790503 0
   vertex 37.70629835529599 16.152412579073857 0
  endloop
 endfacet
 facet normal 0 0 -1
  outer loop
   vertex 23.499987142575517 5.251526585925358 0
   vertex 38.212879922796716 23.6262942923487 0
   vertex 38.212879922796716 17.726243461920777 0
  endloop
 endfacet
 facet normal 0 0 -1
  outer loop
   vertex 38.212879922796716 17.726243461920777 0
   vertex 37.70629835529599 16.152412579073857 0
   vertex 23.499987142575517 5.251526585925358 0
  endloop
 endfacet
 facet normal 0 0 -1
  outer loop
   vertex 38.212879922796716 25.475253281864475 0
   vertex 38.212879922796716 23.6262942923487 0
   vertex 23.499987142575517 5.251526585925358 0
  endloop
 endfacet
 facet normal 0 0 -0.9999999999999999
  outer loop
   vertex 23.499987142575517 5.251526585925358 0
   vertex 20.119417066869865 13.412944711246576 0
   vertex 38.212879922796716 25.475253281864475 0
  endloop
 endfacet
 facet normal 0 0 -1
  outer loop
   vertex 17.918221983093765 18.62116570824605 0
   vertex 17.897777478867205 18.77645713530756 0
   vertex 20.119417066869865 13.412944711246576 0
  endloop
 endfacet
 facet normal 0 0 -1
  outer loop
   vertex 20.119417066869865 13.412944711246576 0
   vertex 18.726179428547773 12.484119619031848 0
   vertex 18.246786996898763 16.12546665333912 0
  endloop
 endfacet
 facet normal 0 0 -1
  outer loop
   vertex 20.119417066869865 13.412944711246576 0
   vertex 18.246786996898763 16.12546665333912 0
   vertex 18.173032607475616 16.685686860131536 0
  endloop
 endfacet
 facet normal 0 0 -1
  outer loop
   vertex 20.119417066869865 13.412944711246576 0
   vertex 18.173032607475616 16.685686860131536 0
   vertex 18.10969827745648 17.166758857851082 0
  endloop
 endfacet
 facet normal 0 0 -1
  outer loop
   vertex 20.119417066869865 13.412944711246576 0
   vertex 18.10969827745648 17.166758857851082 0
   vertex 18.052914270615126 17.598076211353316 0
  endloop
 endfacet
 facet normal 0 0 -1
  outer loop
   vertex 20.119417066869865 13.412944711246576 0
   vertex 18.052914270615126 17.598076211353316 0
   vertex 18 18 0
  endloop
 endfacet
 facet normal 0 0 -0.9999999999999999
  outer loop
   vertex 20.119417066869865 13.412944711246576 0
   vertex 18 18 0
   vertex 17.918221983093765 18.62116570824605 0
  endloop
 endfacet
 facet normal 0 0 -1
  outer loop
   vertex 20.31731315170456 2.809374938791377 0
   vertex 20.119417066869865 13.412944711246576 0
   vertex 23.499987142575517 5.251526585925358 0
  endloop
 endfacet
 facet normal 0 0 -1
  outer loop
   vertex 20.119417066869865 13.412944711246576 0
   vertex 20.31731315170456 2.809374938791377 0
   vertex 20.02900842139166 2.5881509384602968 0
  endloop
 endfacet
 facet normal 0 0 -1
  outer loop
   vertex 20.02900842139166 2.5881509384602968 0
   vertex 18.726179428547773 12.484119619031848 0
   vertex 20.119417066869865 13.412944711246576 0
  endloop
 endfacet
 facet normal 0 0 -1
  outer loop
   vertex 17.216671517118378 19.997056274847715 0
   vertex 12.7970173126987 31 0
   vertex 12.834620244062716 31 0
  endloop
 endfacet
 facet normal 0 0 -1
  outer loop
   vertex 12.834620244062716 31 0
   vertex 17.598076211353316 19.499999999999996 0
   vertex 17.216671517118378 19.997056274847715 0
  endloop
 endfacet
 facet normal 0 0 -1
  outer loop
   vertex 17.121320343559635 20.121320343559645 0
   vertex 12.787195728112204 31 0
   vertex 12.7970173126987 31 0
  endloop
 endfacet
 facet normal 0 0 -0.9999999999999999
  outer loop
   vertex 12.7970173126987 31 0
   vertex 17.216671517118378 19.997056274847715 0
   vertex 17.121320343559635 20.121320343559645 0
  endloop
 endfacet
 facet normal 0 0 -1
  outer loop
   vertex 16.87453334666087 20.442939419605402 0
   vertex 12.760939544632077 31 0
   vertex 12.787195728112204 31 0
  endloop
 endfacet
 facet normal 0 0 -0.9999999999999999
  outer loop
   vertex 12.787195728112204 31 0
   vertex 17.121320343559635 20.121320343559645 0
   vertex 16.87453334666087 20.442939419605402 0
  endloop
 endfacet
 facet normal 0 0 -1
  outer loop
   vertex 16.60969827745647 20.788079201410728 0
   vertex 12.73134122819614 31 0
   vertex 12.760939544632077 31 0
  endloop
 endfacet
 facet normal 0 0 -1
  outer loop
   vertex 12.760939544632077 31 0
   vertex 16.87453334666087 20.442939419605402 0
   vertex 16.60969827745647 20.788079201410728 0
  endloop
 endfacet
 facet normal 0 0 -1
  outer loop
   vertex 16.31431313986846 21.173032607475612 0
   vertex 12.69644956261536 31 0
   vertex 12.73134122819614 31 0
  endloop
 endfacet
 facet normal 0 0 -0.9999999999999999
  outer loop
   vertex 12.73134122819614 31 0
   vertex 16.60969827745647 20.788079201410728 0
   vertex 16.31431313986846 21.173032607475612 0
  endloop
 endfacet
 facet normal 0 0 -1
  outer loop
   vertex 15.970329861591194 21.621320343559642 0
   vertex 12.653082297986526 31 0
   vertex 12.69644956261536 31 0
  endloop
 endfacet
 facet normal 0 0 -1
  outer loop
   vertex 12.69644956261536 31 0
   vertex 16.31431313986846 21.173032607475612 0
   vertex 15.970329861591194 21.621320343559642 0
  endloop
 endfacet
 facet normal 0 0 -1
  outer loop
   vertex 15.549038105676651 22.1703584492363 0
   vertex 12.595490575874791 31 0
   vertex 12.653082297986526 31 0
  endloop
 endfacet
 facet normal 0 0 -1
  outer loop
   vertex 12.653082297986526 31 0
   vertex 15.970329861591194 21.621320343559642 0
   vertex 15.549038105676651 22.1703584492363 0
  endloop
 endfacet
 facet normal 0 0 -1
  outer loop
   vertex 12.452637264177 31 0
   vertex 12.595490575874791 31 0
   vertex 15.549038105676651 22.1703584492363 0
  endloop
 endfacet
 facet normal 0 0 -1
  outer loop
   vertex 15.549038105676651 22.1703584492363 0
   vertex 8.773815849595247 31 0
   vertex 12.452637264177 31 0
  endloop
 endfacet
 facet normal 0 0 -0.9999999999999999
  outer loop
   vertex 13.50000000000001 20.598076211353323 0
   vertex 8.045078822539011 31 0
   vertex 8.773815849595247 31 0
  endloop
 endfacet
 facet normal 0 0 -1
  outer loop
   vertex 8.773815849595247 31 0
   vertex 15.549038105676651 22.1703584492363 0
   vertex 13.50000000000001 20.598076211353323 0
  endloop
 endfacet
 facet normal 0 0 -1
  outer loop
   vertex 13.002943725152287 20.216671517118378 0
   vertex 7.8933584706774615 31 0
   vertex 8.045078822539011 31 0
  endloop
 endfacet
 facet normal 0 0 -1
  outer loop
   vertex 8.045078822539011 31 0
   vertex 13.50000000000001 20.598076211353323 0
   vertex 13.002943725152287 20.216671517118378 0
  endloop
 endfacet
 facet normal 0 0 -0.9999999999999999
  outer loop
   vertex 12.878679656440356 20.12132034355964 0
   vertex 7.856731344697729 31 0
   vertex 7.8933584706774615 31 0
  endloop
 endfacet
 facet normal 0 0 -1
  outer loop
   vertex 7.8933584706774615 31 0
   vertex 13.002943725152287 20.216671517118378 0
   vertex 12.878679656440356 20.12132034355964 0
  endloop
 endfacet
 facet normal 0 0 -1
  outer loop
   vertex 0 10.239161873637322 0
   vertex 5.65471283997456 31 0
   vertex 7.856731344697729 31 0
  endloop
 endfacet
 facet normal 0 0 -0.9999999999999999
  outer loop
   vertex 7.856731344697729 31 0
   vertex 12.878679656440356 20.12132034355964 0
   vertex 0 10.239161873637322 0
  endloop
 endfacet
 facet normal 0 0 -0.9999999999999999
  outer loop
   vertex 0.4467807935777512 31 0
   vertex 5.65471283997456 31 0
   vertex 0 10.239161873637322 0
  endloop
 endfacet
 facet normal 0 0 -1
  outer loop
   vertex 0.4467807935777512 31 0
   vertex 0 10.239161873637322 0
   vertex 0 27.432599990508795 0
  endloop
 endfacet
 facet normal 0 0 -1
  outer loop
   vertex 0 27.432599990508795 0
   vertex 0 31 0
   vertex 0.4467807935777512 31 0
  endloop
 endfacet
 facet normal 0 0 -0.9999999999999999
  outer loop
   vertex 13.644708572938487 20.658016464856093 0
   vertex 13.50000000000001 20.598076211353323 0
   vertex 15.549038105676651 22.1703584492363 0
  endloop
 endfacet
 facet normal 0 0 -1
  outer loop
   vertex 15.549038105676651 22.1703584492363 0
   vertex 15.970329861591194 21.621320343559642 0
   vertex 14.223542864692424 20.8977774788672 0
  endloop
 endfacet
 facet normal 0 0 -1
  outer loop
   vertex 15.549038105676651 22.1703584492363 0
   vertex 14.223542864692424 20.8977774788672 0
   vertex 13.644708572938487 20.658016464856093 0
  endloop
 endfacet
 facet normal 0 0 -1
  outer loop
   vertex 0 10.239161873637322 0
   vertex 12.878679656440356 20.12132034355964 0
   vertex 12.497274962205418 19.62426406871193 0
  endloop
 endfacet
 facet normal 0 0 -1
  outer loop
   vertex 0 10.239161873637322 0
   vertex 12.497274962205418 19.62426406871193 0
   vertex 12.401923788646688 19.500000000000004 0
  endloop
 endfacet
 facet normal 0 0 -1
  outer loop
   vertex 12.401923788646688 19.500000000000004 0
   vertex 0 3.3374982465927494 0
   vertex 0 10.239161873637322 0
  endloop
 endfacet
 facet normal 0 0 -1
  outer loop
   vertex 14.37883429175395 20.918221983093765 0
   vertex 14.223542864692424 20.8977774788672 0
   vertex 15.970329861591194 21.621320343559642 0
  endloop
 endfacet
 facet normal 0 0 -0.9999999999999999
  outer loop
   vertex 15.970329861591194 21.621320343559642 0
   vertex 16.31431313986846 21.173032607475612 0
   vertex 14.999999999999995 20.999999999999996 0
  endloop
 endfacet
 facet normal 0 0 -0.9999999999999999
  outer loop
   vertex 15.970329861591194 21.621320343559642 0
   vertex 14.999999999999995 20.999999999999996 0
   vertex 14.37883429175395 20.918221983093765 0
  endloop
 endfacet
 facet normal 0 0 -0.9999999999999999
  outer loop
   vertex 0 3.3374982465927494 0
   vertex 12.401923788646688 19.500000000000004 0
   vertex 12.162162774635572 18.92116570824605 0
  endloop
 endfacet
 facet normal 0 0 -0.9999999999999999
  outer loop
   vertex 0 3.3374982465927494 0
   vertex 12.162162774635572 18.92116570824605 0
   vertex 12.102222521132793 18.776457135307556 0
  endloop
 endfacet
 facet normal 0 0 -1
  outer loop
   vertex 0 3.3374982465927494 0
   vertex 12.102222521132793 18.776457135307556 0
   vertex 5.974599385985401 3.9830662573236 0
  endloop
 endfacet
 facet normal 0 0 -1
  outer loop
   vertex 5.974599385985401 3.9830662573236 0
   vertex 0 0 0
   vertex 0 3.3374982465927494 0
  endloop
 endfacet
 facet normal 0 0 -1
  outer loop
   vertex 4.324759322371318 0 0
   vertex 0 0 0
   vertex 5.974599385985401 3.9830662573236 0
  endloop
 endfacet
 facet normal 0 0 -1
  outer loop
   vertex 15.155291427061513 20.97955549577344 0
   vertex 14.999999999999995 20.999999999999996 0
   vertex 16.31431313986846 21.173032607475612 0
  endloop
 endfacet
 facet normal 0 0 -1
  outer loop
   vertex 16.31431313986846 21.173032607475612 0
   vertex 16.60969827745647 20.788079201410728 0
   vertex 15.776457135307579 20.8977774788672 0
  endloop
 endfacet
 facet normal 0 0 -1
  outer loop
   vertex 16.31431313986846 21.173032607475612 0
   vertex 15.776457135307579 20.8977774788672 0
   vertex 15.155291427061513 20.97955549577344 0
  endloop
 endfacet
 facet normal 0 0 -1
  outer loop
   vertex 5.974599385985401 3.9830662573236 0
   vertex 12.102222521132793 18.776457135307556 0
   vertex 12.020444504226559 18.155291427061513 0
  endloop
 endfacet
 facet normal 0 0 -1
  outer loop
   vertex 5.974599385985401 3.9830662573236 0
   vertex 12.020444504226559 18.155291427061513 0
   vertex 12 18 0
  endloop
 endfacet
 facet normal 0 0 -0.9999999999999999
  outer loop
   vertex 12 18 0
   vertex 10.556808515140283 7.037872343426855 0
   vertex 5.974599385985401 3.9830662573236 0
  endloop
 endfacet
 facet normal 0 0 -1
  outer loop
   vertex 10.556808515140283 7.037872343426855 0
   vertex 9.630255043426882 0 0
   vertex 4.324759322371318 0 0
  endloop
 endfacet
 facet normal 0 0 -0.9999999999999999
  outer loop
   vertex 4.324759322371318 0 0
   vertex 5.974599385985401 3.9830662573236 0
   vertex 10.556808515140283 7.037872343426855 0
  endloop
 endfacet
 facet normal 0 0 -1
  outer loop
   vertex 15.92116570824605 20.837837225364428 0
   vertex 15.776457135307579 20.8977774788672 0
   vertex 16.60969827745647 20.788079201410728 0
  endloop
 endfacet
 facet normal 0 0 -1
  outer loop
   vertex 16.60969827745647 20.788079201410728 0
   vertex 16.87453334666087 20.442939419605402 0
   vertex 16.499999999999982 20.598076211353327 0
  endloop
 endfacet
 facet normal 0 0 -1
  outer loop
   vertex 16.60969827745647 20.788079201410728 0
   vertex 16.499999999999982 20.598076211353327 0
   vertex 15.92116570824605 20.837837225364428 0
  endloop
 endfacet
 facet normal 0 0 -0.9999999999999999
  outer loop
   vertex 10.556808515140283 7.037872343426855 0
   vertex 12 18 0
   vertex 12.081778016906236 17.378834291753954 0
  endloop
 endfacet
 facet normal 0 0 -1
  outer loop
   vertex 10.556808515140283 7.037872343426855 0
   vertex 12.081778016906236 17.378834291753954 0
   vertex 12.102222521132797 17.223542864692433 0
  endloop
 endfacet
 facet normal 0 0 -1
  outer loop
   vertex 12.102222521132797 17.223542864692433 0
   vertex 13.210299047579625 8.80686603171975 0
   vertex 10.556808515140283 7.037872343426855 0
  endloop
 endfacet
 facet normal 0 0 -1
  outer loop
   vertex 13.210299047579625 8.80686603171975 0
   vertex 14.369744956573129 0 0
   vertex 9.630255043426882 0 0
  endloop
 endfacet
 facet normal 0 0 -1
  outer loop
   vertex 9.630255043426882 0 0
   vertex 10.556808515140283 7.037872343426855 0
   vertex 13.210299047579625 8.80686603171975 0
  endloop
 endfacet
 facet normal 0 0 -1
  outer loop
   vertex 16.62426406871193 20.502725037794583 0
   vertex 16.499999999999982 20.598076211353327 0
   vertex 16.87453334666087 20.442939419605402 0
  endloop
 endfacet
 facet normal 0 0 -1
  outer loop
   vertex 16.87453334666087 20.442939419605402 0
   vertex 17.121320343559635 20.121320343559645 0
   vertex 16.62426406871193 20.502725037794583 0
  endloop
 endfacet
 facet normal 0 0 -1
  outer loop
   vertex 13.210299047579625 8.80686603171975 0
   vertex 12.102222521132797 17.223542864692433 0
   vertex 12.341983535143907 16.644708572938487 0
  endloop
 endfacet
 facet normal 0 0 -1
  outer loop
   vertex 13.210299047579625 8.80686603171975 0
   vertex 12.341983535143907 16.644708572938487 0
   vertex 12.401923788646682 16.5 0
  endloop
 endfacet
 facet normal 0 0 -1
  outer loop
   vertex 13.210299047579625 8.80686603171975 0
   vertex 12.401923788646682 16.5 0
   vertex 12.557060580394598 16.12546665333913 0
  endloop
 endfacet
 facet normal 0 0 -1
  outer loop
   vertex 13.210299047579625 8.80686603171975 0
   vertex 12.557060580394598 16.12546665333913 0
   vertex 12.723542864692437 15.723542864692435 0
  endloop
 endfacet
 facet normal 0 0 -1
  outer loop
   vertex 13.210299047579625 8.80686603171975 0
   vertex 12.723542864692437 15.723542864692435 0
   vertex 12.909229724823968 15.275255128608414 0
  endloop
 endfacet
 facet normal 0 0 -1
  outer loop
   vertex 13.210299047579625 8.80686603171975 0
   vertex 12.909229724823968 15.275255128608414 0
   vertex 13.125466653339119 14.753213003101235 0
  endloop
 endfacet
 facet normal 0 0 -1
  outer loop
   vertex 13.210299047579625 8.80686603171975 0
   vertex 13.125466653339119 14.753213003101235 0
   vertex 13.390301722543517 14.113844587235956 0
  endloop
 endfacet
 facet normal 0 0 -1
  outer loop
   vertex 13.390301722543517 14.113844587235956 0
   vertex 15.073903935740747 10.04926929049383 0
   vertex 13.210299047579625 8.80686603171975 0
  endloop
 endfacet
 facet normal 0 0 -1
  outer loop
   vertex 14.369744956573129 0 0
   vertex 15.073903935740747 10.04926929049383 0
   vertex 18.6141083033647 1.502459892603594 0
  endloop
 endfacet
 facet normal 0 0 -1
  outer loop
   vertex 18.6141083033647 1.502459892603594 0
   vertex 16.656064449647413 0 0
   vertex 14.369744956573129 0 0
  endloop
 endfacet
 facet normal 0 0 -1
  outer loop
   vertex 14.369744956573129 0 0
   vertex 13.210299047579625 8.80686603171975 0
   vertex 15.073903935740747 10.04926929049383 0
  endloop
 endfacet
 facet normal 0 0 -1
  outer loop
   vertex 15.073903935740747 10.04926929049383 0
   vertex 13.390301722543517 14.113844587235956 0
   vertex 15.77645713530756 15.102222521132793 0
  endloop
 endfacet
 facet normal 0 0 -1
  outer loop
   vertex 15.073903935740747 10.04926929049383 0
   vertex 15.77645713530756 15.102222521132793 0
   vertex 16.355291427061513 15.341983535143907 0
  endloop
 endfacet
 facet normal 0 0 -1
  outer loop
   vertex 15.073903935740747 10.04926929049383 0
   vertex 16.355291427061513 15.341983535143907 0
   vertex 16.5 15.401923788646684 0
  endloop
 endfacet
 facet normal 0 0 -1
  outer loop
   vertex 15.073903935740747 10.04926929049383 0
   vertex 16.5 15.401923788646684 0
   vertex 18.246786996898763 16.12546665333912 0
  endloop
 endfacet
 facet normal 0 0 -1
  outer loop
   vertex 18.246786996898763 16.12546665333912 0
   vertex 18.726179428547773 12.484119619031848 0
   vertex 15.073903935740747 10.04926929049383 0
  endloop
 endfacet
 facet normal 0 0 -1
  outer loop
   vertex 19.157979394001806 1.9197868584309958 0
   vertex 18.726179428547773 12.484119619031848 0
   vertex 20.02900842139166 2.5881509384602968 0
  endloop
 endfacet
 facet normal 0 0 -0.9999999999999999
  outer loop
   vertex 18.726179428547773 12.484119619031848 0
   vertex 19.157979394001806 1.9197868584309958 0
   vertex 18.6141083033647 1.502459892603594 0
  endloop
 endfacet
 facet normal 0 0 -1
  outer loop
   vertex 18.6141083033647 1.502459892603594 0
   vertex 15.073903935740747 10.04926929049383 0
   vertex 18.726179428547773 12.484119619031848 0
  endloop
 endfacet
 facet normal 0 0 -0.9999999999999999
  outer loop
   vertex 15.62116570824605 15.081778016906236 0
   vertex 15.77645713530756 15.102222521132793 0
   vertex 13.390301722543517 14.113844587235956 0
  endloop
 endfacet
 facet normal 0 0 -1
  outer loop
   vertex 13.390301722543517 14.113844587235956 0
   vertex 13.125466653339119 14.753213003101235 0
   vertex 14.999999999999996 14.999999999999998 0
  endloop
 endfacet
 facet normal 0 0 -1
  outer loop
   vertex 13.390301722543517 14.113844587235956 0
   vertex 14.999999999999996 14.999999999999998 0
   vertex 15.62116570824605 15.081778016906236 0
  endloop
 endfacet
 facet normal 0 0 -1
  outer loop
   vertex 18.246786996898763 16.12546665333912 0
   vertex 16.5 15.401923788646684 0
   vertex 16.997056274847715 15.783328482881624 0
  endloop
 endfacet
 facet normal 0 0 -1
  outer loop
   vertex 18.246786996898763 16.12546665333912 0
   vertex 16.997056274847715 15.783328482881624 0
   vertex 17.121320343559642 15.878679656440358 0
  endloop
 endfacet
 facet normal 0 0 -1
  outer loop
   vertex 17.121320343559642 15.878679656440358 0
   vertex 18.173032607475616 16.685686860131536 0
   vertex 18.246786996898763 16.12546665333912 0
  endloop
 endfacet
 facet normal 0 0 -1
  outer loop
   vertex 14.844708572938487 15.020444504226559 0
   vertex 14.999999999999996 14.999999999999998 0
   vertex 13.125466653339119 14.753213003101235 0
  endloop
 endfacet
 facet normal 0 0 -0.9999999999999999
  outer loop
   vertex 13.125466653339119 14.753213003101235 0
   vertex 12.909229724823968 15.275255128608414 0
   vertex 14.223542864692432 15.102222521132795 0
  endloop
 endfacet
 facet normal 0 0 -1
  outer loop
   vertex 13.125466653339119 14.753213003101235 0
   vertex 14.223542864692432 15.102222521132795 0
   vertex 14.844708572938487 15.020444504226559 0
  endloop
 endfacet
 facet normal 0 0 -1
  outer loop
   vertex 18.173032607475616 16.685686860131536 0
   vertex 17.121320343559642 15.878679656440358 0
   vertex 17.502725037794583 16.37573593128807 0
  endloop
 endfacet
 facet normal 0 0 -1
  outer loop
   vertex 18.173032607475616 16.685686860131536 0
   vertex 17.502725037794583 16.37573593128807 0
   vertex 17.598076211353316 16.499999999999996 0
  endloop
 endfacet
 facet normal 0 0 -1
  outer loop
   vertex 17.598076211353316 16.499999999999996 0
   vertex 18.10969827745648 17.166758857851082 0
   vertex 18.173032607475616 16.685686860131536 0
  endloop
 endfacet
 facet normal 0 0 -0.9999999999999999
  outer loop
   vertex 14.07883429175395 15.162162774635572 0
   vertex 14.223542864692432 15.102222521132795 0
   vertex 12.909229724823968 15.275255128608414 0
  endloop
 endfacet
 facet normal 0 0 -1
  outer loop
   vertex 12.909229724823968 15.275255128608414 0
   vertex 12.723542864692437 15.723542864692435 0
   vertex 13.500000000000016 15.401923788646675 0
  endloop
 endfacet
 facet normal 0 0 -1
  outer loop
   vertex 12.909229724823968 15.275255128608414 0
   vertex 13.500000000000016 15.401923788646675 0
   vertex 14.07883429175395 15.162162774635572 0
  endloop
 endfacet
 facet normal 0 0 -1
  outer loop
   vertex 18.10969827745648 17.166758857851082 0
   vertex 17.598076211353316 16.499999999999996 0
   vertex 17.837837225364428 17.07883429175395 0
  endloop
 endfacet
 facet normal 0 0 -1
  outer loop
   vertex 18.10969827745648 17.166758857851082 0
   vertex 17.837837225364428 17.07883429175395 0
   vertex 17.89777747886721 17.22354286469244 0
  endloop
 endfacet
 facet normal 0 0 -1
  outer loop
   vertex 17.89777747886721 17.22354286469244 0
   vertex 18.052914270615126 17.598076211353316 0
   vertex 18.10969827745648 17.166758857851082 0
  endloop
 endfacet
 facet normal 0 0 -1
  outer loop
   vertex 13.37573593128807 15.497274962205418 0
   vertex 13.500000000000016 15.401923788646675 0
   vertex 12.723542864692437 15.723542864692435 0
  endloop
 endfacet
 facet normal 0 0 -1
  outer loop
   vertex 12.723542864692437 15.723542864692435 0
   vertex 12.557060580394598 16.12546665333913 0
   vertex 12.87867965644036 15.87867965644036 0
  endloop
 endfacet
 facet normal 0 0 -1
  outer loop
   vertex 12.723542864692437 15.723542864692435 0
   vertex 12.87867965644036 15.87867965644036 0
   vertex 13.37573593128807 15.497274962205418 0
  endloop
 endfacet
 facet normal 0 0 -1
  outer loop
   vertex 18.052914270615126 17.598076211353316 0
   vertex 17.89777747886721 17.22354286469244 0
   vertex 17.97955549577344 17.844708572938487 0
  endloop
 endfacet
 facet normal 0 0 -1
  outer loop
   vertex 17.97955549577344 17.844708572938487 0
   vertex 18 18 0
   vertex 18.052914270615126 17.598076211353316 0
  endloop
 endfacet
 facet normal 0 0 -1
  outer loop
   vertex 12.783328482881624 16.002943725152285 0
   vertex 12.87867965644036 15.87867965644036 0
   vertex 12.557060580394598 16.12546665333913 0
  endloop
 endfacet
 facet normal 0 0 -1
  outer loop
   vertex 12.557060580394598 16.12546665333913 0
   vertex 12.401923788646682 16.5 0
   vertex 12.783328482881624 16.002943725152285 0
  endloop
 endfacet
 facet normal 0 0 -1
  outer loop
   vertex 38.212879922796716 16.541126287429844 0
   vertex 38.212879922796716 14.664152668238032 0
   vertex 25.67524067762868 0 0
  endloop
 endfacet
 facet normal 0 0 -1
  outer loop
   vertex 25.67524067762868 0 0
   vertex 37.70629835529599 16.152412579073857 0
   vertex 38.212879922796716 16.541126287429844 0
  endloop
 endfacet
 facet normal 0 0 -1
  outer loop
   vertex 38.212879922796716 14.626170603575984 0
   vertex 25.67524067762868 0 0
   vertex 38.212879922796716 14.664152668238032 0
  endloop
 endfacet
 facet normal 0 0 -1
  outer loop
   vertex 38.212879922796716 14.616404439427267 0
   vertex 25.67524067762868 0 0
   vertex 38.212879922796716 14.626170603575984 0
  endloop
 endfacet
 facet normal 0 0 -1
  outer loop
   vertex 25.67524067762868 0 0
   vertex 38.212879922796716 14.616404439427267 0
   vertex 38.212879922796716 14.04073174607948 0
  endloop
 endfacet
 facet normal 0 0 -1
  outer loop
   vertex 38.212879922796716 14.04073174607948 0
   vertex 27.43904752305703 0 0
   vertex 25.67524067762868 0 0
  endloop
 endfacet
 facet normal 0 0 -1
  outer loop
   vertex 37.70629835529599 16.152412579073857 0
   vertex 25.67524067762868 0 0
   vertex 23.499987142575517 5.251526585925358 0
  endloop
 endfacet
 facet normal 0 0 -1
  outer loop
   vertex 20.36974495657312 0 0
   vertex 20.31731315170456 2.809374938791377 0
   vertex 23.499987142575517 5.251526585925358 0
  endloop
 endfacet
 facet normal 0 0 -1
  outer loop
   vertex 23.499987142575517 5.251526585925358 0
   vertex 25.67524067762868 0 0
   vertex 20.36974495657312 0 0
  endloop
 endfacet
 facet normal 0 0 -0.9999999999999999
  outer loop
   vertex 20.31731315170456 2.809374938791377 0
   vertex 20.36974495657312 0 0
   vertex 20.02900842139166 2.5881509384602968 0
  endloop
 endfacet
 facet normal 0 0 -1
  outer loop
   vertex 18.6141083033647 1.502459892603594 0
   vertex 19.236447567802728 0 0
   vertex 16.656064449647413 0 0
  endloop
 endfacet
 facet normal 0 0 -0.9999999999999999
  outer loop
   vertex 19.236447567802728 0 0
   vertex 19.157979394001806 1.9197868584309958 0
   vertex 20.02900842139166 2.5881509384602968 0
  endloop
 endfacet
 facet normal 0 0 -1
  outer loop
   vertex 20.02900842139166 2.5881509384602968 0
   vertex 20.36974495657312 0 0
   vertex 19.236447567802728 0 0
  endloop
 endfacet
 facet normal 0 0 -1
  outer loop
   vertex 19.157979394001806 1.9197868584309958 0
   vertex 19.236447567802728 0 0
   vertex 18.6141083033647 1.502459892603594 0
  endloop
 endfacet
 facet normal 0 0 -1
  outer loop
   vertex 38.212879922796716 13.845810799211703 0
   vertex 27.43904752305703 0 0
   vertex 38.212879922796716 14.04073174607948 0
  endloop
 endfacet
 facet normal 0 0 -1
  outer loop
   vertex 38.212879922796716 13.79608456308042 0
   vertex 27.43904752305703 0 0
   vertex 38.212879922796716 13.845810799211703 0
  endloop
 endfacet
 facet normal 0 0 -1
  outer loop
   vertex 27.43904752305703 0 0
   vertex 38.212879922796716 13.79608456308042 0
   vertex 38.212879922796716 9.386753485689193 0
  endloop
 endfacet
 facet normal 0 0 -1
  outer loop
   vertex 38.212879922796716 9.386753485689193 0
   vertex 34.32475932237132 0 0
   vertex 27.43904752305703 0 0
  endloop
 endfacet
 facet normal 0 0 -1
  outer loop
   vertex 38.212879922796716 9.17266766196729 0
   vertex 34.32475932237132 0 0
   vertex 38.212879922796716 9.386753485689193 0
  endloop
 endfacet
 facet normal 0 0 -1
  outer loop
   vertex 38.212879922796716 9.118433381724246 0
   vertex 34.32475932237132 0 0
   vertex 38.212879922796716 9.17266766196729 0
  endloop
 endfacet
 facet normal 0 0 -1
  outer loop
   vertex 38.212879922796716 9.118433381724246 0
   vertex 38.21287992279671 0 0
   vertex 34.32475932237132 0 0
  endloop
 endfacet
 facet normal 0 0 -1
  outer loop
   vertex 0.44678079357775147 34 0
   vertex 0.4467807935777512 31 0
   vertex 0 31 0
  endloop
 endfacet
 facet normal 0 0 -1
  outer loop
   vertex 0 31 0
   vertex 0 34 0
   vertex 0.44678079357775147 34 0
  endloop
 endfacet
 facet normal 0 0 -1
  outer loop
   vertex 0.4467807935777512 39.58579215804672 0
   vertex 0 40 0
   vertex 0.446780793577751 39.94743755369674 0
  endloop
 endfacet
 facet normal 0 0 -1
  outer loop
   vertex 0 40 0
   vertex 0.4467807935777512 39.58579215804672 0
   vertex 0.44678079357775147 34 0
  endloop
 endfacet
 facet normal 0 0 -1
  outer loop
   vertex 0.44678079357775147 34 0
   vertex 0 34 0
   vertex 0 40 0
  endloop
 endfacet
 facet normal 0 0 -0.9999999999999999
  outer loop
   vertex 0.446780793577751 39.94743755369674 0
   vertex 0 40 0
   vertex 0.446780793577751 40 0
  endloop
 endfacet
 facet normal 0 0 -0.9999999999999999
  outer loop
   vertex 12.452637264177 31.922188490635783 0
   vertex 11.591979556943429 34 0
   vertex 12.452637264177 34 0
  endloop
 endfacet
 facet normal 0 0 -1
  outer loop
   vertex 12.452637264177003 38.534983851273296 0
   vertex 12.452637264177 34.06899018937902 0
   vertex 11.591979556943429 34 0
  endloop
 endfacet
 facet normal 0 0 -0.9999999999999999
  outer loop
   vertex 11.591979556943429 34 0
   vertex 9.573210367365256 38.87373995678056 0
   vertex 12.452637264177003 38.534983851273296 0
  endloop
 endfacet
 facet normal 0 0 -0.9999999999999999
  outer loop
   vertex 12.452637264177 34.06899018937902 0
   vertex 12.452637264177 34 0
   vertex 11.591979556943429 34 0
  endloop
 endfacet
 facet normal 0 0 -1
  outer loop
   vertex 12.452637264177 39.468077764460496 0
   vertex 9.106698182704854 40 0
   vertex 12.452637264177 39.52079130510203 0
  endloop
 endfacet
 facet normal 0 0 -1
  outer loop
   vertex 9.106698182704854 40 0
   vertex 12.452637264177 39.468077764460496 0
   vertex 12.452637264177003 38.534983851273296 0
  endloop
 endfacet
 facet normal 0 0 -0.9999999999999999
  outer loop
   vertex 12.452637264177003 38.534983851273296 0
   vertex 9.573210367365256 38.87373995678056 0
   vertex 9.106698182704854 40 0
  endloop
 endfacet
 facet normal 0 0 -1
  outer loop
   vertex 12.452637264177 39.52079130510203 0
   vertex 9.106698182704854 40 0
   vertex 12.452637264177003 40 0
  endloop
 endfacet
 facet normal 0 0 -0.9999999999999999
  outer loop
   vertex 12.452637264177 31.857350851150358 0
   vertex 11.591979556943429 34 0
   vertex 12.452637264177 31.922188490635783 0
  endloop
 endfacet
 facet normal 0 0 -0.9999999999999999
  outer loop
   vertex 12.452637264177 31.83974381874715 0
   vertex 11.591979556943429 34 0
   vertex 12.452637264177 31.857350851150358 0
  endloop
 endfacet
 facet normal 0 0 -1
  outer loop
   vertex 12.452637264177 31.791221984589928 0
   vertex 11.591979556943429 34 0
   vertex 12.452637264177 31.83974381874715 0
  endloop
 endfacet
 facet normal 0 0 -1
  outer loop
   vertex 12.452637264177 31.733842390132473 0
   vertex 11.591979556943429 34 0
   vertex 12.452637264177 31.791221984589928 0
  endloop
 endfacet
 facet normal 0 0 -0.9999999999999999
  outer loop
   vertex 12.452637264177 31.6622514794959 0
   vertex 11.591979556943429 34 0
   vertex 12.452637264177 31.733842390132473 0
  endloop
 endfacet
 facet normal 0 0 -0.9999999999999999
  outer loop
   vertex 12.452637264177 31.56670770715138 0
   vertex 11.591979556943429 34 0
   vertex 12.452637264177 31.6622514794959 0
  endloop
 endfacet
 facet normal 0 0 -1
  outer loop
   vertex 12.452637264177 31.427060517531483 0
   vertex 11.591979556943429 34 0
   vertex 12.452637264177 31.56670770715138 0
  endloop
 endfacet
 facet normal 0 0 -1
  outer loop
   vertex 11.591979556943429 34 0
   vertex 12.452637264177 31.427060517531483 0
   vertex 12.452637264177 31 0
  endloop
 endfacet
 facet normal 0 0 -1
  outer loop
   vertex 11.591979556943429 34 0
   vertex 12.452637264177 31 0
   vertex 8.773815849595247 31 0
  endloop
 endfacet
 facet normal 0 0 -0.9999999999999999
  outer loop
   vertex 8.773815849595247 31 0
   vertex 6.471834885658359 34 0
   vertex 11.591979556943429 34 0
  endloop
 endfacet
 facet normal 0 0 -1
  outer loop
   vertex 6.471834885658359 34 0
   vertex 2.053225335726351 39.75844407814984 0
   vertex 9.573210367365256 38.87373995678056 0
  endloop
 endfacet
 facet normal 0 0 -1
  outer loop
   vertex 9.573210367365256 38.87373995678056 0
   vertex 11.591979556943429 34 0
   vertex 6.471834885658359 34 0
  endloop
 endfacet
 facet normal 0 0 -1
  outer loop
   vertex 9.106698182704854 40 0
   vertex 9.573210367365256 38.87373995678056 0
   vertex 2.053225335726351 39.75844407814984 0
  endloop
 endfacet
 facet normal 0 0 -1
  outer loop
   vertex 2.053225335726351 39.75844407814984 0
   vertex 1.8678729577845852 40 0
   vertex 9.106698182704854 40 0
  endloop
 endfacet
 facet normal 0 0 -1
  outer loop
   vertex 8.045078822539011 31 0
   vertex 6.471834885658359 34 0
   vertex 8.773815849595247 31 0
  endloop
 endfacet
 facet normal 0 0 -1
  outer loop
   vertex 7.8933584706774615 31 0
   vertex 6.471834885658359 34 0
   vertex 8.045078822539011 31 0
  endloop
 endfacet
 facet normal 0 0 -1
  outer loop
   vertex 7.856731344697729 31 0
   vertex 6.471834885658359 34 0
   vertex 7.8933584706774615 31 0
  endloop
 endfacet
 facet normal 0 0 -1
  outer loop
   vertex 5.65471283997456 31 0
   vertex 6.471834885658359 34 0
   vertex 7.856731344697729 31 0
  endloop
 endfacet
 facet normal 0 0 -1
  outer loop
   vertex 6.471834885658359 34 0
   vertex 5.65471283997456 31 0
   vertex 0.4467807935777512 31 0
  endloop
 endfacet
 facet normal 0 0 -1
  outer loop
   vertex 0.4467807935777512 31 0
   vertex 0.44678079357775147 34 0
   vertex 6.471834885658359 34 0
  endloop
 endfacet
 facet normal 0 0 -1
  outer loop
   vertex 6.471834885658359 34 0
   vertex 0.4467807935777512 39.58579215804672 0
   vertex 0.446780793577751 39.94743755369674 0
  endloop
 endfacet
 facet normal 0 0 -1
  outer loop
   vertex 0.446780793577751 39.94743755369674 0
   vertex 2.053225335726351 39.75844407814984 0
   vertex 6.471834885658359 34 0
  endloop
 endfacet
 facet normal 0 0 -1
  outer loop
   vertex 0.4467807935777512 39.58579215804672 0
   vertex 6.471834885658359 34 0
   vertex 0.44678079357775147 34 0
  endloop
 endfacet
 facet normal 0 0 -1
  outer loop
   vertex 1.8678729577845852 40 0
   vertex 2.053225335726351 39.75844407814984 0
   vertex 0.446780793577751 39.94743755369674 0
  endloop
 endfacet
 facet normal 0 0 -1
  outer loop
   vertex 0.446780793577751 39.94743755369674 0
   vertex 0.446780793577751 40 0
   vertex 1.8678729577845852 40 0
  endloop
 endfacet
 facet normal 0 0 -1
  outer loop
   vertex 21.787120077203284 34 0
   vertex 21.787120077203284 31 0
   vertex 12.834620244062716 31 0
  endloop
 endfacet
 facet normal 0 0 -1
  outer loop
   vertex 21.787120077203284 34 0
   vertex 12.834620244062716 31 0
   vertex 12.452637264177 31.922188490635783 0
  endloop
 endfacet
 facet normal 0 0 -1
  outer loop
   vertex 12.452637264177 31.922188490635783 0
   vertex 12.452637264177 34 0
   vertex 21.787120077203284 34 0
  endloop
 endfacet
 facet normal 0 0 -1
  outer loop
   vertex 21.787120077203284 37.436809402681966 0
   vertex 21.787120077203284 34.81724089533726 0
   vertex 12.452637264177 34.06899018937902 0
  endloop
 endfacet
 facet normal 0 0 -1
  outer loop
   vertex 12.452637264177 34.06899018937902 0
   vertex 12.452637264177003 38.534983851273296 0
   vertex 21.787120077203284 37.436809402681966 0
  endloop
 endfacet
 facet normal 0 0 -1
  outer loop
   vertex 12.452637264177 34 0
   vertex 12.452637264177 34.06899018937902 0
   vertex 21.787120077203284 34.81724089533726 0
  endloop
 endfacet
 facet normal 0 0 -1
  outer loop
   vertex 21.787120077203284 34.81724089533726 0
   vertex 21.787120077203284 34 0
   vertex 12.452637264177 34 0
  endloop
 endfacet
 facet normal 0 0 -0.9999999999999999
  outer loop
   vertex 21.787120077203284 38.18389747127593 0
   vertex 21.787120077203284 37.98412397910783 0
   vertex 12.452637264177 39.468077764460496 0
  endloop
 endfacet
 facet normal 0 0 -1
  outer loop
   vertex 12.452637264177 39.468077764460496 0
   vertex 12.452637264177 39.52079130510203 0
   vertex 21.787120077203284 38.18389747127593 0
  endloop
 endfacet
 facet normal 0 0 -1
  outer loop
   vertex 12.452637264177003 38.534983851273296 0
   vertex 12.452637264177 39.468077764460496 0
   vertex 21.787120077203284 37.98412397910783 0
  endloop
 endfacet
 facet normal 0 0 -1
  outer loop
   vertex 21.787120077203284 37.98412397910783 0
   vertex 21.787120077203284 37.436809402681966 0
   vertex 12.452637264177003 38.534983851273296 0
  endloop
 endfacet
 facet normal 0 0 -1
  outer loop
   vertex 21.787120077203284 40 0
   vertex 21.787120077203284 38.18389747127593 0
   vertex 12.452637264177 39.52079130510203 0
  endloop
 endfacet
 facet normal 0 0 -1
  outer loop
   vertex 12.452637264177 39.52079130510203 0
   vertex 12.452637264177003 40 0
   vertex 21.787120077203284 40 0
  endloop
 endfacet
 facet normal 0 0 -1
  outer loop
   vertex 12.834620244062716 31 0
   vertex 12.7970173126987 31 0
   vertex 12.452637264177 31.857350851150358 0
  endloop
 endfacet
 facet normal 0 0 -1
  outer loop
   vertex 12.452637264177 31.857350851150358 0
   vertex 12.452637264177 31.922188490635783 0
   vertex 12.834620244062716 31 0
  endloop
 endfacet
 facet normal 0 0 -1
  outer loop
   vertex 12.7970173126987 31 0
   vertex 12.787195728112204 31 0
   vertex 12.452637264177 31.83974381874715 0
  endloop
 endfacet
 facet normal 0 0 -1
  outer loop
   vertex 12.452637264177 31.83974381874715 0
   vertex 12.452637264177 31.857350851150358 0
   vertex 12.7970173126987 31 0
  endloop
 endfacet
 facet normal 0 0 -1
  outer loop
   vertex 12.787195728112204 31 0
   vertex 12.760939544632077 31 0
   vertex 12.452637264177 31.791221984589928 0
  endloop
 endfacet
 facet normal 0 0 -1
  outer loop
   vertex 12.452637264177 31.791221984589928 0
   vertex 12.452637264177 31.83974381874715 0
   vertex 12.787195728112204 31 0
  endloop
 endfacet
 facet normal 0 0 -1
  outer loop
   vertex 12.760939544632077 31 0
   vertex 12.73134122819614 31 0
   vertex 12.452637264177 31.733842390132473 0
  endloop
 endfacet
 facet normal 0 0 -1
  outer loop
   vertex 12.452637264177 31.733842390132473 0
   vertex 12.452637264177 31.791221984589928 0
   vertex 12.760939544632077 31 0
  endloop
 endfacet
 facet normal 0 0 -1
  outer loop
   vertex 12.73134122819614 31 0
   vertex 12.69644956261536 31 0
   vertex 12.452637264177 31.6622514794959 0
  endloop
 endfacet
 facet normal 0 0 -1
  outer loop
   vertex 12.452637264177 31.6622514794959 0
   vertex 12.452637264177 31.733842390132473 0
   vertex 12.73134122819614 31 0
  endloop
 endfacet
 facet normal 0 0 -0.9999999999999999
  outer loop
   vertex 12.69644956261536 31 0
   vertex 12.653082297986526 31 0
   vertex 12.452637264177 31.56670770715138 0
  endloop
 endfacet
 facet normal 0 0 -1
  outer loop
   vertex 12.452637264177 31.56670770715138 0
   vertex 12.452637264177 31.6622514794959 0
   vertex 12.69644956261536 31 0
  endloop
 endfacet
 facet normal 0 0 -1
  outer loop
   vertex 12.653082297986526 31 0
   vertex 12.595490575874791 31 0
   vertex 12.452637264177 31.427060517531483 0
  endloop
 endfacet
 facet normal 0 0 -1
  outer loop
   vertex 12.452637264177 31.427060517531483 0
   vertex 12.452637264177 31.56670770715138 0
   vertex 12.653082297986526 31 0
  endloop
 endfacet
 facet normal 0 0 -1
  outer loop
   vertex 12.452637264177 31.427060517531483 0
   vertex 12.595490575874791 31 0
   vertex 12.452637264177 31 0
  endloop
 endfacet
 facet normal 0 0 -1
  outer loop
   vertex 30.212879922796628 34 0
   vertex 30.212879922796624 31 0
   vertex 21.787120077203284 31 0
  endloop
 endfacet
 facet normal 0 0 -1
  outer loop
   vertex 21.787120077203284 31 0
   vertex 21.787120077203284 34 0
   vertex 30.212879922796628 34 0
  endloop
 endfacet
 facet normal 0 0 -1
  outer loop
   vertex 30.212879922796624 36.44554353849451 0
   vertex 30.212879922796624 35.492648508054884 0
   vertex 21.787120077203284 34.81724089533726 0
  endloop
 endfacet
 facet normal 0 0 -1
  outer loop
   vertex 21.787120077203284 34.81724089533726 0
   vertex 21.787120077203284 37.436809402681966 0
   vertex 30.212879922796624 36.44554353849451 0
  endloop
 endfacet
 facet normal 0 0 -1
  outer loop
   vertex 21.787120077203284 34 0
   vertex 21.787120077203284 34.81724089533726 0
   vertex 30.212879922796624 35.492648508054884 0
  endloop
 endfacet
 facet normal 0 0 -1
  outer loop
   vertex 30.212879922796624 35.492648508054884 0
   vertex 30.212879922796628 34 0
   vertex 21.787120077203284 34 0
  endloop
 endfacet
 facet normal 0 0 -1
  outer loop
   vertex 30.212879922796624 36.97715183699677 0
   vertex 30.212879922796624 36.644634853915775 0
   vertex 21.787120077203284 37.98412397910783 0
  endloop
 endfacet
 facet normal 0 0 -1
  outer loop
   vertex 21.787120077203284 37.98412397910783 0
   vertex 21.787120077203284 38.18389747127593 0
   vertex 30.212879922796624 36.97715183699677 0
  endloop
 endfacet
 facet normal 0 0 -1
  outer loop
   vertex 21.787120077203284 37.436809402681966 0
   vertex 21.787120077203284 37.98412397910783 0
   vertex 30.212879922796624 36.644634853915775 0
  endloop
 endfacet
 facet normal 0 0 -1
  outer loop
   vertex 30.212879922796624 36.644634853915775 0
   vertex 30.212879922796624 36.44554353849451 0
   vertex 21.787120077203284 37.436809402681966 0
  endloop
 endfacet
 facet normal 0 0 -1
  outer loop
   vertex 30.212879922796624 40 0
   vertex 30.212879922796624 36.97715183699677 0
   vertex 21.787120077203284 38.18389747127593 0
  endloop
 endfacet
 facet normal 0 0 -1
  outer loop
   vertex 21.787120077203284 38.18389747127593 0
   vertex 21.787120077203284 40 0
   vertex 30.212879922796624 40 0
  endloop
 endfacet
 facet normal 0 0 -1
  outer loop
   vertex 38.212879922796716 31.731025932342135 0
   vertex 36.471834885658446 34 0
   vertex 38.212879922796716 34 0
  endloop
 endfacet
 facet normal 0 0 -1
  outer loop
   vertex 38.212879922796716 35.504367067906266 0
   vertex 38.212879922796716 34.436753952422706 0
   vertex 36.471834885658446 34 0
  endloop
 endfacet
 facet normal 0 0 -1
  outer loop
   vertex 36.471834885658446 34 0
   vertex 35.03017904934951 35.87880246478241 0
   vertex 38.212879922796716 35.504367067906266 0
  endloop
 endfacet
 facet normal 0 0 -0.9999999999999999
  outer loop
   vertex 38.212879922796716 34.436753952422706 0
   vertex 38.212879922796716 34 0
   vertex 36.471834885658446 34 0
  endloop
 endfacet
 facet normal 0 0 -1
  outer loop
   vertex 38.212879922796716 35.831383947673125 0
   vertex 38.21287992279671 35.640758696305035 0
   vertex 35.03017904934951 35.87880246478241 0
  endloop
 endfacet
 facet normal 0 0 -1
  outer loop
   vertex 35.03017904934951 35.87880246478241 0
   vertex 34.678101897446794 36.337638342339716 0
   vertex 38.212879922796716 35.831383947673125 0
  endloop
 endfacet
 facet normal 0 0 -1
  outer loop
   vertex 38.21287992279671 35.640758696305035 0
   vertex 38.212879922796716 35.504367067906266 0
   vertex 35.03017904934951 35.87880246478241 0
  endloop
 endfacet
 facet normal 0 0 -0.9999999999999999
  outer loop
   vertex 38.212879922796716 39.26082995307091 0
   vertex 38.212879922796716 35.831383947673125 0
   vertex 34.678101897446794 36.337638342339716 0
  endloop
 endfacet
 facet normal 0 0 -0.9999999999999999
  outer loop
   vertex 38.212879922796716 40 0
   vertex 38.212879922796716 39.26082995307091 0
   vertex 34.678101897446794 36.337638342339716 0
  endloop
 endfacet
 facet normal 0 0 -1
  outer loop
   vertex 34.678101897446794 36.337638342339716 0
   vertex 31.867872957784712 40 0
   vertex 38.212879922796716 40 0
  endloop
 endfacet
 facet normal 0 0 -1
  outer loop
   vertex 38.212879922796716 31 0
   vertex 32.56691929787118 31 0
   vertex 36.471834885658446 34 0
  endloop
 endfacet
 facet normal 0 0 -1
  outer loop
   vertex 36.471834885658446 34 0
   vertex 38.212879922796716 31.731025932342135 0
   vertex 38.212879922796716 31 0
  endloop
 endfacet
 facet normal 0 0 -1
  outer loop
   vertex 36.471834885658446 34 0
   vertex 32.56691929787118 31 0
   vertex 30.212879922796624 31 0
  endloop
 endfacet
 facet normal 0 0 -1
  outer loop
   vertex 30.212879922796624 31 0
   vertex 30.212879922796628 34 0
   vertex 36.471834885658446 34 0
  endloop
 endfacet
 facet normal 0 0 -1
  outer loop
   vertex 30.212879922796624 35.492648508054884 0
   vertex 30.212879922796624 36.44554353849451 0
   vertex 35.03017904934951 35.87880246478241 0
  endloop
 endfacet
 facet normal 0 0 -1
  outer loop
   vertex 30.212879922796628 34 0
   vertex 30.212879922796624 35.492648508054884 0
   vertex 35.03017904934951 35.87880246478241 0
  endloop
 endfacet
 facet normal 0 0 -1
  outer loop
   vertex 35.03017904934951 35.87880246478241 0
   vertex 36.471834885658446 34 0
   vertex 30.212879922796628 34 0
  endloop
 endfacet
 facet normal 0 0 -1
  outer loop
   vertex 35.03017904934951 35.87880246478241 0
   vertex 30.212879922796624 36.644634853915775 0
   vertex 30.212879922796624 36.97715183699677 0
  endloop
 endfacet
 facet normal 0 0 -1
  outer loop
   vertex 30.212879922796624 36.97715183699677 0
   vertex 34.678101897446794 36.337638342339716 0
   vertex 35.03017904934951 35.87880246478241 0
  endloop
 endfacet
 facet normal 0 0 -1
  outer loop
   vertex 30.212879922796624 36.644634853915775 0
   vertex 35.03017904934951 35.87880246478241 0
   vertex 30.212879922796624 36.44554353849451 0
  endloop
 endfacet
 facet normal 0 0 -0.9999999999999999
  outer loop
   vertex 31.867872957784712 40 0
   vertex 34.678101897446794 36.337638342339716 0
   vertex 30.212879922796624 36.97715183699677 0
  endloop
 endfacet
 facet normal 0 0 -1
  outer loop
   vertex 30.212879922796624 36.97715183699677 0
   vertex 30.212879922796624 40 0
   vertex 31.867872957784712 40 0
  endloop
 endfacet
 facet normal 0.9914448613738125 -0.1305261922200355 -8.011056969665981e-16
  outer loop
   vertex 42.10222252113279 18.77645713530754 6
   vertex 42.081778016906235 18.62116570824605 6
   vertex 42.02044450422656 18.155291427061513 0
  endloop
 endfacet
 facet normal 0.9914448613738115 -0.13052619222004314 0
  outer loop
   vertex 42.02044450422656 18.155291427061513 0
   vertex 42.10222252113279 18.77645713530754 0
   vertex 42.10222252113279 18.77645713530754 6
  endloop
 endfacet
 facet normal 0.9914448613738032 -0.13052619222010708 4.8527808233292105e-15
  outer loop
   vertex 41.99999999999999 18.000000000000004 0
   vertex 42.02044450422656 18.155291427061513 0
   vertex 42.081778016906235 18.62116570824605 6
  endloop
 endfacet
 facet normal 0.9914448613738096 -0.13052619222005735 -3.8763178885473566e-16
  outer loop
   vertex 42.081778016906235 18.62116570824605 6
   vertex 41.99999999999999 17.999999999999986 6
   vertex 41.99999999999999 18.000000000000004 0
  endloop
 endfacet
 facet normal 0.7933533402912513 -0.6087614290086999 -1.9492341382411218e-15
  outer loop
   vertex 42.87867965644035 20.12132034355964 6
   vertex 42.78332848288162 19.997056274847715 6
   vertex 42.49727496220542 19.624264068711927 0
  endloop
 endfacet
 facet normal 0.7933533402912372 -0.608761429008718 4.356242960462756e-16
  outer loop
   vertex 42.49727496220542 19.624264068711927 0
   vertex 42.87867965644036 20.121320343559653 0
   vertex 42.87867965644035 20.12132034355964 6
  endloop
 endfacet
 facet normal 0.7933533402912376 -0.6087614290087174 -2.2150387934557193e-16
  outer loop
   vertex 42.401923788646684 19.5 0
   vertex 42.49727496220542 19.624264068711927 0
   vertex 42.78332848288162 19.997056274847715 6
  endloop
 endfacet
 facet normal 0.7933533402912355 -0.6087614290087201 1.4028579025219617e-16
  outer loop
   vertex 42.78332848288162 19.997056274847715 6
   vertex 42.40192378864669 19.50000000000001 6
   vertex 42.401923788646684 19.5 0
  endloop
 endfacet
 facet normal -0.7933533402914742 0.6087614290084091 -4.1114530183729945e-14
  outer loop
   vertex 47.49691901335052 16.368169372917233 0.12178191892910635
   vertex 47.49463282035161 16.36518994819384 0.12730127707327732
   vertex 47.12132034355965 15.878679656440367 6
  endloop
 endfacet
 facet normal -0.7933533402912385 0.6087614290087163 -4.823314849024793e-16
  outer loop
   vertex 47.12132034355965 15.878679656440367 6
   vertex 47.21667151711838 16.002943725152285 6
   vertex 47.49691901335052 16.368169372917233 0.12178191892910635
  endloop
 endfacet
 facet normal -0.7933533402912387 0.6087614290087163 -7.010244253841643e-16
  outer loop
   vertex 47.49463282035161 16.36518994819384 0.12730127707327732
   vertex 47.12132034355966 15.87867965644037 1.028557321547508
   vertex 47.12132034355965 15.878679656440367 6
  endloop
 endfacet
 facet normal -0.7933533402912399 0.6087614290087145 -7.218818012161493e-16
  outer loop
   vertex 47.21667151711838 16.002943725152285 6
   vertex 47.59807621135331 16.49999999999999 0
   vertex 47.54736273582277 16.433908911943632 0
  endloop
 endfacet
 facet normal -0.7933533402912353 0.6087614290087204 -7.244399710968713e-17
  outer loop
   vertex 47.54736273582277 16.433908911943632 0
   vertex 47.49691901335052 16.368169372917233 0.12178191892910635
   vertex 47.21667151711838 16.002943725152285 6
  endloop
 endfacet
 facet normal -0.7933533402912355 0.6087614290087201 0
  outer loop
   vertex 47.21667151711838 16.002943725152285 6
   vertex 47.59807621135331 16.49999999999999 6
   vertex 47.59807621135331 16.49999999999999 0
  endloop
 endfacet
 facet normal -0.7933533402914565 0.6087614290084321 -2.134800212833731e-14
  outer loop
   vertex 47.49463282035161 16.36518994819384 0.12730127707327732
   vertex 47.49691901335052 16.368169372917233 0.12178191892910635
   vertex 47.50272503779458 16.375735931288073 0
  endloop
 endfacet
 facet normal -0.7933533402912212 0.608761429008739 1.931991528110899e-14
  outer loop
   vertex 47.12132034355966 15.87867965644037 1.028557321547508
   vertex 47.49463282035161 16.36518994819384 0.12730127707327732
   vertex 47.50272503779458 16.375735931288073 0
  endloop
 endfacet
 facet normal -0.7933533402912399 0.6087614290087144 0
  outer loop
   vertex 47.50272503779458 16.375735931288073 0
   vertex 47.12132034355966 15.87867965644037 0
   vertex 47.12132034355966 15.87867965644037 1.028557321547508
  endloop
 endfacet
 facet normal -0.7933533402912282 0.60876142900873 8.061964426485856e-15
  outer loop
   vertex 47.54736273582277 16.433908911943632 0
   vertex 47.50272503779458 16.375735931288073 0
   vertex 47.49691901335052 16.368169372917233 0.12178191892910635
  endloop
 endfacet
 facet normal 0.38268343236508445 0.9238795325112891 -4.873085345603362e-16
  outer loop
   vertex 43.50000000000002 15.401923788646673 6
   vertex 43.644708572938484 15.341983535143907 6
   vertex 44.07883429175395 15.162162774635572 0
  endloop
 endfacet
 facet normal 0.38268343236508395 0.9238795325112891 -5.389927730742186e-16
  outer loop
   vertex 44.07883429175395 15.162162774635572 0
   vertex 43.5 15.401923788646679 0
   vertex 43.50000000000002 15.401923788646673 6
  endloop
 endfacet
 facet normal 0.3826834323650977 0.9238795325112835 6.423612501021312e-16
  outer loop
   vertex 44.22354286469244 15.102222521132791 0
   vertex 44.07883429175395 15.162162774635572 0
   vertex 43.644708572938484 15.341983535143907 6
  endloop
 endfacet
 facet normal 0.38268343236509117 0.9238795325112861 -9.59850143830797e-17
  outer loop
   vertex 43.644708572938484 15.341983535143907 6
   vertex 44.22354286469243 15.102222521132795 6
   vertex 44.22354286469244 15.102222521132791 0
  endloop
 endfacet
 facet normal 0.13052619222005366 -0.9914448613738099 -5.556055640251055e-16
  outer loop
   vertex 45.00000000000001 21 6
   vertex 44.84470857293849 20.97955549577344 6
   vertex 44.378834291753954 20.918221983093765 0
  endloop
 endfacet
 facet normal 0.13052619222004724 -0.991444861373811 1.2367299930127937e-16
  outer loop
   vertex 44.378834291753954 20.918221983093765 0
   vertex 44.999999999999986 20.999999999999996 0
   vertex 45.00000000000001 21 6
  endloop
 endfacet
 facet normal 0.13052619222005954 -0.9914448613738093 -1.0189178449896081e-15
  outer loop
   vertex 44.22354286469244 20.897777478867205 0
   vertex 44.378834291753954 20.918221983093765 0
   vertex 44.84470857293849 20.97955549577344 6
  endloop
 endfacet
 facet normal 0.13052619222004988 -0.9914448613738108 0
  outer loop
   vertex 44.84470857293849 20.97955549577344 6
   vertex 44.22354286469244 20.897777478867205 6
   vertex 44.22354286469244 20.897777478867205 0
  endloop
 endfacet
 facet normal 0.13052619222004255 0.9914448613738116 -9.118576366392112e-16
  outer loop
   vertex 44.22354286469243 15.102222521132795 6
   vertex 44.378834291753954 15.081778016906236 6
   vertex 44.84470857293849 15.020444504226559 0
  endloop
 endfacet
 facet normal 0.13052619222004708 0.991444861373811 -4.319325647238613e-16
  outer loop
   vertex 44.84470857293849 15.020444504226559 0
   vertex 44.22354286469244 15.102222521132791 0
   vertex 44.22354286469243 15.102222521132795 6
  endloop
 endfacet
 facet normal 0.13052619222006542 0.9914448613738086 8.952448456883735e-16
  outer loop
   vertex 44.99999999999999 14.999999999999998 0
   vertex 44.84470857293849 15.020444504226559 0
   vertex 44.378834291753954 15.081778016906236 6
  endloop
 endfacet
 facet normal 0.13052619222005266 0.9914448613738102 -4.485453556747786e-16
  outer loop
   vertex 44.378834291753954 15.081778016906236 6
   vertex 45 15 6
   vertex 44.99999999999999 14.999999999999998 0
  endloop
 endfacet
 facet normal 0.38268343236507835 -0.9238795325112914 1.4471586783910206e-15
  outer loop
   vertex 44.22354286469244 20.897777478867205 6
   vertex 44.07883429175395 20.837837225364428 6
   vertex 43.64470857293849 20.658016464856093 0
  endloop
 endfacet
 facet normal 0.38268343236509117 -0.9238795325112861 0
  outer loop
   vertex 43.64470857293849 20.658016464856093 0
   vertex 44.22354286469244 20.897777478867205 0
   vertex 44.22354286469244 20.897777478867205 6
  endloop
 endfacet
 facet normal 0.38268343236508495 -0.9238795325112886 8.933989800270193e-16
  outer loop
   vertex 43.499999999999986 20.59807621135331 0
   vertex 43.64470857293849 20.658016464856093 0
   vertex 44.07883429175395 20.837837225364428 6
  endloop
 endfacet
 facet normal 0.38268343236509117 -0.9238795325112861 1.919700287661594e-16
  outer loop
   vertex 44.07883429175395 20.837837225364428 6
   vertex 43.5 20.598076211353316 6
   vertex 43.499999999999986 20.59807621135331 0
  endloop
 endfacet
 facet normal 0.9238795325112901 -0.3826834323650817 -9.45083218541027e-16
  outer loop
   vertex 42.40192378864669 19.50000000000001 6
   vertex 42.34198353514391 19.355291427061513 6
   vertex 42.162162774635576 18.92116570824605 0
  endloop
 endfacet
 facet normal 0.9238795325112882 -0.3826834323650864 -4.1347390811172887e-16
  outer loop
   vertex 42.162162774635576 18.92116570824605 0
   vertex 42.401923788646684 19.5 0
   vertex 42.40192378864669 19.50000000000001 6
  endloop
 endfacet
 facet normal 0.9238795325112873 -0.38268343236508834 -3.8394005753225334e-16
  outer loop
   vertex 42.10222252113279 18.77645713530754 0
   vertex 42.162162774635576 18.92116570824605 0
   vertex 42.34198353514391 19.355291427061513 6
  endloop
 endfacet
 facet normal 0.9238795325112861 -0.3826834323650917 0
  outer loop
   vertex 42.34198353514391 19.355291427061513 6
   vertex 42.10222252113279 18.77645713530754 6
   vertex 42.10222252113279 18.77645713530754 0
  endloop
 endfacet
 facet normal -0.9238795325112901 0.3826834323650817 -9.45083218541027e-16
  outer loop
   vertex 47.59807621135331 16.49999999999999 6
   vertex 47.65801646485609 16.644708572938487 6
   vertex 47.837837225364424 17.07883429175395 0
  endloop
 endfacet
 facet normal -0.9238795325112868 0.38268343236509017 0
  outer loop
   vertex 47.837837225364424 17.07883429175395 0
   vertex 47.59807621135331 16.49999999999999 0
   vertex 47.59807621135331 16.49999999999999 6
  endloop
 endfacet
 facet normal -0.9238795325112931 0.3826834323650751 -1.513609842194767e-15
  outer loop
   vertex 47.8977774788672 17.223542864692433 0
   vertex 47.837837225364424 17.07883429175395 0
   vertex 47.65801646485609 16.644708572938487 6
  endloop
 endfacet
 facet normal -0.9238795325112866 0.38268343236508967 1.4766925289703855e-16
  outer loop
   vertex 47.65801646485609 16.644708572938487 6
   vertex 47.89777747886721 17.223542864692465 6
   vertex 47.8977774788672 17.223542864692433 0
  endloop
 endfacet
 facet normal -0.6087614290087475 0.7933533402912145 -4.124803882324052e-15
  outer loop
   vertex 46.89994336996976 15.708811130087737 1.5630086135853491
   vertex 46.85947965960394 15.677762233090277 1.6606966519344901
   vertex 46.499999999999986 15.401923788646675 6
  endloop
 endfacet
 facet normal -0.6087614290087054 0.7933533402912467 1.9070238037665163e-15
  outer loop
   vertex 46.499999999999986 15.401923788646675 6
   vertex 46.62426406871193 15.497274962205418 6
   vertex 46.89994336996976 15.708811130087737 1.5630086135853491
  endloop
 endfacet
 facet normal -0.6087614290087163 0.7933533402912383 -2.646816491404838e-17
  outer loop
   vertex 46.85947965960394 15.677762233090277 1.6606966519344901
   vertex 46.49999999999999 15.40192378864668 2.528557321547612
   vertex 46.499999999999986 15.401923788646675 6
  endloop
 endfacet
 facet normal -0.6087614290087259 0.7933533402912311 -1.143665399772503e-16
  outer loop
   vertex 47.01480974549387 15.796951200038713 1.2856966519344077
   vertex 46.89994336996976 15.708811130087737 1.5630086135853491
   vertex 46.62426406871193 15.497274962205418 6
  endloop
 endfacet
 facet normal -0.6087614290087096 0.7933533402912438 2.0556436271731064e-15
  outer loop
   vertex 47.12132034355966 15.87867965644037 1.028557321547508
   vertex 47.01480974549387 15.796951200038713 1.2856966519344077
   vertex 46.62426406871193 15.497274962205418 6
  endloop
 endfacet
 facet normal -0.6087614290087243 0.7933533402912323 -3.029757108692427e-16
  outer loop
   vertex 46.62426406871193 15.497274962205418 6
   vertex 47.12132034355965 15.878679656440367 6
   vertex 47.12132034355966 15.87867965644037 1.028557321547508
  endloop
 endfacet
 facet normal -0.6087614290087454 0.7933533402912162 -2.5984654830222916e-15
  outer loop
   vertex 46.85947965960394 15.677762233090277 1.6606966519344901
   vertex 46.89994336996976 15.708811130087737 1.5630086135853491
   vertex 46.997056274847715 15.783328482881624 0
  endloop
 endfacet
 facet normal -0.6087614290087141 0.7933533402912402 1.5215149153745812e-15
  outer loop
   vertex 46.49999999999999 15.40192378864668 2.528557321547612
   vertex 46.85947965960394 15.677762233090277 1.6606966519344901
   vertex 46.997056274847715 15.783328482881624 0
  endloop
 endfacet
 facet normal -0.6087614290087191 0.7933533402912363 -3.504035719625232e-17
  outer loop
   vertex 46.997056274847715 15.783328482881624 0
   vertex 46.5 15.401923788646686 0
   vertex 46.49999999999999 15.40192378864668 2.528557321547612
  endloop
 endfacet
 facet normal -0.6087614290087291 0.7933533402912286 -2.1666483830403422e-15
  outer loop
   vertex 46.89994336996976 15.708811130087737 1.5630086135853491
   vertex 47.01480974549387 15.796951200038713 1.2856966519344077
   vertex 47.12132034355966 15.87867965644037 0
  endloop
 endfacet
 facet normal -0.6087614290087198 0.7933533402912358 -8.50298113856598e-17
  outer loop
   vertex 47.12132034355966 15.87867965644037 0
   vertex 46.997056274847715 15.783328482881624 0
   vertex 46.89994336996976 15.708811130087737 1.5630086135853491
  endloop
 endfacet
 facet normal -0.6087614290087126 0.7933533402912414 0
  outer loop
   vertex 47.01480974549387 15.796951200038713 1.2856966519344077
   vertex 47.12132034355966 15.87867965644037 1.028557321547508
   vertex 47.12132034355966 15.87867965644037 0
  endloop
 endfacet
 facet normal 0.6087614290087063 -0.7933533402912459 1.6612790950917591e-15
  outer loop
   vertex 43.5 20.598076211353316 6
   vertex 43.37573593128807 20.502725037794583 6
   vertex 43.002943725152285 20.216671517118378 0
  endloop
 endfacet
 facet normal 0.6087614290087229 -0.7933533402912334 -5.020754598499675e-16
  outer loop
   vertex 43.002943725152285 20.216671517118378 0
   vertex 43.499999999999986 20.59807621135331 0
   vertex 43.5 20.598076211353316 6
  endloop
 endfacet
 facet normal 0.6087614290086999 -0.7933533402912513 2.311023807838906e-15
  outer loop
   vertex 42.87867965644036 20.121320343559653 0
   vertex 43.002943725152285 20.216671517118378 0
   vertex 43.37573593128807 20.502725037794583 6
  endloop
 endfacet
 facet normal 0.6087614290087208 -0.7933533402912352 -4.3562429604627764e-16
  outer loop
   vertex 43.37573593128807 20.502725037794583 6
   vertex 42.87867965644035 20.12132034355964 6
   vertex 42.87867965644036 20.121320343559653 0
  endloop
 endfacet
 facet normal -0.1305261922200623 -0.9914448613738089 1.2923074220638127e-15
  outer loop
   vertex 45.53290773457937 20.929841365758985 4.86332458479221
   vertex 45.63361042919734 20.916583604498747 4.620206773677989
   vertex 45.77645713530758 20.8977774788672 6
  endloop
 endfacet
 facet normal -0.13052619222006426 -0.9914448613738088 1.7197272933601865e-15
  outer loop
   vertex 45.77645713530758 20.8977774788672 6
   vertex 45.621165708246046 20.918221983093765 6
   vertex 45.53290773457937 20.929841365758985 4.86332458479221
  endloop
 endfacet
 facet normal -0.13052619222005005 -0.9914448613738107 0
  outer loop
   vertex 45.63361042919734 20.916583604498747 4.620206773677989
   vertex 45.77645713530758 20.8977774788672 4.275344318446319
   vertex 45.77645713530758 20.8977774788672 6
  endloop
 endfacet
 facet normal -0.13052619222006245 -0.991444861373809 1.5784584941973828e-15
  outer loop
   vertex 45.50937110336718 20.932940022042864 4.92014703907725
   vertex 45.53290773457937 20.929841365758985 4.86332458479221
   vertex 45.621165708246046 20.918221983093765 6
  endloop
 endfacet
 facet normal -0.1305261922200549 -0.9914448613738102 7.805620424993024e-16
  outer loop
   vertex 45.50937110336718 20.932940022042864 4.92014703907725
   vertex 45.621165708246046 20.918221983093765 6
   vertex 45.06208136158425 20.99182683369381 6
  endloop
 endfacet
 facet normal -0.1305261922200626 -0.991444861373809 1.178518077796445e-15
  outer loop
   vertex 45.63361042919734 20.916583604498747 4.620206773677989
   vertex 45.53290773457937 20.929841365758985 4.86332458479221
   vertex 45.15529142706151 20.97955549577344 0
  endloop
 endfacet
 facet normal -0.13052619222005027 -0.9914448613738105 -1.1258292919263605e-16
  outer loop
   vertex 45.77645713530758 20.8977774788672 4.275344318446319
   vertex 45.63361042919734 20.916583604498747 4.620206773677989
   vertex 45.15529142706151 20.97955549577344 0
  endloop
 endfacet
 facet normal -0.13052619222005105 -0.9914448613738104 0
  outer loop
   vertex 45.15529142706151 20.97955549577344 0
   vertex 45.77645713530758 20.8977774788672 0
   vertex 45.77645713530758 20.8977774788672 4.275344318446319
  endloop
 endfacet
 facet normal -0.13052619222006095 -0.9914448613738092 2.204103359985501e-15
  outer loop
   vertex 45.53290773457937 20.929841365758985 4.86332458479221
   vertex 45.50937110336718 20.932940022042864 4.92014703907725
   vertex 44.999999999999986 20.999999999999996 0
  endloop
 endfacet
 facet normal -0.1305261922200255 -0.9914448613738138 -1.746680408596396e-15
  outer loop
   vertex 44.999999999999986 20.999999999999996 0
   vertex 45.15529142706151 20.97955549577344 0
   vertex 45.53290773457937 20.929841365758985 4.86332458479221
  endloop
 endfacet
 facet normal -0.13052619222005338 -0.99144486137381 1.4074043925264891e-15
  outer loop
   vertex 44.999999999999986 20.999999999999996 0
   vertex 45.50937110336718 20.932940022042864 4.92014703907725
   vertex 45.06208136158425 20.99182683369381 6
  endloop
 endfacet
 facet normal -0.13052619222001954 -0.9914448613738147 1.0507200859927767e-15
  outer loop
   vertex 45.06208136158425 20.99182683369381 6
   vertex 45.00000000000001 21 6
   vertex 44.999999999999986 20.999999999999996 0
  endloop
 endfacet
 facet normal 0.6087614290087202 0.7933533402912355 -3.027219684389215e-16
  outer loop
   vertex 42.87867965644035 15.878679656440365 6
   vertex 43.002943725152285 15.783328482881624 6
   vertex 43.37573593128807 15.497274962205418 0
  endloop
 endfacet
 facet normal 0.6087614290087209 0.793353340291235 -2.2150387934556804e-16
  outer loop
   vertex 43.37573593128807 15.497274962205418 0
   vertex 42.878679656440355 15.878679656440358 0
   vertex 42.87867965644035 15.878679656440365 6
  endloop
 endfacet
 facet normal 0.6087614290087351 0.7933533402912243 1.1592036352417736e-15
  outer loop
   vertex 43.5 15.401923788646679 0
   vertex 43.37573593128807 15.497274962205418 0
   vertex 43.002943725152285 15.783328482881624 6
  endloop
 endfacet
 facet normal 0.6087614290087152 0.7933533402912395 -1.4619256036806945e-15
  outer loop
   vertex 43.002943725152285 15.783328482881624 6
   vertex 43.50000000000002 15.401923788646673 6
   vertex 43.5 15.401923788646679 0
  endloop
 endfacet
 facet normal -0.13052619222005007 0.9914448613738108 1.5157487678443812e-15
  outer loop
   vertex 45.062081361584255 15.008173166306193 6
   vertex 45.15529142706151 15.020444504226559 6
   vertex 45.17679485368745 15.02327548404855 5.723057131577268
  endloop
 endfacet
 facet normal -0.13052619221990522 0.9914448613738298 1.2955830819394704e-14
  outer loop
   vertex 45.186351139392734 15.02453359292931 5.6999862170216655
   vertex 45.17679485368745 15.02327548404855 5.723057131577268
   vertex 45.15529142706151 15.020444504226559 6
  endloop
 endfacet
 facet normal -0.13052619222006437 0.9914448613738088 -3.781927051821738e-15
  outer loop
   vertex 45.77645713530757 15.102222521132797 4.27534431844636
   vertex 45.186351139392734 15.02453359292931 5.6999862170216655
   vertex 45.15529142706151 15.020444504226559 6
  endloop
 endfacet
 facet normal -0.13052619222005252 0.9914448613738103 5.394214643547313e-16
  outer loop
   vertex 45.15529142706151 15.020444504226559 6
   vertex 45.776457135307574 15.102222521132797 6
   vertex 45.77645713530757 15.102222521132797 4.27534431844636
  endloop
 endfacet
 facet normal -0.13052619222004594 0.9914448613738113 7.018267643872121e-16
  outer loop
   vertex 45.621165708246046 15.081778016906236 0
   vertex 45 15 6
   vertex 45.062081361584255 15.008173166306193 6
  endloop
 endfacet
 facet normal -0.1305261922200537 0.99144486137381 -2.9016861514665514e-17
  outer loop
   vertex 45.062081361584255 15.008173166306193 6
   vertex 45.17679485368745 15.02327548404855 5.723057131577268
   vertex 45.621165708246046 15.081778016906236 0
  endloop
 endfacet
 facet normal -0.130526192220054 0.9914448613738102 -1.3843992459097947e-16
  outer loop
   vertex 45.621165708246046 15.081778016906236 0
   vertex 44.99999999999999 14.999999999999998 0
   vertex 45 15 6
  endloop
 endfacet
 facet normal -0.13052619221989661 0.9914448613738307 1.6569952882592485e-14
  outer loop
   vertex 45.17679485368745 15.02327548404855 5.723057131577268
   vertex 45.186351139392734 15.02453359292931 5.6999862170216655
   vertex 45.77645713530756 15.102222521132795 0
  endloop
 endfacet
 facet normal -0.1305261922200484 0.991444861373811 3.8897287520340326e-16
  outer loop
   vertex 45.77645713530756 15.102222521132795 0
   vertex 45.621165708246046 15.081778016906236 0
   vertex 45.17679485368745 15.02327548404855 5.723057131577268
  endloop
 endfacet
 facet normal -0.1305261922200558 0.9914448613738099 -1.9633159083771926e-16
  outer loop
   vertex 45.186351139392734 15.02453359292931 5.6999862170216655
   vertex 45.77645713530757 15.102222521132797 4.27534431844636
   vertex 45.77645713530756 15.102222521132795 0
  endloop
 endfacet
 facet normal -0.7933533402912394 -0.6087614290087149 5.071030290559776e-16
  outer loop
   vertex 47.25080502712494 19.952572618543037 0.7159536423646211
   vertex 47.26066907392909 19.93971754246898 0.6921397267901659
   vertex 47.5980762113533 19.50000000000002 6
  endloop
 endfacet
 facet normal -0.7933533402912394 -0.6087614290087151 4.862646590327869e-16
  outer loop
   vertex 47.5980762113533 19.50000000000002 6
   vertex 47.50272503779458 19.62426406871193 6
   vertex 47.25080502712494 19.952572618543037 0.7159536423646211
  endloop
 endfacet
 facet normal -0.7933533402912372 -0.6087614290087183 7.821293646398899e-17
  outer loop
   vertex 47.5980762113533 19.50000000000002 6
   vertex 47.26066907392909 19.93971754246898 0.6921397267901659
   vertex 47.54736273582277 19.566091088056368 0
  endloop
 endfacet
 facet normal -0.7933533402912177 -0.6087614290087432 -3.6007325421244955e-16
  outer loop
   vertex 47.54736273582277 19.566091088056368 0
   vertex 47.5980762113533 19.500000000000025 0
   vertex 47.5980762113533 19.50000000000002 6
  endloop
 endfacet
 facet normal -0.79335334029125 -0.6087614290087012 1.8562301600965224e-15
  outer loop
   vertex 47.1780041116706 20.047448618729202 0.8917105998076518
   vertex 47.25080502712494 19.952572618543037 0.7159536423646211
   vertex 47.50272503779458 19.62426406871193 6
  endloop
 endfacet
 facet normal -0.7933533402912297 -0.6087614290087275 -1.6188572990231203e-15
  outer loop
   vertex 47.12132034355965 20.12132034355964 1.0285573215475114
   vertex 47.1780041116706 20.047448618729202 0.8917105998076518
   vertex 47.50272503779458 19.62426406871193 6
  endloop
 endfacet
 facet normal -0.7933533402912388 -0.6087614290087157 2.673315095905221e-16
  outer loop
   vertex 47.50272503779458 19.62426406871193 6
   vertex 47.12132034355966 20.12132034355963 6
   vertex 47.12132034355965 20.12132034355964 1.0285573215475114
  endloop
 endfacet
 facet normal -0.7933533402912373 -0.6087614290087177 2.925023473561389e-15
  outer loop
   vertex 47.26066907392909 19.93971754246898 0.6921397267901659
   vertex 47.25080502712494 19.952572618543037 0.7159536423646211
   vertex 47.21667151711838 19.997056274847715 0
  endloop
 endfacet
 facet normal -0.7933533402912349 -0.608761429008721 2.500692147440979e-15
  outer loop
   vertex 47.26066907392909 19.93971754246898 0.6921397267901659
   vertex 47.21667151711838 19.997056274847715 0
   vertex 47.54736273582277 19.566091088056368 0
  endloop
 endfacet
 facet normal -0.7933533402912486 -0.608761429008703 3.469342292137513e-15
  outer loop
   vertex 47.25080502712494 19.952572618543037 0.7159536423646211
   vertex 47.1780041116706 20.047448618729202 0.8917105998076518
   vertex 47.12132034355965 20.12132034355964 0
  endloop
 endfacet
 facet normal -0.7933533402912513 -0.6087614290086999 4.702621464335218e-15
  outer loop
   vertex 47.12132034355965 20.12132034355964 0
   vertex 47.21667151711838 19.997056274847715 0
   vertex 47.25080502712494 19.952572618543037 0.7159536423646211
  endloop
 endfacet
 facet normal -0.7933533402912284 -0.6087614290087294 0
  outer loop
   vertex 47.1780041116706 20.047448618729202 0.8917105998076518
   vertex 47.12132034355965 20.12132034355964 1.0285573215475114
   vertex 47.12132034355965 20.12132034355964 0
  endloop
 endfacet
 facet normal -0.38268343236511165 0.9238795325112779 -2.0003524109487538e-15
  outer loop
   vertex 46.10299033405229 15.237477000617933 3.487023441471772
   vertex 45.99335546877215 15.192064752509948 3.751705420140051
   vertex 45.776457135307574 15.102222521132797 6
  endloop
 endfacet
 facet normal -0.3826834323651007 0.9238795325112821 -3.525761171052257e-16
  outer loop
   vertex 45.776457135307574 15.102222521132797 6
   vertex 45.92116570824605 15.162162774635572 6
   vertex 46.10299033405229 15.237477000617933 3.487023441471772
  endloop
 endfacet
 facet normal -0.3826834323650799 0.9238795325112908 1.5766482091164837e-15
  outer loop
   vertex 45.99335546877215 15.192064752509948 3.751705420140051
   vertex 45.77645713530757 15.102222521132797 4.27534431844636
   vertex 45.776457135307574 15.102222521132797 6
  endloop
 endfacet
 facet normal -0.382683432365088 0.9238795325112873 7.237416605124688e-16
  outer loop
   vertex 46.182000369708994 15.27020402895052 3.2962763418257675
   vertex 46.10299033405229 15.237477000617933 3.487023441471772
   vertex 45.92116570824605 15.162162774635572 6
  endloop
 endfacet
 facet normal -0.38268343236508484 0.9238795325112888 1.0886430629056448e-15
  outer loop
   vertex 46.49999999999999 15.40192378864668 2.528557321547612
   vertex 46.182000369708994 15.27020402895052 3.2962763418257675
   vertex 45.92116570824605 15.162162774635572 6
  endloop
 endfacet
 facet normal -0.3826834323650871 0.9238795325112878 6.380744257149121e-16
  outer loop
   vertex 45.92116570824605 15.162162774635572 6
   vertex 46.499999999999986 15.401923788646675 6
   vertex 46.49999999999999 15.40192378864668 2.528557321547612
  endloop
 endfacet
 facet normal -0.3826834323651101 0.9238795325112782 -1.3003460989152177e-15
  outer loop
   vertex 45.99335546877215 15.192064752509948 3.751705420140051
   vertex 46.10299033405229 15.237477000617933 3.487023441471772
   vertex 46.35529142706151 15.341983535143907 0
  endloop
 endfacet
 facet normal -0.3826834323650784 0.9238795325112914 2.2799453215499846e-15
  outer loop
   vertex 45.77645713530757 15.102222521132797 4.27534431844636
   vertex 45.99335546877215 15.192064752509948 3.751705420140051
   vertex 46.35529142706151 15.341983535143907 0
  endloop
 endfacet
 facet normal -0.3826834323650913 0.9238795325112862 2.5904800040299685e-16
  outer loop
   vertex 46.35529142706151 15.341983535143907 0
   vertex 45.77645713530756 15.102222521132795 0
   vertex 45.77645713530757 15.102222521132797 4.27534431844636
  endloop
 endfacet
 facet normal -0.38268343236508845 0.9238795325112873 5.134173190005039e-16
  outer loop
   vertex 46.10299033405229 15.237477000617933 3.487023441471772
   vertex 46.182000369708994 15.27020402895052 3.2962763418257675
   vertex 46.5 15.401923788646686 0
  endloop
 endfacet
 facet normal -0.38268343236508806 0.9238795325112875 5.71701036018461e-16
  outer loop
   vertex 46.5 15.401923788646686 0
   vertex 46.35529142706151 15.341983535143907 0
   vertex 46.10299033405229 15.237477000617933 3.487023441471772
  endloop
 endfacet
 facet normal -0.38268343236508523 0.9238795325112885 8.769985186040838e-16
  outer loop
   vertex 46.182000369708994 15.27020402895052 3.2962763418257675
   vertex 46.49999999999999 15.40192378864668 2.528557321547612
   vertex 46.5 15.401923788646686 0
  endloop
 endfacet
 facet normal -0.9914448613738119 0.13052619222003842 -5.703724893149408e-16
  outer loop
   vertex 47.89777747886721 17.223542864692465 6
   vertex 47.918221983093765 17.37883429175395 6
   vertex 47.97955549577344 17.844708572938487 0
  endloop
 endfacet
 facet normal -0.9914448613738093 0.13052619222005954 1.652049766785687e-15
  outer loop
   vertex 47.97955549577344 17.844708572938487 0
   vertex 47.8977774788672 17.223542864692433 0
   vertex 47.89777747886721 17.223542864692465 6
  endloop
 endfacet
 facet normal -0.9914448613738064 0.13052619222008305 2.9515391922802115e-15
  outer loop
   vertex 48 17.99999999999997 0
   vertex 47.97955549577344 17.844708572938487 0
   vertex 47.918221983093765 17.37883429175395 6
  endloop
 endfacet
 facet normal -0.9914448613738122 0.13052619222003797 -1.7923355570378946e-15
  outer loop
   vertex 47.918221983093765 17.37883429175395 6
   vertex 47.99999999999999 18 6
   vertex 48 17.99999999999997 0
  endloop
 endfacet
 facet normal -0.3826834323650656 -0.9238795325112968 -3.0222904426782332e-15
  outer loop
   vertex 46.16298671197383 20.737671685953707 3.3421793722003024
   vertex 46.22836644977055 20.710590511853912 3.184338722507091
   vertex 46.49999999999997 20.59807621135333 6
  endloop
 endfacet
 facet normal -0.3826834323650812 -0.9238795325112904 -7.167275859204001e-16
  outer loop
   vertex 46.49999999999997 20.59807621135333 6
   vertex 46.355291427061516 20.658016464856093 6
   vertex 46.16298671197383 20.737671685953707 3.3421793722003024
  endloop
 endfacet
 facet normal -0.3826834323650966 -0.9238795325112839 4.860917234963353e-16
  outer loop
   vertex 46.22836644977055 20.710590511853912 3.184338722507091
   vertex 46.49999999999999 20.59807621135332 2.5285573215475905
   vertex 46.49999999999997 20.59807621135333 6
  endloop
 endfacet
 facet normal -0.3826834323651085 -0.9238795325112792 1.604409104109952e-15
  outer loop
   vertex 46.11099440503734 20.759207604625868 3.4676999047454586
   vertex 46.16298671197383 20.737671685953707 3.3421793722003024
   vertex 46.355291427061516 20.658016464856093 6
  endloop
 endfacet
 facet normal -0.38268343236509456 -0.923879532511285 2.4551402976775387e-17
  outer loop
   vertex 45.77645713530758 20.8977774788672 4.275344318446319
   vertex 46.11099440503734 20.759207604625868 3.4676999047454586
   vertex 46.355291427061516 20.658016464856093 6
  endloop
 endfacet
 facet normal -0.38268343236509444 -0.9238795325112849 0
  outer loop
   vertex 46.355291427061516 20.658016464856093 6
   vertex 45.77645713530758 20.8977774788672 6
   vertex 45.77645713530758 20.8977774788672 4.275344318446319
  endloop
 endfacet
 facet normal -0.3826834323650641 -0.9238795325112974 -2.2602795175287325e-15
  outer loop
   vertex 46.22836644977055 20.710590511853912 3.184338722507091
   vertex 46.16298671197383 20.737671685953707 3.3421793722003024
   vertex 45.92116570824605 20.837837225364428 0
  endloop
 endfacet
 facet normal -0.38268343236509506 -0.9238795325112846 1.2503646010767614e-15
  outer loop
   vertex 46.49999999999999 20.59807621135332 2.5285573215475905
   vertex 46.22836644977055 20.710590511853912 3.184338722507091
   vertex 45.92116570824605 20.837837225364428 0
  endloop
 endfacet
 facet normal -0.38268343236508806 -0.9238795325112875 -6.30726429532533e-16
  outer loop
   vertex 45.92116570824605 20.837837225364428 0
   vertex 46.500000000000014 20.598076211353312 0
   vertex 46.49999999999999 20.59807621135332 2.5285573215475905
  endloop
 endfacet
 facet normal -0.3826834323651086 -0.9238795325112791 1.5862005568378983e-15
  outer loop
   vertex 46.16298671197383 20.737671685953707 3.3421793722003024
   vertex 46.11099440503734 20.759207604625868 3.4676999047454586
   vertex 45.77645713530758 20.8977774788672 0
  endloop
 endfacet
 facet normal -0.38268343236510705 -0.9238795325112795 1.3984084436243515e-15
  outer loop
   vertex 45.77645713530758 20.8977774788672 0
   vertex 45.92116570824605 20.837837225364428 0
   vertex 46.16298671197383 20.737671685953707 3.3421793722003024
  endloop
 endfacet
 facet normal -0.3826834323650945 -0.9238795325112847 0
  outer loop
   vertex 46.11099440503734 20.759207604625868 3.4676999047454586
   vertex 45.77645713530758 20.8977774788672 4.275344318446319
   vertex 45.77645713530758 20.8977774788672 0
  endloop
 endfacet
 facet normal -0.9914448613738152 -0.13052619222001494 2.4254674788339725e-15
  outer loop
   vertex 47.99999999999999 18 6
   vertex 47.97955549577344 18.155291427061513 6
   vertex 47.918221983093765 18.62116570824605 0
  endloop
 endfacet
 facet normal -0.9914448613738116 -0.13052619222004327 -5.556055640251095e-16
  outer loop
   vertex 47.918221983093765 18.62116570824605 0
   vertex 48 17.99999999999997 0
   vertex 47.99999999999999 18 6
  endloop
 endfacet
 facet normal -0.991444861373808 -0.13052619222006834 -1.7923355570380003e-15
  outer loop
   vertex 47.897777478867205 18.776457135307552 0
   vertex 47.918221983093765 18.62116570824605 0
   vertex 47.97955549577344 18.155291427061513 6
  endloop
 endfacet
 facet normal -0.9914448613738103 -0.1305261922200528 -1.5320684988068923e-16
  outer loop
   vertex 47.97955549577344 18.155291427061513 6
   vertex 47.897777478867205 18.776457135307545 6
   vertex 47.897777478867205 18.776457135307552 0
  endloop
 endfacet
 facet normal 0.9238795325112912 0.3826834323650789 -1.402857902521494e-16
  outer loop
   vertex 42.10222252113278 17.223542864692487 6
   vertex 42.162162774635576 17.078834291753953 6
   vertex 42.3419835351439 16.644708572938487 0
  endloop
 endfacet
 facet normal 0.9238795325112898 0.382683432365082 -4.873085345602319e-16
  outer loop
   vertex 42.3419835351439 16.644708572938487 0
   vertex 42.10222252113279 17.22354286469246 0
   vertex 42.10222252113278 17.223542864692487 6
  endloop
 endfacet
 facet normal 0.9238795325112835 0.3826834323650977 -1.7351137215402395e-15
  outer loop
   vertex 42.401923788646684 16.499999999999996 0
   vertex 42.3419835351439 16.644708572938487 0
   vertex 42.162162774635576 17.078834291753953 6
  endloop
 endfacet
 facet normal 0.9238795325112875 0.38268343236508806 -6.42361250102134e-16
  outer loop
   vertex 42.162162774635576 17.078834291753953 6
   vertex 42.40192378864669 16.49999999999999 6
   vertex 42.401923788646684 16.499999999999996 0
  endloop
 endfacet
 facet normal 0.7933533402912426 0.6087614290087107 1.2330382616904285e-15
  outer loop
   vertex 42.40192378864669 16.49999999999999 6
   vertex 42.49727496220542 16.37573593128807 6
   vertex 42.78332848288162 16.002943725152285 0
  endloop
 endfacet
 facet normal 0.7933533402912344 0.6087614290087219 -2.2150387934556942e-16
  outer loop
   vertex 42.78332848288162 16.002943725152285 0
   vertex 42.401923788646684 16.499999999999996 0
   vertex 42.40192378864669 16.49999999999999 6
  endloop
 endfacet
 facet normal 0.7933533402912376 0.6087614290087174 5.832935489433394e-16
  outer loop
   vertex 42.878679656440355 15.878679656440358 0
   vertex 42.78332848288162 16.002943725152285 0
   vertex 42.49727496220542 16.37573593128807 6
  endloop
 endfacet
 facet normal 0.7933533402912355 0.6087614290087201 2.215038793455729e-16
  outer loop
   vertex 42.49727496220542 16.37573593128807 6
   vertex 42.87867965644035 15.878679656440365 6
   vertex 42.878679656440355 15.878679656440358 0
  endloop
 endfacet
 facet normal 0.9914448613738019 0.13052619222011588 -5.469299954174751e-15
  outer loop
   vertex 41.99999999999999 17.999999999999986 6
   vertex 42.02044450422656 17.844708572938487 6
   vertex 42.081778016906235 17.378834291753954 0
  endloop
 endfacet
 facet normal 0.9914448613738093 0.1305261922200603 3.857859231935313e-16
  outer loop
   vertex 42.081778016906235 17.378834291753954 0
   vertex 41.99999999999999 18.000000000000004 0
   vertex 41.99999999999999 17.999999999999986 6
  endloop
 endfacet
 facet normal 0.9914448613738128 0.13052619222003256 1.1112111280504174e-15
  outer loop
   vertex 42.10222252113279 17.22354286469246 0
   vertex 42.081778016906235 17.378834291753954 0
   vertex 42.02044450422656 17.844708572938487 6
  endloop
 endfacet
 facet normal 0.9914448613738124 0.1305261922200371 6.331319217961353e-16
  outer loop
   vertex 42.02044450422656 17.844708572938487 6
   vertex 42.10222252113278 17.223542864692487 6
   vertex 42.10222252113279 17.22354286469246 0
  endloop
 endfacet
 facet normal -0.9238795325112967 -0.38268343236506563 1.21088787375564e-15
  outer loop
   vertex 47.897777478867205 18.776457135307545 6
   vertex 47.837837225364424 18.92116570824605 6
   vertex 47.6580164648561 19.355291427061513 0
  endloop
 endfacet
 facet normal -0.9238795325112907 -0.3826834323650804 -4.503912213359834e-16
  outer loop
   vertex 47.6580164648561 19.355291427061513 0
   vertex 47.897777478867205 18.776457135307552 0
   vertex 47.897777478867205 18.776457135307545 6
  endloop
 endfacet
 facet normal -0.9238795325112713 -0.3826834323651271 -3.994453290864336e-15
  outer loop
   vertex 47.5980762113533 19.500000000000025 0
   vertex 47.6580164648561 19.355291427061513 0
   vertex 47.837837225364424 18.92116570824605 6
  endloop
 endfacet
 facet normal -0.923879532511285 -0.38268343236509367 -2.288873419904121e-16
  outer loop
   vertex 47.837837225364424 18.92116570824605 6
   vertex 47.5980762113533 19.50000000000002 6
   vertex 47.5980762113533 19.500000000000025 0
  endloop
 endfacet
 facet normal -0.6087614290086957 -0.7933533402912543 -3.848826952880056e-15
  outer loop
   vertex 46.74466824268291 20.410335665641334 1.9378759317804812
   vertex 46.77811384656375 20.384671951154317 1.8571311012896334
   vertex 47.12132034355966 20.12132034355963 6
  endloop
 endfacet
 facet normal -0.6087614290087198 -0.7933533402912359 -3.0536283567496145e-16
  outer loop
   vertex 47.12132034355966 20.12132034355963 6
   vertex 46.997056274847715 20.216671517118378 6
   vertex 46.74466824268291 20.410335665641334 1.9378759317804812
  endloop
 endfacet
 facet normal -0.6087614290087229 -0.7933533402912333 -2.645652604798314e-16
  outer loop
   vertex 46.77811384656375 20.384671951154317 1.8571311012896334
   vertex 47.12132034355965 20.12132034355964 1.0285573215475114
   vertex 47.12132034355966 20.12132034355963 6
  endloop
 endfacet
 facet normal -0.6087614290087319 -0.7933533402912265 8.824679152390713e-16
  outer loop
   vertex 46.67456045597047 20.464131262453265 2.107131101289613
   vertex 46.74466824268291 20.410335665641334 1.9378759317804812
   vertex 46.997056274847715 20.216671517118378 6
  endloop
 endfacet
 facet normal -0.6087614290087063 -0.7933533402912462 -2.4843216758131702e-15
  outer loop
   vertex 46.49999999999999 20.59807621135332 2.5285573215475905
   vertex 46.67456045597047 20.464131262453265 2.107131101289613
   vertex 46.997056274847715 20.216671517118378 6
  endloop
 endfacet
 facet normal -0.6087614290087113 -0.7933533402912422 -1.3016718284583125e-15
  outer loop
   vertex 46.997056274847715 20.216671517118378 6
   vertex 46.49999999999997 20.59807621135333 6
   vertex 46.49999999999999 20.59807621135332 2.5285573215475905
  endloop
 endfacet
 facet normal -0.6087614290086925 -0.7933533402912568 -1.6710238120034657e-15
  outer loop
   vertex 46.77811384656375 20.384671951154317 1.8571311012896334
   vertex 46.74466824268291 20.410335665641334 1.9378759317804812
   vertex 46.62426406871193 20.50272503779458 0
  endloop
 endfacet
 facet normal -0.6087614290087195 -0.7933533402912358 1.900122142235566e-15
  outer loop
   vertex 47.12132034355965 20.12132034355964 1.0285573215475114
   vertex 46.77811384656375 20.384671951154317 1.8571311012896334
   vertex 46.62426406871193 20.50272503779458 0
  endloop
 endfacet
 facet normal -0.6087614290087171 -0.7933533402912378 0
  outer loop
   vertex 46.62426406871193 20.50272503779458 0
   vertex 47.12132034355965 20.12132034355964 0
   vertex 47.12132034355965 20.12132034355964 1.0285573215475114
  endloop
 endfacet
 facet normal -0.6087614290087325 -0.7933533402912261 4.658103142150377e-16
  outer loop
   vertex 46.74466824268291 20.410335665641334 1.9378759317804812
   vertex 46.67456045597047 20.464131262453265 2.107131101289613
   vertex 46.500000000000014 20.598076211353312 0
  endloop
 endfacet
 facet normal -0.6087614290087502 -0.7933533402912122 4.034874891972619e-15
  outer loop
   vertex 46.500000000000014 20.598076211353312 0
   vertex 46.62426406871193 20.50272503779458 0
   vertex 46.74466824268291 20.410335665641334 1.9378759317804812
  endloop
 endfacet
 facet normal -0.6087614290087069 -0.7933533402912457 -2.899754211950379e-15
  outer loop
   vertex 46.67456045597047 20.464131262453265 2.107131101289613
   vertex 46.49999999999999 20.59807621135332 2.5285573215475905
   vertex 46.500000000000014 20.598076211353312 0
  endloop
 endfacet
 facet normal 0 1 0
  outer loop
   vertex 58.13212704221454 40 5.8132127042214545
   vertex 60 40 6
   vertex 58.132127042214535 40 5.779789533268124
  endloop
 endfacet
 facet normal 0 1 0
  outer loop
   vertex 58.132127042214535 40 5.779789533268124
   vertex 60 40 6
   vertex 58.132127042214535 40 5.463596618441819
  endloop
 endfacet
 facet normal 0 1 0
  outer loop
   vertex 58.132127042214535 40 5.463596618441819
   vertex 60 40 6
   vertex 60 40 0
  endloop
 endfacet
 facet normal 0 1 0
  outer loop
   vertex 60 40 0
   vertex 58.13212704221452 40 0
   vertex 58.132127042214535 40 5.463596618441819
  endloop
 endfacet
 facet normal 0 1 0
  outer loop
   vertex 58.132127042214535 40 6
   vertex 60 40 6
   vertex 58.13212704221454 40 5.8132127042214545
  endloop
 endfacet
 facet normal 1 0 0
  outer loop
   vertex 60 32.66250175340725 0
   vertex 60 34 0
   vertex 60 32.66250175340724 0.23602910233989804
  endloop
 endfacet
 facet normal 1 0 0
  outer loop
   vertex 60 32.66250175340724 1.1006247369889133
   vertex 60 32.66250175340724 0.23602910233989804
   vertex 60 34 0
  endloop
 endfacet
 facet normal 1 0 0
  outer loop
   vertex 60 34 0
   vertex 60 34 0.8999999999999999
   vertex 60 32.66250175340724 1.1006247369889133
  endloop
 endfacet
 facet normal 1 0 0
  outer loop
   vertex 60 34 0.8999999999999999
   vertex 60 34 6
   vertex 60 32.66250175340724 6
  endloop
 endfacet
 facet normal 1 0 0
  outer loop
   vertex 60 32.66250175340724 6
   vertex 60 32.66250175340724 1.1006247369889133
   vertex 60 34 0.8999999999999999
  endloop
 endfacet
 facet normal 1 0 0
  outer loop
   vertex 60 34 0
   vertex 60 40 0
   vertex 60 34 0.8999999999999999
  endloop
 endfacet
 facet normal 1 0 0
  outer loop
   vertex 60 40 0
   vertex 60 40 6
   vertex 60 34 6
  endloop
 endfacet
 facet normal 1 0 0
  outer loop
   vertex 60 40 0
   vertex 60 34 6
   vertex 60 34 0.8999999999999999
  endloop
 endfacet
 facet normal 1 0 0
  outer loop
   vertex 60 32.66250175340724 0.23602910233989804
   vertex 60 0 6
   vertex 60 0 0
  endloop
 endfacet
 facet normal 1 0 0
  outer loop
   vertex 60 0 0
   vertex 60 32.66250175340725 0
   vertex 60 32.66250175340724 0.23602910233989804
  endloop
 endfacet
 facet normal 0.9999999999999999 0 0
  outer loop
   vertex 60 0 6
   vertex 60 32.66250175340724 0.23602910233989804
   vertex 60 32.66250175340724 1.1006247369889133
  endloop
 endfacet
 facet normal 1 0 0
  outer loop
   vertex 60 32.66250175340724 6
   vertex 60 0 6
   vertex 60 32.66250175340724 1.1006247369889133
  endloop
 endfacet
 facet normal 0 1 0
  outer loop
   vertex 45.7575837286803 40 4.32090875269409
   vertex 45.656220175485 40 4.5656220175485
   vertex 58.13212704221454 40 5.8132127042214545
  endloop
 endfacet
 facet normal 0 1 0
  outer loop
   vertex 58.13212704221454 40 5.8132127042214545
   vertex 58.132127042214535 40 5.779789533268124
   vertex 45.7575837286803 40 4.32090875269409
  endloop
 endfacet
 facet normal 0 1 0
  outer loop
   vertex 46.65007027681456 40 2.166255623952768
   vertex 45.7575837286803 40 4.32090875269409
   vertex 58.132127042214535 40 5.779789533268124
  endloop
 endfacet
 facet normal 0 0.9999999999999999 0
  outer loop
   vertex 58.132127042214535 40 5.779789533268124
   vertex 58.132127042214535 40 5.463596618441819
   vertex 46.65007027681456 40 2.166255623952768
  endloop
 endfacet
 facet normal 0 1 0
  outer loop
   vertex 58.132127042214535 40 5.463596618441819
   vertex 58.13212704221452 40 0
   vertex 47.54736273582278 40 0
  endloop
 endfacet
 facet normal 0 1 0
  outer loop
   vertex 47.54736273582278 40 0
   vertex 46.65007027681456 40 2.166255623952768
   vertex 58.132127042214535 40 5.463596618441819
  endloop
 endfacet
 facet normal 0 1 0
  outer loop
   vertex 45.656220175485 40 4.5656220175485
   vertex 45.06208136158424 40 6
   vertex 58.132127042214535 40 6
  endloop
 endfacet
 facet normal 0 1 0
  outer loop
   vertex 58.132127042214535 40 6
   vertex 58.13212704221454 40 5.8132127042214545
   vertex 45.656220175485 40 4.5656220175485
  endloop
 endfacet
 facet normal 0 1 0
  outer loop
   vertex 44.89635494692235 40 4.219375299252646
   vertex 44.896354946922344 40 4.4896354946922346
   vertex 45.656220175485 40 4.5656220175485
  endloop
 endfacet
 facet normal 0 0.9999999999999999 0
  outer loop
   vertex 45.656220175485 40 4.5656220175485
   vertex 45.7575837286803 40 4.32090875269409
   vertex 44.89635494692235 40 4.219375299252646
  endloop
 endfacet
 facet normal 0 1 0
  outer loop
   vertex 44.89635494692235 40 1.6626352736908938
   vertex 44.89635494692235 40 4.219375299252646
   vertex 45.7575837286803 40 4.32090875269409
  endloop
 endfacet
 facet normal 0 1 0
  outer loop
   vertex 45.7575837286803 40 4.32090875269409
   vertex 46.65007027681456 40 2.166255623952768
   vertex 44.89635494692235 40 1.6626352736908938
  endloop
 endfacet
 facet normal 0 1 0
  outer loop
   vertex 46.65007027681456 40 2.166255623952768
   vertex 47.54736273582278 40 0
   vertex 44.896354946922344 40 0
  endloop
 endfacet
 facet normal 0 1 0
  outer loop
   vertex 44.896354946922344 40 0
   vertex 44.89635494692235 40 1.6626352736908938
   vertex 46.65007027681456 40 2.166255623952768
  endloop
 endfacet
 facet normal 0 1 0
  outer loop
   vertex 44.896354946922344 40 4.4896354946922346
   vertex 44.89635494692235 40 6
   vertex 45.06208136158424 40 6
  endloop
 endfacet
 facet normal 0 1 0
  outer loop
   vertex 45.06208136158424 40 6
   vertex 45.656220175485 40 4.5656220175485
   vertex 44.896354946922344 40 4.4896354946922346
  endloop
 endfacet
 facet normal -0.38268343236506036 -0.9238795325112988 -2.7466481038853578e-15
  outer loop
   vertex 16.499999999999986 20.598076211353327 6
   vertex 16.355291427061513 20.658016464856093 6
   vertex 15.92116570824605 20.837837225364428 0
  endloop
 endfacet
 facet normal -0.38268343236508673 -0.923879532511288 2.2888734199042834e-16
  outer loop
   vertex 15.92116570824605 20.837837225364428 0
   vertex 16.499999999999982 20.598076211353327 0
   vertex 16.499999999999986 20.598076211353327 6
  endloop
 endfacet
 facet normal -0.3826834323651031 -0.9238795325112812 8.712485920926613e-16
  outer loop
   vertex 15.776457135307579 20.8977774788672 0
   vertex 15.92116570824605 20.837837225364428 0
   vertex 16.355291427061513 20.658016464856093 6
  endloop
 endfacet
 facet normal -0.3826834323650983 -0.9238795325112833 3.248723563735066e-16
  outer loop
   vertex 16.355291427061513 20.658016464856093 6
   vertex 15.776457135307576 20.897777478867205 6
   vertex 15.776457135307579 20.8977774788672 0
  endloop
 endfacet
 facet normal 0.9914448613738109 -0.1305261922200484 -3.710189979038253e-16
  outer loop
   vertex 12.102222521132795 18.776457135307563 6
   vertex 12.081778016906236 18.62116570824605 6
   vertex 12.020444504226559 18.155291427061513 0
  endloop
 endfacet
 facet normal 0.9914448613738105 -0.1305261922200506 -1.384399245909819e-16
  outer loop
   vertex 12.020444504226559 18.155291427061513 0
   vertex 12.102222521132793 18.776457135307556 0
   vertex 12.102222521132795 18.776457135307563 6
  endloop
 endfacet
 facet normal 0.9914448613738109 -0.1305261922200484 -3.710189979038253e-16
  outer loop
   vertex 12 18 0
   vertex 12.020444504226559 18.155291427061513 0
   vertex 12.081778016906236 18.62116570824605 6
  endloop
 endfacet
 facet normal 0.9914448613738103 -0.1305261922200519 0
  outer loop
   vertex 12.081778016906236 18.62116570824605 6
   vertex 12 18 6
   vertex 12 18 0
  endloop
 endfacet
 facet normal -0.1305261922200631 0.991444861373809 -8.269478162235444e-16
  outer loop
   vertex 15.000000000000016 15 6
   vertex 15.155291427061512 15.020444504226559 6
   vertex 15.62116570824605 15.081778016906236 0
  endloop
 endfacet
 facet normal -0.130526192220054 0.9914448613738102 1.3105646194612722e-16
  outer loop
   vertex 15.62116570824605 15.081778016906236 0
   vertex 14.999999999999996 14.999999999999998 0
   vertex 15.000000000000016 15 6
  endloop
 endfacet
 facet normal -0.13052619222004022 0.991444861373812 9.80154666104159e-16
  outer loop
   vertex 15.77645713530756 15.102222521132793 0
   vertex 15.62116570824605 15.081778016906236 0
   vertex 15.155291427061512 15.020444504226559 6
  endloop
 endfacet
 facet normal -0.13052619222004821 0.9914448613738109 1.3843992459098235e-16
  outer loop
   vertex 15.155291427061512 15.020444504226559 6
   vertex 15.776457135307552 15.102222521132791 6
   vertex 15.77645713530756 15.102222521132793 0
  endloop
 endfacet
 facet normal 0.6087614290087426 -0.7933533402912183 -2.377474971642482e-15
  outer loop
   vertex 13.499999999999995 20.598076211353316 6
   vertex 13.375735931288071 20.50272503779458 6
   vertex 13.002943725152287 20.216671517118378 0
  endloop
 endfacet
 facet normal 0.6087614290087193 -0.793353340291236 6.866620259712494e-16
  outer loop
   vertex 13.002943725152287 20.216671517118378 0
   vertex 13.50000000000001 20.598076211353323 0
   vertex 13.499999999999995 20.598076211353316 6
  endloop
 endfacet
 facet normal 0.6087614290087351 -0.7933533402912243 -1.6243617818674536e-15
  outer loop
   vertex 12.878679656440356 20.12132034355964 0
   vertex 13.002943725152287 20.216671517118378 0
   vertex 13.375735931288071 20.50272503779458 6
  endloop
 endfacet
 facet normal 0.6087614290087152 -0.7933533402912393 9.746170691205218e-16
  outer loop
   vertex 13.375735931288071 20.50272503779458 6
   vertex 12.878679656440365 20.121320343559653 6
   vertex 12.878679656440356 20.12132034355964 0
  endloop
 endfacet
 facet normal 0.6087614290087312 0.7933533402912271 5.98060474233002e-16
  outer loop
   vertex 12.878679656440353 15.878679656440365 6
   vertex 13.002943725152287 15.783328482881624 6
   vertex 13.37573593128807 15.497274962205418 0
  endloop
 endfacet
 facet normal 0.6087614290087268 0.7933533402912305 2.2150387934556914e-17
  outer loop
   vertex 13.37573593128807 15.497274962205418 0
   vertex 12.87867965644036 15.87867965644036 0
   vertex 12.878679656440353 15.878679656440365 6
  endloop
 endfacet
 facet normal 0.6087614290087 0.793353340291251 -2.480843448670057e-15
  outer loop
   vertex 13.500000000000016 15.401923788646675 0
   vertex 13.37573593128807 15.497274962205418 0
   vertex 13.002943725152287 15.783328482881624 6
  endloop
 endfacet
 facet normal 0.6087614290087212 0.7933533402912346 3.174888937286462e-16
  outer loop
   vertex 13.002943725152287 15.783328482881624 6
   vertex 13.500000000000004 15.401923788646682 6
   vertex 13.500000000000016 15.401923788646675 0
  endloop
 endfacet
 facet normal -0.13052619222004927 -0.9914448613738107 2.861091774880015e-16
  outer loop
   vertex 15.776457135307576 20.897777478867205 6
   vertex 15.62116570824605 20.918221983093765 6
   vertex 15.155291427061513 20.97955549577344 0
  endloop
 endfacet
 facet normal -0.13052619222005143 -0.9914448613738105 5.113047881560075e-16
  outer loop
   vertex 15.155291427061513 20.97955549577344 0
   vertex 15.776457135307579 20.8977774788672 0
   vertex 15.776457135307576 20.897777478867205 6
  endloop
 endfacet
 facet normal -0.13052619222003284 -0.9914448613738127 -1.0115343823447247e-15
  outer loop
   vertex 14.999999999999995 20.999999999999996 0
   vertex 15.155291427061513 20.97955549577344 0
   vertex 15.62116570824605 20.918221983093765 6
  endloop
 endfacet
 facet normal -0.13052619222005354 -0.9914448613738102 1.1665870978867004e-15
  outer loop
   vertex 15.62116570824605 20.918221983093765 6
   vertex 15.000000000000021 21 6
   vertex 14.999999999999995 20.999999999999996 0
  endloop
 endfacet
 facet normal -0.7933533402912267 -0.6087614290087318 -1.6612790950917664e-15
  outer loop
   vertex 17.598076211353316 19.5 6
   vertex 17.50272503779458 19.624264068711927 6
   vertex 17.216671517118378 19.997056274847715 0
  endloop
 endfacet
 facet normal -0.7933533402912385 -0.6087614290087163 3.544062069529078e-16
  outer loop
   vertex 17.216671517118378 19.997056274847715 0
   vertex 17.598076211353316 19.499999999999996 0
   vertex 17.598076211353316 19.5 6
  endloop
 endfacet
 facet normal -0.7933533402912132 -0.6087614290087493 -3.4037762792767527e-15
  outer loop
   vertex 17.121320343559635 20.121320343559645 0
   vertex 17.216671517118378 19.997056274847715 0
   vertex 17.50272503779458 19.624264068711927 6
  endloop
 endfacet
 facet normal -0.7933533402912382 -0.6087614290087164 9.007824426719995e-16
  outer loop
   vertex 17.50272503779458 19.624264068711927 6
   vertex 17.121320343559653 20.12132034355963 6
   vertex 17.121320343559635 20.121320343559645 0
  endloop
 endfacet
 facet normal -0.9238795325112914 0.38268343236507835 -1.2256547990454562e-15
  outer loop
   vertex 17.598076211353316 16.499999999999996 6
   vertex 17.658016464856093 16.644708572938487 6
   vertex 17.837837225364428 17.07883429175395 0
  endloop
 endfacet
 facet normal -0.9238795325112871 0.3826834323650893 0
  outer loop
   vertex 17.837837225364428 17.07883429175395 0
   vertex 17.598076211353316 16.499999999999996 0
   vertex 17.598076211353316 16.499999999999996 6
  endloop
 endfacet
 facet normal -0.9238795325112835 0.3826834323650977 4.208573707565687e-16
  outer loop
   vertex 17.89777747886721 17.22354286469244 0
   vertex 17.837837225364428 17.07883429175395 0
   vertex 17.658016464856093 16.644708572938487 6
  endloop
 endfacet
 facet normal -0.9238795325112861 0.38268343236509117 -3.248723563735005e-16
  outer loop
   vertex 17.658016464856093 16.644708572938487 6
   vertex 17.897777478867205 17.223542864692437 6
   vertex 17.89777747886721 17.22354286469244 0
  endloop
 endfacet
 facet normal -0.3826834323650857 0.9238795325112884 4.94691997205074e-16
  outer loop
   vertex 15.776457135307552 15.102222521132791 6
   vertex 15.921165708246049 15.162162774635572 6
   vertex 16.355291427061513 15.341983535143907 0
  endloop
 endfacet
 facet normal -0.3826834323650916 0.923879532511286 -1.8458656612130596e-16
  outer loop
   vertex 16.355291427061513 15.341983535143907 0
   vertex 15.77645713530756 15.102222521132793 0
   vertex 15.776457135307552 15.102222521132791 6
  endloop
 endfacet
 facet normal -0.3826834323650864 0.9238795325112882 4.356242960462858e-16
  outer loop
   vertex 16.5 15.401923788646684 0
   vertex 16.355291427061513 15.341983535143907 0
   vertex 15.921165708246049 15.162162774635572 6
  endloop
 endfacet
 facet normal -0.38268343236509106 0.9238795325112862 -9.598501438307824e-17
  outer loop
   vertex 15.921165708246049 15.162162774635572 6
   vertex 16.500000000000007 15.401923788646688 6
   vertex 16.5 15.401923788646684 0
  endloop
 endfacet
 facet normal -0.6087614290087321 0.7933533402912263 -1.233038261690403e-15
  outer loop
   vertex 16.500000000000007 15.401923788646688 6
   vertex 16.624264068711927 15.497274962205418 6
   vertex 16.997056274847715 15.783328482881624 0
  endloop
 endfacet
 facet normal -0.6087614290087209 0.793353340291235 2.510377299249771e-16
  outer loop
   vertex 16.997056274847715 15.783328482881624 0
   vertex 16.5 15.401923788646684 0
   vertex 16.500000000000007 15.401923788646688 6
  endloop
 endfacet
 facet normal -0.6087614290087245 0.7933533402912322 -4.873085345602549e-16
  outer loop
   vertex 17.121320343559642 15.878679656440358 0
   vertex 16.997056274847715 15.783328482881624 0
   vertex 16.624264068711927 15.497274962205418 6
  endloop
 endfacet
 facet normal -0.6087614290087182 0.793353340291237 3.4702274430805994e-16
  outer loop
   vertex 16.624264068711927 15.497274962205418 6
   vertex 17.12132034355964 15.878679656440353 6
   vertex 17.121320343559642 15.878679656440358 0
  endloop
 endfacet
 facet normal -0.9914448613738093 0.13052619222005954 1.0964442027605566e-15
  outer loop
   vertex 17.897777478867205 17.223542864692437 6
   vertex 17.918221983093765 17.37883429175395 6
   vertex 17.97955549577344 17.844708572938487 0
  endloop
 endfacet
 facet normal -0.9914448613738114 0.1305261922200443 -5.09458922494811e-16
  outer loop
   vertex 17.97955549577344 17.844708572938487 0
   vertex 17.89777747886721 17.22354286469244 0
   vertex 17.897777478867205 17.223542864692437 6
  endloop
 endfacet
 facet normal -0.9914448613738093 0.13052619222005954 1.0964442027605566e-15
  outer loop
   vertex 18 18 0
   vertex 17.97955549577344 17.844708572938487 0
   vertex 17.918221983093765 17.37883429175395 6
  endloop
 endfacet
 facet normal -0.9914448613738109 0.1305261922200484 -7.752635777094857e-17
  outer loop
   vertex 17.918221983093765 17.37883429175395 6
   vertex 18 18.000000000000004 6
   vertex 18 18 0
  endloop
 endfacet
 facet normal 0.3826834323650917 -0.9238795325112859 8.860155173823937e-17
  outer loop
   vertex 14.223542864692417 20.897777478867198 6
   vertex 14.07883429175395 20.837837225364428 6
   vertex 13.644708572938487 20.658016464856093 0
  endloop
 endfacet
 facet normal 0.38268343236509333 -0.9238795325112851 -9.598501438308166e-17
  outer loop
   vertex 13.644708572938487 20.658016464856093 0
   vertex 14.223542864692424 20.8977774788672 0
   vertex 14.223542864692417 20.897777478867198 6
  endloop
 endfacet
 facet normal 0.3826834323650717 -0.9238795325112942 1.7867979600544004e-15
  outer loop
   vertex 13.50000000000001 20.598076211353323 0
   vertex 13.644708572938487 20.658016464856093 0
   vertex 14.07883429175395 20.837837225364428 6
  endloop
 endfacet
 facet normal 0.38268343236508817 -0.9238795325112872 -8.121808909337449e-17
  outer loop
   vertex 14.07883429175395 20.837837225364428 6
   vertex 13.499999999999995 20.598076211353316 6
   vertex 13.50000000000001 20.598076211353323 0
  endloop
 endfacet
 facet normal -0.9914448613738089 -0.13052619222006248 -1.3290232760734319e-15
  outer loop
   vertex 18 18.000000000000004 6
   vertex 17.97955549577344 18.155291427061513 6
   vertex 17.918221983093765 18.62116570824605 0
  endloop
 endfacet
 facet normal -0.9914448613738107 -0.13052619222004913 7.752635777094898e-17
  outer loop
   vertex 17.918221983093765 18.62116570824605 0
   vertex 18 18 0
   vertex 18 18.000000000000004 6
  endloop
 endfacet
 facet normal -0.9914448613738089 -0.13052619222006248 -1.3290232760734319e-15
  outer loop
   vertex 17.897777478867205 18.77645713530756 0
   vertex 17.918221983093765 18.62116570824605 0
   vertex 17.97955549577344 18.155291427061513 6
  endloop
 endfacet
 facet normal -0.9914448613738109 -0.1305261922200484 1.5505271554189713e-16
  outer loop
   vertex 17.97955549577344 18.155291427061513 6
   vertex 17.897777478867205 18.776457135307567 6
   vertex 17.897777478867205 18.77645713530756 0
  endloop
 endfacet
 facet normal 0.13052619222006248 0.9914448613738089 7.420379958076661e-16
  outer loop
   vertex 14.22354286469244 15.102222521132797 6
   vertex 14.37883429175395 15.081778016906236 6
   vertex 14.844708572938487 15.020444504226559 0
  endloop
 endfacet
 facet normal 0.13052619222005082 0.9914448613738105 -4.873085345602465e-16
  outer loop
   vertex 14.844708572938487 15.020444504226559 0
   vertex 14.223542864692432 15.102222521132795 0
   vertex 14.22354286469244 15.102222521132797 6
  endloop
 endfacet
 facet normal 0.13052619222006248 0.9914448613738089 7.420379958076661e-16
  outer loop
   vertex 14.999999999999996 14.999999999999998 0
   vertex 14.844708572938487 15.020444504226559 0
   vertex 14.37883429175395 15.081778016906236 6
  endloop
 endfacet
 facet normal 0.1305261922200486 0.9914448613738107 -7.180417422118663e-16
  outer loop
   vertex 14.37883429175395 15.081778016906236 6
   vertex 15.000000000000016 15 6
   vertex 14.999999999999996 14.999999999999998 0
  endloop
 endfacet
 facet normal 0.9238795325112882 0.3826834323650864 3.2487235637350126e-16
  outer loop
   vertex 12.102222521132795 17.22354286469244 6
   vertex 12.162162774635572 17.078834291753953 6
   vertex 12.341983535143907 16.644708572938487 0
  endloop
 endfacet
 facet normal 0.9238795325112863 0.38268343236509084 -1.7720310347645598e-16
  outer loop
   vertex 12.341983535143907 16.644708572938487 0
   vertex 12.102222521132797 17.223542864692433 0
   vertex 12.102222521132795 17.22354286469244 6
  endloop
 endfacet
 facet normal 0.9238795325112922 0.38268343236507674 1.1444367099521117e-15
  outer loop
   vertex 12.401923788646682 16.5 0
   vertex 12.341983535143907 16.644708572938487 0
   vertex 12.162162774635572 17.078834291753953 6
  endloop
 endfacet
 facet normal 0.9238795325112874 0.38268343236508795 -1.3290232760734297e-16
  outer loop
   vertex 12.162162774635572 17.078834291753953 6
   vertex 12.401923788646679 16.50000000000001 6
   vertex 12.401923788646682 16.5 0
  endloop
 endfacet
 facet normal 0.3826834323650888 0.9238795325112873 -2.2888734199042957e-16
  outer loop
   vertex 13.500000000000004 15.401923788646682 6
   vertex 13.644708572938486 15.341983535143907 6
   vertex 14.07883429175395 15.162162774635572 0
  endloop
 endfacet
 facet normal 0.38268343236508817 0.9238795325112875 -2.9533850579410003e-16
  outer loop
   vertex 14.07883429175395 15.162162774635572 0
   vertex 13.500000000000016 15.401923788646675 0
   vertex 13.500000000000004 15.401923788646682 6
  endloop
 endfacet
 facet normal 0.3826834323650984 0.9238795325112831 5.906770115882026e-16
  outer loop
   vertex 14.223542864692432 15.102222521132795 0
   vertex 14.07883429175395 15.162162774635572 0
   vertex 13.644708572938486 15.341983535143907 6
  endloop
 endfacet
 facet normal 0.3826834323650858 0.9238795325112884 -8.417147415131549e-16
  outer loop
   vertex 13.644708572938486 15.341983535143907 6
   vertex 14.22354286469244 15.102222521132797 6
   vertex 14.223542864692432 15.102222521132795 0
  endloop
 endfacet
 facet normal 0.7933533402912409 0.6087614290087131 6.423612501021061e-16
  outer loop
   vertex 12.401923788646679 16.50000000000001 6
   vertex 12.497274962205418 16.375735931288073 6
   vertex 12.783328482881624 16.002943725152285 0
  endloop
 endfacet
 facet normal 0.7933533402912336 0.6087614290087227 -6.128273995227371e-16
  outer loop
   vertex 12.783328482881624 16.002943725152285 0
   vertex 12.401923788646682 16.5 0
   vertex 12.401923788646679 16.50000000000001 6
  endloop
 endfacet
 facet normal 0.7933533402912225 0.6087614290087372 -1.7277302588954527e-15
  outer loop
   vertex 12.87867965644036 15.87867965644036 0
   vertex 12.783328482881624 16.002943725152285 0
   vertex 12.497274962205418 16.375735931288073 6
  endloop
 endfacet
 facet normal 0.7933533402912348 0.6087614290087209 3.9870698282202803e-16
  outer loop
   vertex 12.497274962205418 16.375735931288073 6
   vertex 12.878679656440353 15.878679656440365 6
   vertex 12.87867965644036 15.87867965644036 0
  endloop
 endfacet
 facet normal 0.13052619222004191 -0.9914448613738116 2.953385057940494e-16
  outer loop
   vertex 15.000000000000021 21 6
   vertex 14.844708572938487 20.97955549577344 6
   vertex 14.37883429175395 20.918221983093765 0
  endloop
 endfacet
 facet normal 0.1305261922200447 -0.9914448613738115 7.383462644852354e-18
  outer loop
   vertex 14.37883429175395 20.918221983093765 0
   vertex 14.999999999999995 20.999999999999996 0
   vertex 15.000000000000021 21 6
  endloop
 endfacet
 facet normal 0.13052619222007156 -0.9914448613738076 -2.047065018285114e-15
  outer loop
   vertex 14.223542864692424 20.8977774788672 0
   vertex 14.37883429175395 20.918221983093765 0
   vertex 14.844708572938487 20.97955549577344 6
  endloop
 endfacet
 facet normal 0.13052619222005624 -0.9914448613738098 -4.337784303850577e-16
  outer loop
   vertex 14.844708572938487 20.97955549577344 6
   vertex 14.223542864692417 20.897777478867198 6
   vertex 14.223542864692424 20.8977774788672 0
  endloop
 endfacet
 facet normal 0.9914448613738109 0.1305261922200484 4.485453556747739e-16
  outer loop
   vertex 12 18 6
   vertex 12.020444504226559 17.844708572938487 6
   vertex 12.081778016906236 17.378834291753954 0
  endloop
 endfacet
 facet normal 0.9914448613738102 0.13052619222005266 0
  outer loop
   vertex 12.081778016906236 17.378834291753954 0
   vertex 12 18 0
   vertex 12 18 6
  endloop
 endfacet
 facet normal 0.9914448613738099 0.13052619222005366 3.137971624062057e-17
  outer loop
   vertex 12.102222521132797 17.223542864692433 0
   vertex 12.081778016906236 17.378834291753954 0
   vertex 12.020444504226559 17.844708572938487 6
  endloop
 endfacet
 facet normal 0.9914448613738102 0.13052619222005266 1.3843992459098107e-16
  outer loop
   vertex 12.020444504226559 17.844708572938487 6
   vertex 12.102222521132795 17.22354286469244 6
   vertex 12.102222521132797 17.223542864692433 0
  endloop
 endfacet
 facet normal 0.7933533402912355 -0.6087614290087202 -3.027219684389215e-16
  outer loop
   vertex 12.878679656440365 20.121320343559653 6
   vertex 12.783328482881624 19.997056274847715 6
   vertex 12.497274962205418 19.62426406871193 0
  endloop
 endfacet
 facet normal 0.7933533402912322 -0.6087614290087245 2.6580465521468445e-16
  outer loop
   vertex 12.497274962205418 19.62426406871193 0
   vertex 12.878679656440356 20.12132034355964 0
   vertex 12.878679656440365 20.121320343559653 6
  endloop
 endfacet
 facet normal 0.7933533402912432 -0.6087614290087102 -1.284722500204326e-15
  outer loop
   vertex 12.401923788646688 19.500000000000004 0
   vertex 12.497274962205418 19.62426406871193 0
   vertex 12.783328482881624 19.997056274847715 6
  endloop
 endfacet
 facet normal 0.7933533402912337 -0.6087614290087229 3.6178966959776566e-16
  outer loop
   vertex 12.783328482881624 19.997056274847715 6
   vertex 12.401923788646688 19.500000000000007 6
   vertex 12.401923788646688 19.500000000000004 0
  endloop
 endfacet
 facet normal -0.9238795325112847 -0.3826834323650944 -1.329023276073442e-16
  outer loop
   vertex 17.897777478867205 18.776457135307567 6
   vertex 17.837837225364428 18.92116570824605 6
   vertex 17.658016464856093 19.355291427061513 0
  endloop
 endfacet
 facet normal -0.9238795325112871 -0.3826834323650893 4.503912213359871e-16
  outer loop
   vertex 17.658016464856093 19.355291427061513 0
   vertex 17.897777478867205 18.77645713530756 0
   vertex 17.897777478867205 18.776457135307567 6
  endloop
 endfacet
 facet normal -0.9238795325112847 -0.3826834323650944 -1.329023276073442e-16
  outer loop
   vertex 17.598076211353316 19.499999999999996 0
   vertex 17.658016464856093 19.355291427061513 0
   vertex 17.837837225364428 18.92116570824605 6
  endloop
 endfacet
 facet normal -0.9238795325112861 -0.38268343236509117 2.2888734199042085e-16
  outer loop
   vertex 17.837837225364428 18.92116570824605 6
   vertex 17.598076211353316 19.5 6
   vertex 17.598076211353316 19.499999999999996 0
  endloop
 endfacet
 facet normal -0.7933533402912283 0.6087614290087295 6.202108621675674e-16
  outer loop
   vertex 17.12132034355964 15.878679656440353 6
   vertex 17.216671517118378 16.002943725152285 6
   vertex 17.502725037794583 16.37573593128807 0
  endloop
 endfacet
 facet normal -0.7933533402912316 0.6087614290087254 7.383462644852288e-17
  outer loop
   vertex 17.502725037794583 16.37573593128807 0
   vertex 17.121320343559642 15.878679656440358 0
   vertex 17.12132034355964 15.878679656440353 6
  endloop
 endfacet
 facet normal -0.7933533402912376 0.6087614290087174 -5.832935489433394e-16
  outer loop
   vertex 17.598076211353316 16.499999999999996 0
   vertex 17.502725037794583 16.37573593128807 0
   vertex 17.216671517118378 16.002943725152285 6
  endloop
 endfacet
 facet normal -0.7933533402912344 0.6087614290087219 0
  outer loop
   vertex 17.216671517118378 16.002943725152285 6
   vertex 17.598076211353316 16.499999999999996 6
   vertex 17.598076211353316 16.499999999999996 0
  endloop
 endfacet
 facet normal -0.6087614290087418 -0.7933533402912191 1.8163318106334913e-15
  outer loop
   vertex 17.121320343559653 20.12132034355963 6
   vertex 16.997056274847715 20.216671517118378 6
   vertex 16.62426406871193 20.502725037794583 0
  endloop
 endfacet
 facet normal -0.6087614290087273 -0.7933533402912302 -8.121808909337618e-17
  outer loop
   vertex 16.62426406871193 20.502725037794583 0
   vertex 17.121320343559635 20.121320343559645 0
   vertex 17.121320343559653 20.12132034355963 6
  endloop
 endfacet
 facet normal -0.6087614290086946 -0.7933533402912553 -2.835249655622897e-15
  outer loop
   vertex 16.499999999999982 20.598076211353327 0
   vertex 16.62426406871193 20.502725037794583 0
   vertex 16.997056274847715 20.216671517118378 6
  endloop
 endfacet
 facet normal -0.6087614290087189 -0.7933533402912366 3.6178966959775146e-16
  outer loop
   vertex 16.997056274847715 20.216671517118378 6
   vertex 16.499999999999986 20.598076211353327 6
   vertex 16.499999999999982 20.598076211353327 0
  endloop
 endfacet
 facet normal 0.9238795325112866 -0.38268343236508967 -2.6580465521466937e-16
  outer loop
   vertex 12.401923788646688 19.500000000000007 6
   vertex 12.341983535143907 19.355291427061513 6
   vertex 12.162162774635572 18.92116570824605 0
  endloop
 endfacet
 facet normal 0.923879532511285 -0.38268343236509406 2.2888734199041917e-16
  outer loop
   vertex 12.162162774635572 18.92116570824605 0
   vertex 12.401923788646688 19.500000000000004 0
   vertex 12.401923788646688 19.500000000000007 6
  endloop
 endfacet
 facet normal 0.9238795325112907 -0.38268343236508 -1.0853690087932382e-15
  outer loop
   vertex 12.102222521132793 18.776457135307556 0
   vertex 12.162162774635572 18.92116570824605 0
   vertex 12.341983535143907 19.355291427061513 6
  endloop
 endfacet
 facet normal 0.9238795325112861 -0.38268343236509117 1.7720310347645482e-16
  outer loop
   vertex 12.341983535143907 19.355291427061513 6
   vertex 12.102222521132795 18.776457135307563 6
   vertex 12.102222521132793 18.776457135307556 0
  endloop
 endfacet
 facet normal -0.9999999999999999 0 0
  outer loop
   vertex 0 27.432599990508795 0
   vertex 0 10.239161873637322 0
   vertex 0 27.432599990508784 3.690380529917256
  endloop
 endfacet
 facet normal -0.9999999999999999 0 0
  outer loop
   vertex 0 27.432599990508784 3.690380529917256
   vertex 0 10.239161873637322 0
   vertex 0 10.239161873637318 1.5358742810455976
  endloop
 endfacet
 facet normal -1 0 0
  outer loop
   vertex 0 10.239161873637318 1.5358742810455976
   vertex 0 27.43259999050878 4.1148899985763165
   vertex 0 27.432599990508784 3.690380529917256
  endloop
 endfacet
 facet normal -1 0 0
  outer loop
   vertex 0 10.239161873637318 1.5358742810455976
   vertex 0 10.239161873637318 5.7289633621684235
   vertex 0 27.432599990508777 5.273842941427708
  endloop
 endfacet
 facet normal -1 0 0
  outer loop
   vertex 0 27.432599990508777 5.273842941427708
   vertex 0 27.43259999050878 4.1148899985763165
   vertex 0 10.239161873637318 1.5358742810455976
  endloop
 endfacet
 facet normal -1 0 0
  outer loop
   vertex 0 27.43259999050878 5.348756377073425
   vertex 0 27.432599990508777 5.273842941427708
   vertex 0 10.239161873637318 5.7289633621684235
  endloop
 endfacet
 facet normal -1 0 0
  outer loop
   vertex 0 10.239161873637318 5.7289633621684235
   vertex 0 10.239161873637318 6
   vertex 0 27.43259999050878 5.348756377073425
  endloop
 endfacet
 facet normal -1 0 0
  outer loop
   vertex 0 10.239161873637318 6
   vertex 0 27.432599990508777 6
   vertex 0 27.43259999050878 5.348756377073425
  endloop
 endfacet
 facet normal -1 0 0
  outer loop
   vertex 0 10.239161873637318 1.5358742810455976
   vertex 0 10.239161873637322 0
   vertex 0 3.3374982465927494 0
  endloop
 endfacet
 facet normal -1 0 0
  outer loop
   vertex 0 3.3374982465927494 0
   vertex 0 3.337498246592749 0.5006247369889123
   vertex 0 10.239161873637318 1.5358742810455976
  endloop
 endfacet
 facet normal -1 0 0
  outer loop
   vertex 0 3.337498246592749 0.5006247369889123
   vertex 0 3.337498246592749 5.911654458178427
   vertex 0 10.239161873637318 5.7289633621684235
  endloop
 endfacet
 facet normal -1 0 0
  outer loop
   vertex 0 10.239161873637318 5.7289633621684235
   vertex 0 10.239161873637318 1.5358742810455976
   vertex 0 3.337498246592749 0.5006247369889123
  endloop
 endfacet
 facet normal -1 0 0
  outer loop
   vertex 0 10.239161873637318 6
   vertex 0 10.239161873637318 5.7289633621684235
   vertex 0 3.337498246592749 5.911654458178427
  endloop
 endfacet
 facet normal -1 0 0
  outer loop
   vertex 0 3.337498246592749 5.911654458178427
   vertex 0 3.337498246592749 6
   vertex 0 10.239161873637318 6
  endloop
 endfacet
 facet normal -1 0 0
  outer loop
   vertex 0 3.3374982465927494 0
   vertex 0 0 0
   vertex 0 3.337498246592749 0.5006247369889123
  endloop
 endfacet
 facet normal -1 0 0
  outer loop
   vertex 0 0 6
   vertex 0 3.337498246592749 5.911654458178427
   vertex 0 3.337498246592749 0.5006247369889123
  endloop
 endfacet
 facet normal -1 0 0
  outer loop
   vertex 0 3.337498246592749 0.5006247369889123
   vertex 0 0 0
   vertex 0 0 6
  endloop
 endfacet
 facet normal -1 0 0
  outer loop
   vertex 0 3.337498246592749 5.911654458178427
   vertex 0 0 6
   vertex 0 3.337498246592749 6
  endloop
 endfacet
 facet normal 0 1 0
  outer loop
   vertex 44.89635494692235 40 4.219375299252646
   vertex 39.106698182704854 40 3.5368112025074057
   vertex 39.106698182704854 40 3.9106698182704855
  endloop
 endfacet
 facet normal 0 1 0
  outer loop
   vertex 39.106698182704854 40 3.9106698182704855
   vertex 44.896354946922344 40 4.4896354946922346
   vertex 44.89635494692235 40 4.219375299252646
  endloop
 endfacet
 facet normal 0 1 0
  outer loop
   vertex 44.89635494692235 40 1.6626352736908938
   vertex 39.106698182704854 40 0
   vertex 39.106698182704854 40 3.5368112025074057
  endloop
 endfacet
 facet normal 0 1 0
  outer loop
   vertex 39.106698182704854 40 3.5368112025074057
   vertex 44.89635494692235 40 4.219375299252646
   vertex 44.89635494692235 40 1.6626352736908938
  endloop
 endfacet
 facet normal 0 1 0
  outer loop
   vertex 44.896354946922344 40 0
   vertex 39.106698182704854 40 0
   vertex 44.89635494692235 40 1.6626352736908938
  endloop
 endfacet
 facet normal 0 1 0
  outer loop
   vertex 44.896354946922344 40 4.4896354946922346
   vertex 39.106698182704854 40 3.9106698182704855
   vertex 39.106698182704854 40 6
  endloop
 endfacet
 facet normal 0 1 0
  outer loop
   vertex 39.106698182704854 40 6
   vertex 44.89635494692235 40 6
   vertex 44.896354946922344 40 4.4896354946922346
  endloop
 endfacet
 facet normal 0 1 0
  outer loop
   vertex 37.76802740489693 40 3.3789903423933927
   vertex 37.728785979664146 40 3.67705855949454
   vertex 39.106698182704854 40 3.9106698182704855
  endloop
 endfacet
 facet normal 0 1 0
  outer loop
   vertex 39.106698182704854 40 3.9106698182704855
   vertex 39.106698182704854 40 3.5368112025074057
   vertex 37.76802740489693 40 3.3789903423933927
  endloop
 endfacet
 facet normal 0 1 0
  outer loop
   vertex 37.728785979664146 40 3.67705855949454
   vertex 37.71633495315416 40 3.7716334953154163
   vertex 39.106698182704854 40 3.9106698182704855
  endloop
 endfacet
 facet normal 0 1 0
  outer loop
   vertex 37.82941014127279 40 2.9127421701161023
   vertex 37.76802740489693 40 3.3789903423933927
   vertex 39.106698182704854 40 3.5368112025074057
  endloop
 endfacet
 facet normal 0 0.9999999999999999 0
  outer loop
   vertex 37.86370330515631 40 2.6522597295095847
   vertex 37.82941014127279 40 2.9127421701161023
   vertex 39.106698182704854 40 3.5368112025074057
  endloop
 endfacet
 facet normal 0 1 0
  outer loop
   vertex 37.86370330515631 40 2.6522597295095847
   vertex 39.106698182704854 40 3.5368112025074057
   vertex 39.106698182704854 40 0
  endloop
 endfacet
 facet normal 0 1 0
  outer loop
   vertex 39.106698182704854 40 0
   vertex 38.212879922796716 40 0
   vertex 37.86370330515631 40 2.6522597295095847
  endloop
 endfacet
 facet normal 0 1 0
  outer loop
   vertex 37.71633495315416 40 3.7716334953154163
   vertex 37.50491823501524 40 5.377502901617931
   vertex 39.106698182704854 40 6
  endloop
 endfacet
 facet normal 0 1 0
  outer loop
   vertex 39.106698182704854 40 6
   vertex 39.106698182704854 40 3.9106698182704855
   vertex 37.71633495315416 40 3.7716334953154163
  endloop
 endfacet
 facet normal 0 1 0
  outer loop
   vertex 37.50491823501524 40 5.377502901617931
   vertex 37.422964937272326 40 6
   vertex 39.106698182704854 40 6
  endloop
 endfacet
 facet normal 0 0.9999999999999999 0
  outer loop
   vertex 1.8678729577845858 40 1.8520033655401793
   vertex 1.8678729577845852 40 6
   vertex 5.050742721451486 40 6
  endloop
 endfacet
 facet normal 0 1 0
  outer loop
   vertex 0.48391272277924036 40 0.04839127227792403
   vertex 0.446780793577751 40 0
   vertex 0 40 0
  endloop
 endfacet
 facet normal 0 1 0
  outer loop
   vertex 0 40 0
   vertex 1.8678729577845852 40 6
   vertex 1.8678729577845858 40 1.8520033655401793
  endloop
 endfacet
 facet normal 0 1 0
  outer loop
   vertex 1.8678729577845858 40 1.8520033655401793
   vertex 0.48391272277924036 40 0.04839127227792403
   vertex 0 40 0
  endloop
 endfacet
 facet normal 0 1 0
  outer loop
   vertex 0 40 0
   vertex 0 40 6
   vertex 1.8678729577845852 40 6
  endloop
 endfacet
 facet normal 0 1 0
  outer loop
   vertex 12.658627700529927 40 0.4973049051623821
   vertex 12.624418716969549 40 0.41471711309592374
   vertex 9.106698182704854 40 0
  endloop
 endfacet
 facet normal 0 1 0
  outer loop
   vertex 12.99073095901334 40 1.2990730959013344
   vertex 12.658627700529927 40 0.4973049051623821
   vertex 9.106698182704854 40 0
  endloop
 endfacet
 facet normal 0 1 0
  outer loop
   vertex 9.106698182704854 40 0
   vertex 9.10669818270486 40 0.9106698182704864
   vertex 12.99073095901334 40 1.2990730959013344
  endloop
 endfacet
 facet normal 0 1 0
  outer loop
   vertex 12.624418716969549 40 0.41471711309592374
   vertex 12.452637264177003 40 0
   vertex 9.106698182704854 40 0
  endloop
 endfacet
 facet normal 0 0.9999999999999999 0
  outer loop
   vertex 13.209872349907222 40 1.8281272138746454
   vertex 12.99073095901334 40 1.2990730959013344
   vertex 9.10669818270486 40 0.9106698182704864
  endloop
 endfacet
 facet normal 0 1 0
  outer loop
   vertex 14.937918638415574 40 6
   vertex 13.209872349907222 40 1.8281272138746454
   vertex 9.10669818270486 40 0.9106698182704864
  endloop
 endfacet
 facet normal 0 1 0
  outer loop
   vertex 9.10669818270486 40 0.9106698182704864
   vertex 9.106698182704854 40 6
   vertex 14.937918638415574 40 6
  endloop
 endfacet
 facet normal 0 1 0
  outer loop
   vertex 1.8678729577845852 40 0
   vertex 1.867872957784586 40 0.18678729577845865
   vertex 9.10669818270486 40 0.9106698182704864
  endloop
 endfacet
 facet normal 0 0.9999999999999999 0
  outer loop
   vertex 9.10669818270486 40 0.9106698182704864
   vertex 9.106698182704854 40 0
   vertex 1.8678729577845852 40 0
  endloop
 endfacet
 facet normal 0 1 0
  outer loop
   vertex 9.106698182704854 40 6
   vertex 9.10669818270486 40 0.9106698182704864
   vertex 1.867872957784586 40 0.18678729577845865
  endloop
 endfacet
 facet normal 0 1 0
  outer loop
   vertex 9.106698182704854 40 6
   vertex 1.867872957784586 40 0.18678729577845865
   vertex 1.8678729577845858 40 1.8520033655401793
  endloop
 endfacet
 facet normal 0 1 0
  outer loop
   vertex 1.8678729577845858 40 1.8520033655401793
   vertex 5.050742721451486 40 6
   vertex 9.106698182704854 40 6
  endloop
 endfacet
 facet normal 0 1 0
  outer loop
   vertex 0.446780793577751 40 0
   vertex 0.48391272277924036 40 0.04839127227792403
   vertex 1.867872957784586 40 0.18678729577845865
  endloop
 endfacet
 facet normal 0 1 0
  outer loop
   vertex 1.867872957784586 40 0.18678729577845865
   vertex 1.8678729577845852 40 0
   vertex 0.446780793577751 40 0
  endloop
 endfacet
 facet normal 0 1 0
  outer loop
   vertex 1.8678729577845858 40 1.8520033655401793
   vertex 1.867872957784586 40 0.18678729577845865
   vertex 0.48391272277924036 40 0.04839127227792403
  endloop
 endfacet
 facet normal 0 1 0
  outer loop
   vertex 12.624418716969549 40 0.41471711309592374
   vertex 12.658627700529927 40 0.4973049051623821
   vertex 22.0252429428867 40 1.8087227363486824
  endloop
 endfacet
 facet normal 0 1 0
  outer loop
   vertex 22.0252429428867 40 1.8087227363486824
   vertex 21.987035809663993 40 1.518510747036892
   vertex 12.624418716969549 40 0.41471711309592374
  endloop
 endfacet
 facet normal 0 1 0
  outer loop
   vertex 22.077779559218797 40 2.20777795592188
   vertex 22.0252429428867 40 1.8087227363486824
   vertex 12.658627700529927 40 0.4973049051623821
  endloop
 endfacet
 facet normal 0 1 0
  outer loop
   vertex 12.658627700529927 40 0.4973049051623821
   vertex 12.99073095901334 40 1.2990730959013344
   vertex 22.077779559218797 40 2.20777795592188
  endloop
 endfacet
 facet normal 0 1 0
  outer loop
   vertex 12.452637264177003 40 0
   vertex 12.624418716969549 40 0.41471711309592374
   vertex 21.987035809663993 40 1.518510747036892
  endloop
 endfacet
 facet normal 0 1 0
  outer loop
   vertex 21.987035809663993 40 1.518510747036892
   vertex 21.787120077203284 40 0
   vertex 12.452637264177003 40 0
  endloop
 endfacet
 facet normal 0 1 0
  outer loop
   vertex 12.99073095901334 40 1.2990730959013344
   vertex 13.209872349907222 40 1.8281272138746454
   vertex 22.295244623530063 40 3.859589112538222
  endloop
 endfacet
 facet normal 0 0.9999999999999999 0
  outer loop
   vertex 22.295244623530063 40 3.859589112538222
   vertex 22.077779559218797 40 2.20777795592188
   vertex 12.99073095901334 40 1.2990730959013344
  endloop
 endfacet
 facet normal 0 1 0
  outer loop
   vertex 22.577035062727667 40 6
   vertex 22.295244623530063 40 3.859589112538222
   vertex 13.209872349907222 40 1.8281272138746454
  endloop
 endfacet
 facet normal 0 1 0
  outer loop
   vertex 13.209872349907222 40 1.8281272138746454
   vertex 14.937918638415574 40 6
   vertex 22.577035062727667 40 6
  endloop
 endfacet
 facet normal 0 1 0
  outer loop
   vertex 21.987035809663993 40 1.518510747036892
   vertex 22.0252429428867 40 1.8087227363486824
   vertex 29.83087859673858 40 2.901588143471913
  endloop
 endfacet
 facet normal 0 1 0
  outer loop
   vertex 29.83087859673858 40 2.901588143471913
   vertex 29.890297655765796 40 2.4502555814916325
   vertex 21.987035809663993 40 1.518510747036892
  endloop
 endfacet
 facet normal 0 0.9999999999999999 0
  outer loop
   vertex 29.820288378417132 40 2.982028837841713
   vertex 29.83087859673858 40 2.901588143471913
   vertex 22.0252429428867 40 1.8087227363486824
  endloop
 endfacet
 facet normal 0 0.9999999999999999 0
  outer loop
   vertex 22.0252429428867 40 1.8087227363486824
   vertex 22.077779559218797 40 2.20777795592188
   vertex 29.820288378417132 40 2.982028837841713
  endloop
 endfacet
 facet normal 0 1 0
  outer loop
   vertex 21.787120077203284 40 0
   vertex 21.987035809663993 40 1.518510747036892
   vertex 29.890297655765796 40 2.4502555814916325
  endloop
 endfacet
 facet normal 0 1 0
  outer loop
   vertex 29.890297655765796 40 2.4502555814916325
   vertex 30.212879922796624 40 0
   vertex 21.787120077203284 40 0
  endloop
 endfacet
 facet normal 0 1 0
  outer loop
   vertex 22.077779559218797 40 2.20777795592188
   vertex 22.295244623530063 40 3.859589112538222
   vertex 29.49287790938523 40 5.4689582545400395
  endloop
 endfacet
 facet normal 0 1 0
  outer loop
   vertex 29.49287790938523 40 5.4689582545400395
   vertex 29.820288378417132 40 2.982028837841713
   vertex 22.077779559218797 40 2.20777795592188
  endloop
 endfacet
 facet normal 0 1 0
  outer loop
   vertex 29.42296493727226 40 6
   vertex 29.49287790938523 40 5.4689582545400395
   vertex 22.295244623530063 40 3.859589112538222
  endloop
 endfacet
 facet normal 0 1 0
  outer loop
   vertex 22.295244623530063 40 3.859589112538222
   vertex 22.577035062727667 40 6
   vertex 29.42296493727226 40 6
  endloop
 endfacet
 facet normal 0 1 0
  outer loop
   vertex 37.458218539148255 40 3.631186550941877
   vertex 37.57224243048824 40 3.3559085260343506
   vertex 31.867872957784712 40 2.683399264224381
  endloop
 endfacet
 facet normal 0 1 0
  outer loop
   vertex 37.412623644311736 40 3.741262364431174
   vertex 37.458218539148255 40 3.631186550941877
   vertex 31.867872957784712 40 2.683399264224381
  endloop
 endfacet
 facet normal 0 1 0
  outer loop
   vertex 31.867872957784712 40 2.683399264224381
   vertex 31.867872957784712 40 3.1867872957784713
   vertex 37.412623644311736 40 3.741262364431174
  endloop
 endfacet
 facet normal 0 1 0
  outer loop
   vertex 37.57224243048824 40 3.3559085260343506
   vertex 37.76819639749576 40 2.8828338012840007
   vertex 31.867872957784712 40 0
  endloop
 endfacet
 facet normal 0 1 0
  outer loop
   vertex 31.867872957784712 40 0
   vertex 31.867872957784712 40 2.683399264224381
   vertex 37.57224243048824 40 3.3559085260343506
  endloop
 endfacet
 facet normal 0 1 0
  outer loop
   vertex 31.867872957784712 40 0
   vertex 37.76819639749576 40 2.8828338012840007
   vertex 37.86370330515631 40 2.6522597295095847
  endloop
 endfacet
 facet normal 0 1 0
  outer loop
   vertex 37.86370330515631 40 2.6522597295095847
   vertex 38.212879922796716 40 0
   vertex 31.867872957784712 40 0
  endloop
 endfacet
 facet normal 0 1 0
  outer loop
   vertex 36.84164165794994 40 5.11973481977655
   vertex 37.412623644311736 40 3.741262364431174
   vertex 31.867872957784712 40 3.1867872957784713
  endloop
 endfacet
 facet normal 0 1 0
  outer loop
   vertex 36.47702388181659 40 6
   vertex 36.84164165794994 40 5.11973481977655
   vertex 31.867872957784712 40 3.1867872957784713
  endloop
 endfacet
 facet normal 0 1 0
  outer loop
   vertex 31.867872957784712 40 3.1867872957784713
   vertex 31.867872957784712 40 6
   vertex 36.47702388181659 40 6
  endloop
 endfacet
 facet normal 0 1 0
  outer loop
   vertex 29.890297655765796 40 2.4502555814916325
   vertex 29.83087859673858 40 2.901588143471913
   vertex 31.867872957784712 40 3.1867872957784713
  endloop
 endfacet
 facet normal 0 1 0
  outer loop
   vertex 31.867872957784712 40 3.1867872957784713
   vertex 31.867872957784712 40 2.683399264224381
   vertex 29.890297655765796 40 2.4502555814916325
  endloop
 endfacet
 facet normal 0 1 0
  outer loop
   vertex 29.83087859673858 40 2.901588143471913
   vertex 29.820288378417132 40 2.982028837841713
   vertex 31.867872957784712 40 3.1867872957784713
  endloop
 endfacet
 facet normal 0 1 0
  outer loop
   vertex 30.212879922796624 40 0
   vertex 29.890297655765796 40 2.4502555814916325
   vertex 31.867872957784712 40 2.683399264224381
  endloop
 endfacet
 facet normal 0 1 0
  outer loop
   vertex 31.867872957784712 40 2.683399264224381
   vertex 31.867872957784712 40 0
   vertex 30.212879922796624 40 0
  endloop
 endfacet
 facet normal 0 1 0
  outer loop
   vertex 29.820288378417132 40 2.982028837841713
   vertex 29.49287790938523 40 5.4689582545400395
   vertex 31.867872957784712 40 6
  endloop
 endfacet
 facet normal 0 1 0
  outer loop
   vertex 31.867872957784712 40 6
   vertex 31.867872957784712 40 3.1867872957784713
   vertex 29.820288378417132 40 2.982028837841713
  endloop
 endfacet
 facet normal 0 1 0
  outer loop
   vertex 29.49287790938523 40 5.4689582545400395
   vertex 29.42296493727226 40 6
   vertex 31.867872957784712 40 6
  endloop
 endfacet
 facet normal 0 0.9999999999999999 0
  outer loop
   vertex 37.57224243048824 40 3.3559085260343506
   vertex 37.458218539148255 40 3.631186550941877
   vertex 37.728785979664146 40 3.67705855949454
  endloop
 endfacet
 facet normal 0 1 0
  outer loop
   vertex 37.728785979664146 40 3.67705855949454
   vertex 37.76802740489693 40 3.3789903423933927
   vertex 37.57224243048824 40 3.3559085260343506
  endloop
 endfacet
 facet normal 0 1 0
  outer loop
   vertex 37.71633495315416 40 3.7716334953154163
   vertex 37.728785979664146 40 3.67705855949454
   vertex 37.458218539148255 40 3.631186550941877
  endloop
 endfacet
 facet normal 0 1 0
  outer loop
   vertex 37.458218539148255 40 3.631186550941877
   vertex 37.412623644311736 40 3.741262364431174
   vertex 37.71633495315416 40 3.7716334953154163
  endloop
 endfacet
 facet normal 0 1 0
  outer loop
   vertex 37.76802740489693 40 3.3789903423933927
   vertex 37.82941014127279 40 2.9127421701161023
   vertex 37.76819639749576 40 2.8828338012840007
  endloop
 endfacet
 facet normal 0 1 0
  outer loop
   vertex 37.76819639749576 40 2.8828338012840007
   vertex 37.57224243048824 40 3.3559085260343506
   vertex 37.76802740489693 40 3.3789903423933927
  endloop
 endfacet
 facet normal 0 1 0
  outer loop
   vertex 37.76819639749576 40 2.8828338012840007
   vertex 37.82941014127279 40 2.9127421701161023
   vertex 37.86370330515631 40 2.6522597295095847
  endloop
 endfacet
 facet normal 0 1 0
  outer loop
   vertex 37.412623644311736 40 3.741262364431174
   vertex 36.84164165794994 40 5.11973481977655
   vertex 37.50491823501524 40 5.377502901617931
  endloop
 endfacet
 facet normal 0 1 0
  outer loop
   vertex 37.50491823501524 40 5.377502901617931
   vertex 37.71633495315416 40 3.7716334953154163
   vertex 37.412623644311736 40 3.741262364431174
  endloop
 endfacet
 facet normal 0 0.9999999999999999 0
  outer loop
   vertex 37.422964937272326 40 6
   vertex 37.50491823501524 40 5.377502901617931
   vertex 36.84164165794994 40 5.11973481977655
  endloop
 endfacet
 facet normal 0 1 0
  outer loop
   vertex 36.84164165794994 40 5.11973481977655
   vertex 36.47702388181659 40 6
   vertex 37.422964937272326 40 6
  endloop
 endfacet
 facet normal -1 0 0
  outer loop
   vertex 0 27.432599990508784 3.690380529917256
   vertex 0 31 4.456083320014514
   vertex 0 31 0
  endloop
 endfacet
 facet normal -1 0 0
  outer loop
   vertex 0 31 0
   vertex 0 27.432599990508795 0
   vertex 0 27.432599990508784 3.690380529917256
  endloop
 endfacet
 facet normal -1 0 0
  outer loop
   vertex 0 27.432599990508784 3.690380529917256
   vertex 0 27.43259999050878 4.1148899985763165
   vertex 0 31 4.6499999999999995
  endloop
 endfacet
 facet normal -1 0 0
  outer loop
   vertex 0 31 4.6499999999999995
   vertex 0 31 4.456083320014514
   vertex 0 27.432599990508784 3.690380529917256
  endloop
 endfacet
 facet normal -1 0 0
  outer loop
   vertex 0 27.43259999050878 4.1148899985763165
   vertex 0 27.432599990508777 5.273842941427708
   vertex 0 31 5.179411764705882
  endloop
 endfacet
 facet normal -1 0 0
  outer loop
   vertex 0 31 5.179411764705882
   vertex 0 31 4.6499999999999995
   vertex 0 27.43259999050878 4.1148899985763165
  endloop
 endfacet
 facet normal -1 0 0
  outer loop
   vertex 0 27.43259999050878 5.348756377073425
   vertex 0 31 5.213632355291556
   vertex 0 31 5.179411764705882
  endloop
 endfacet
 facet normal -0.9999999999999999 0 0
  outer loop
   vertex 0 31 5.179411764705882
   vertex 0 27.432599990508777 5.273842941427708
   vertex 0 27.43259999050878 5.348756377073425
  endloop
 endfacet
 facet normal -1 0 0
  outer loop
   vertex 0 27.43259999050878 5.348756377073425
   vertex 0 27.432599990508777 6
   vertex 0 31 6
  endloop
 endfacet
 facet normal -1 0 0
  outer loop
   vertex 0 31 6
   vertex 0 31 5.213632355291556
   vertex 0 27.43259999050878 5.348756377073425
  endloop
 endfacet
 facet normal -1 0 0
  outer loop
   vertex 0 31 0
   vertex 0 31 4.456083320014514
   vertex 0 34 5.1
  endloop
 endfacet
 facet normal -1 0 0
  outer loop
   vertex 0 34 5.1
   vertex 0 34 0
   vertex 0 31 0
  endloop
 endfacet
 facet normal -1 0 0
  outer loop
   vertex 0 31 4.6499999999999995
   vertex 0 34 5.1
   vertex 0 31 4.456083320014514
  endloop
 endfacet
 facet normal -1 0 0
  outer loop
   vertex 0 31 5.179411764705882
   vertex 0 34 5.1
   vertex 0 31 4.6499999999999995
  endloop
 endfacet
 facet normal -1 0 0
  outer loop
   vertex 0 31 5.213632355291556
   vertex 0 34 5.1
   vertex 0 31 5.179411764705882
  endloop
 endfacet
 facet normal -1 0 0
  outer loop
   vertex 0 31 5.213632355291556
   vertex 0 31 6
   vertex 0 34 6
  endloop
 endfacet
 facet normal -1 0 0
  outer loop
   vertex 0 34 6
   vertex 0 34 5.1
   vertex 0 31 5.213632355291556
  endloop
 endfacet
 facet normal -1 0 0
  outer loop
   vertex 0 34 5.1
   vertex 0 40 6
   vertex 0 40 0
  endloop
 endfacet
 facet normal -1 0 0
  outer loop
   vertex 0 40 0
   vertex 0 34 0
   vertex 0 34 5.1
  endloop
 endfacet
 facet normal -1 0 0
  outer loop
   vertex 0 34 6
   vertex 0 40 6
   vertex 0 34 5.1
  endloop
 endfacet
endsolid sketchbench
