solid sketchbench
 facet normal -1 0 0
  outer loop
   vertex -4.440892098500626e-16 2 30
   vertex -4.440892098500626e-16 58 0
   vertex -4.440892098500626e-16 2 0
  endloop
 endfacet
 facet normal -1 0 0
  outer loop
   vertex -4.440892098500626e-16 2 30
   vertex -4.440892098500626e-16 58 30
   vertex -4.440892098500626e-16 58 0
  endloop
 endfacet
 facet normal 0 0 1
  outer loop
   vertex 1.3819659948349 0.09788696467876434 30
   vertex 1 0.2679491937160492 30
   vertex 1.1865266561508179 0.17290908098220825 30
  endloop
 endfacet
 facet normal 0 0 1
  outer loop
   vertex 2 -4.440892098500626e-16 30
   vertex 0.3819660246372223 0.8244295120239258 30
   vertex 0.5137103199958801 0.6617388129234314 30
  endloop
 endfacet
 facet normal 0 0 1
  outer loop
   vertex 2 -4.440892098500626e-16 30
   vertex 0.5137103199958801 0.6617388129234314 30
   vertex 0.6617388129234314 0.5137103199958801 30
  endloop
 endfacet
 facet normal 0 0 1
  outer loop
   vertex 2 -4.440892098500626e-16 30
   vertex 0.6617388129234314 0.5137103199958801 30
   vertex 0.8244295120239258 0.3819660246372223 30
  endloop
 endfacet
 facet normal 0 0 1
  outer loop
   vertex 2 -4.440892098500626e-16 30
   vertex 0.8244295120239258 0.3819660246372223 30
   vertex 1 0.2679491937160492 30
  endloop
 endfacet
 facet normal 0 0 0.9999999999999999
  outer loop
   vertex 2 -4.440892098500626e-16 30
   vertex 1.3819659948349 0.09788696467876434 30
   vertex 1.5841766595840454 0.0437048003077507 30
  endloop
 endfacet
 facet normal 0 0 1
  outer loop
   vertex 2 -4.440892098500626e-16 30
   vertex 1.5841766595840454 0.0437048003077507 30
   vertex 1.7909430265426636 0.010956209152936935 30
  endloop
 endfacet
 facet normal 0 0 1
  outer loop
   vertex 2 -4.440892098500626e-16 30
   vertex 1 0.2679491937160492 30
   vertex 1.3819659948349 0.09788696467876434 30
  endloop
 endfacet
 facet normal 0 0 1
  outer loop
   vertex -4.440892098500626e-16 2 30
   vertex 0.010956209152936935 1.7909430265426636 30
   vertex 0.0437048003077507 1.5841766595840454 30
  endloop
 endfacet
 facet normal 0 0 0.9999999999999999
  outer loop
   vertex -4.440892098500626e-16 2 30
   vertex 0.0437048003077507 1.5841766595840454 30
   vertex 0.09788696467876434 1.3819659948349 30
  endloop
 endfacet
 facet normal 0 0 1
  outer loop
   vertex -4.440892098500626e-16 2 30
   vertex 0.09788696467876434 1.3819659948349 30
   vertex 0.17290908098220825 1.1865266561508179 30
  endloop
 endfacet
 facet normal 0 0 1
  outer loop
   vertex -4.440892098500626e-16 2 30
   vertex 0.17290908098220825 1.1865266561508179 30
   vertex 0.2679491937160492 1 30
  endloop
 endfacet
 facet normal 0 0 1
  outer loop
   vertex -4.440892098500626e-16 2 30
   vertex 0.2679491937160492 1 30
   vertex 0.3819660246372223 0.8244295120239258 30
  endloop
 endfacet
 facet normal 0 0 1
  outer loop
   vertex -4.440892098500626e-16 2 30
   vertex 0.3819660246372223 0.8244295120239258 30
   vertex 2 -4.440892098500626e-16 30
  endloop
 endfacet
 facet normal 0 0 1
  outer loop
   vertex 3.5137102603912354 3.661738872528076 30
   vertex -4.440892098500626e-16 2 30
   vertex 2 -4.440892098500626e-16 30
  endloop
 endfacet
 facet normal 0 0 1
  outer loop
   vertex 3.5137102603912354 3.661738872528076 30
   vertex 2 -4.440892098500626e-16 30
   vertex 3.661738872528076 3.5137102603912354 30
  endloop
 endfacet
 facet normal 0 0 0.9999999999999999
  outer loop
   vertex 3.824429512023926 3.3819661140441895 30
   vertex 3.661738872528076 3.5137102603912354 30
   vertex 2 -4.440892098500626e-16 30
  endloop
 endfacet
 facet normal 0 0 0.9999999999999999
  outer loop
   vertex 3.3819661140441895 3.824429512023926 30
   vertex -4.440892098500626e-16 2 30
   vertex 3.5137102603912354 3.661738872528076 30
  endloop
 endfacet
 facet normal 0 0 1
  outer loop
   vertex 4 3.267949104309082 30
   vertex 3.824429512023926 3.3819661140441895 30
   vertex 2 -4.440892098500626e-16 30
  endloop
 endfacet
 facet normal 0 0 1
  outer loop
   vertex 3.267949104309082 4 30
   vertex -4.440892098500626e-16 2 30
   vertex 3.3819661140441895 3.824429512023926 30
  endloop
 endfacet
 facet normal 0 0 1
  outer loop
   vertex 3.1729090213775635 4.186526775360107 30
   vertex -4.440892098500626e-16 2 30
   vertex 3.267949104309082 4 30
  endloop
 endfacet
 facet normal 0 0 1
  outer loop
   vertex 4.186526775360107 3.1729090213775635 30
   vertex 4 3.267949104309082 30
   vertex 2 -4.440892098500626e-16 30
  endloop
 endfacet
 facet normal 0 0 0.9999999999999999
  outer loop
   vertex 3.0978870391845703 4.3819661140441895 30
   vertex -4.440892098500626e-16 2 30
   vertex 3.1729090213775635 4.186526775360107 30
  endloop
 endfacet
 facet normal 0 0 0.9999999999999999
  outer loop
   vertex 4.3819661140441895 3.0978870391845703 30
   vertex 4.186526775360107 3.1729090213775635 30
   vertex 2 -4.440892098500626e-16 30
  endloop
 endfacet
 facet normal 0 0 1
  outer loop
   vertex 3.0437047481536865 4.584176540374756 30
   vertex -4.440892098500626e-16 2 30
   vertex 3.0978870391845703 4.3819661140441895 30
  endloop
 endfacet
 facet normal 0 0 1
  outer loop
   vertex 4.584176540374756 3.0437047481536865 30
   vertex 4.3819661140441895 3.0978870391845703 30
   vertex 2 -4.440892098500626e-16 30
  endloop
 endfacet
 facet normal 0 0 1
  outer loop
   vertex 3.010956287384033 4.790943145751953 30
   vertex -4.440892098500626e-16 2 30
   vertex 3.0437047481536865 4.584176540374756 30
  endloop
 endfacet
 facet normal 0 0 1
  outer loop
   vertex 4.790943145751953 3.010956287384033 30
   vertex 4.584176540374756 3.0437047481536865 30
   vertex 2 -4.440892098500626e-16 30
  endloop
 endfacet
 facet normal 0 0 1
  outer loop
   vertex 3 5 30
   vertex -4.440892098500626e-16 2 30
   vertex 3.010956287384033 4.790943145751953 30
  endloop
 endfacet
 facet normal 0 0 1
  outer loop
   vertex 5 3 30
   vertex 4.790943145751953 3.010956287384033 30
   vertex 2 -4.440892098500626e-16 30
  endloop
 endfacet
 facet normal 0 0 1
  outer loop
   vertex -4.440892098500626e-16 58 30
   vertex 3 5 30
   vertex 3 55 30
  endloop
 endfacet
 facet normal 0 0 1
  outer loop
   vertex -4.440892098500626e-16 58 30
   vertex -4.440892098500626e-16 2 30
   vertex 3 5 30
  endloop
 endfacet
 facet normal 0 0 1
  outer loop
   vertex 3.010956287384033 55.20905685424805 30
   vertex -4.440892098500626e-16 58 30
   vertex 3 55 30
  endloop
 endfacet
 facet normal 0 0 1
  outer loop
   vertex 3.0437047481536865 55.41582489013672 30
   vertex -4.440892098500626e-16 58 30
   vertex 3.010956287384033 55.20905685424805 30
  endloop
 endfacet
 facet normal 0 0 1
  outer loop
   vertex 0.09788696467876434 58.61803436279297 30
   vertex 0.0437048003077507 58.41582489013672 30
   vertex 0.010956209152936935 58.20905685424805 30
  endloop
 endfacet
 facet normal 0 0 1
  outer loop
   vertex 3.0978870391845703 55.61803436279297 30
   vertex -4.440892098500626e-16 58 30
   vertex 3.0437047481536865 55.41582489013672 30
  endloop
 endfacet
 facet normal 0 0 1
  outer loop
   vertex 0.17290908098220825 58.813472747802734 30
   vertex 0.09788696467876434 58.61803436279297 30
   vertex 0.010956209152936935 58.20905685424805 30
  endloop
 endfacet
 facet normal 0 0 0.9999999999999999
  outer loop
   vertex 0.17290908098220825 58.813472747802734 30
   vertex 0.010956209152936935 58.20905685424805 30
   vertex -4.440892098500626e-16 58 30
  endloop
 endfacet
 facet normal 0 0 1
  outer loop
   vertex 3.1729090213775635 55.813472747802734 30
   vertex -4.440892098500626e-16 58 30
   vertex 3.0978870391845703 55.61803436279297 30
  endloop
 endfacet
 facet normal 0 0 1
  outer loop
   vertex 3.267949104309082 56 30
   vertex -4.440892098500626e-16 58 30
   vertex 3.1729090213775635 55.813472747802734 30
  endloop
 endfacet
 facet normal 0 0 1
  outer loop
   vertex 3.3819661140441895 56.17557144165039 30
   vertex -4.440892098500626e-16 58 30
   vertex 3.267949104309082 56 30
  endloop
 endfacet
 facet normal 0 0 0.9999999999999999
  outer loop
   vertex 3.5137102603912354 56.338260650634766 30
   vertex -4.440892098500626e-16 58 30
   vertex 3.3819661140441895 56.17557144165039 30
  endloop
 endfacet
 facet normal 0 0 1
  outer loop
   vertex 0.5137103199958801 59.338260650634766 30
   vertex 0.2679491937160492 59 30
   vertex 0.17290908098220825 58.813472747802734 30
  endloop
 endfacet
 facet normal 0 0 1
  outer loop
   vertex 0.5137103199958801 59.338260650634766 30
   vertex 0.3819660246372223 59.17557144165039 30
   vertex 0.2679491937160492 59 30
  endloop
 endfacet
 facet normal 0 0 0.9999999999999999
  outer loop
   vertex 3.661738872528076 56.486289978027344 30
   vertex -4.440892098500626e-16 58 30
   vertex 3.5137102603912354 56.338260650634766 30
  endloop
 endfacet
 facet normal 0 0 1
  outer loop
   vertex 0.6617388129234314 59.486289978027344 30
   vertex 0.17290908098220825 58.813472747802734 30
   vertex -4.440892098500626e-16 58 30
  endloop
 endfacet
 facet normal 0 0 1
  outer loop
   vertex 0.6617388129234314 59.486289978027344 30
   vertex 0.5137103199958801 59.338260650634766 30
   vertex 0.17290908098220825 58.813472747802734 30
  endloop
 endfacet
 facet normal 0 0 1
  outer loop
   vertex 0.8244295120239258 59.61803436279297 30
   vertex 0.6617388129234314 59.486289978027344 30
   vertex -4.440892098500626e-16 58 30
  endloop
 endfacet
 facet normal 0 0 1
  outer loop
   vertex 1 59.732051849365234 30
   vertex 0.8244295120239258 59.61803436279297 30
   vertex -4.440892098500626e-16 58 30
  endloop
 endfacet
 facet normal 0 0 0.9999999999999999
  outer loop
   vertex 1.1865266561508179 59.827091217041016 30
   vertex 1 59.732051849365234 30
   vertex -4.440892098500626e-16 58 30
  endloop
 endfacet
 facet normal 0 0 1
  outer loop
   vertex 1.7909430265426636 59.989044189453125 30
   vertex 1.1865266561508179 59.827091217041016 30
   vertex -4.440892098500626e-16 58 30
  endloop
 endfacet
 facet normal 0 0 1
  outer loop
   vertex 1.7909430265426636 59.989044189453125 30
   vertex 1.3819659948349 59.90211486816406 30
   vertex 1.1865266561508179 59.827091217041016 30
  endloop
 endfacet
 facet normal 0 0 1
  outer loop
   vertex 1.7909430265426636 59.989044189453125 30
   vertex 1.5841766595840454 59.956295013427734 30
   vertex 1.3819659948349 59.90211486816406 30
  endloop
 endfacet
 facet normal 0 0 1
  outer loop
   vertex 2 60 30
   vertex -4.440892098500626e-16 58 30
   vertex 3.661738872528076 56.486289978027344 30
  endloop
 endfacet
 facet normal 0 0 1
  outer loop
   vertex 2 60 30
   vertex 1.7909430265426636 59.989044189453125 30
   vertex -4.440892098500626e-16 58 30
  endloop
 endfacet
 facet normal 0 0 1
  outer loop
   vertex 2 60 30
   vertex 4.584176540374756 56.956295013427734 30
   vertex 4.790943145751953 56.989044189453125 30
  endloop
 endfacet
 facet normal 0 0 0.9999999999999999
  outer loop
   vertex 2 60 30
   vertex 4.3819661140441895 56.90211486816406 30
   vertex 4.584176540374756 56.956295013427734 30
  endloop
 endfacet
 facet normal 0 0 1
  outer loop
   vertex 2 60 30
   vertex 4.186526775360107 56.827091217041016 30
   vertex 4.3819661140441895 56.90211486816406 30
  endloop
 endfacet
 facet normal 0 0 0.9999999999999999
  outer loop
   vertex 2 60 30
   vertex 4 56.732051849365234 30
   vertex 4.186526775360107 56.827091217041016 30
  endloop
 endfacet
 facet normal 0 0 0.9999999999999999
  outer loop
   vertex 2 60 30
   vertex 3.824429512023926 56.61803436279297 30
   vertex 4 56.732051849365234 30
  endloop
 endfacet
 facet normal 0 0 1
  outer loop
   vertex 2 60 30
   vertex 3.661738872528076 56.486289978027344 30
   vertex 3.824429512023926 56.61803436279297 30
  endloop
 endfacet
 facet normal 0 0 1
  outer loop
   vertex 5 57 30
   vertex 2 60 30
   vertex 4.790943145751953 56.989044189453125 30
  endloop
 endfacet
 facet normal 0 0 1
  outer loop
   vertex 78 -4.440892098500626e-16 30
   vertex 5 3 30
   vertex 2 -4.440892098500626e-16 30
  endloop
 endfacet
 facet normal 0 0 1
  outer loop
   vertex 75 3 30
   vertex 5 3 30
   vertex 78 -4.440892098500626e-16 30
  endloop
 endfacet
 facet normal 0 0 1
  outer loop
   vertex 75.20906066894531 3.010956287384033 30
   vertex 75 3 30
   vertex 78 -4.440892098500626e-16 30
  endloop
 endfacet
 facet normal 0 0 1
  outer loop
   vertex 75.41582489013672 3.0437047481536865 30
   vertex 75.20906066894531 3.010956287384033 30
   vertex 78 -4.440892098500626e-16 30
  endloop
 endfacet
 facet normal 0 0 1
  outer loop
   vertex 75.61803436279297 3.0978870391845703 30
   vertex 75.41582489013672 3.0437047481536865 30
   vertex 78 -4.440892098500626e-16 30
  endloop
 endfacet
 facet normal 0 0 1
  outer loop
   vertex 78.61803436279297 0.09788696467876434 30
   vertex 78.20906066894531 0.010956209152936935 30
   vertex 78.41582489013672 0.0437048003077507 30
  endloop
 endfacet
 facet normal 0 0 1
  outer loop
   vertex 75.8134765625 3.1729090213775635 30
   vertex 75.61803436279297 3.0978870391845703 30
   vertex 78 -4.440892098500626e-16 30
  endloop
 endfacet
 facet normal 0 0 1
  outer loop
   vertex 76 3.267949104309082 30
   vertex 75.8134765625 3.1729090213775635 30
   vertex 78 -4.440892098500626e-16 30
  endloop
 endfacet
 facet normal 0 0 1
  outer loop
   vertex 79 0.2679491937160492 30
   vertex 78 -4.440892098500626e-16 30
   vertex 78.20906066894531 0.010956209152936935 30
  endloop
 endfacet
 facet normal 0 0 1
  outer loop
   vertex 79 0.2679491937160492 30
   vertex 78.61803436279297 0.09788696467876434 30
   vertex 78.8134765625 0.17290908098220825 30
  endloop
 endfacet
 facet normal 0 0 1
  outer loop
   vertex 79 0.2679491937160492 30
   vertex 78.20906066894531 0.010956209152936935 30
   vertex 78.61803436279297 0.09788696467876434 30
  endloop
 endfacet
 facet normal 0 0 1
  outer loop
   vertex 76.17556762695312 3.3819661140441895 30
   vertex 76 3.267949104309082 30
   vertex 78 -4.440892098500626e-16 30
  endloop
 endfacet
 facet normal 0 0 1
  outer loop
   vertex 76.33826446533203 3.5137102603912354 30
   vertex 76.17556762695312 3.3819661140441895 30
   vertex 78 -4.440892098500626e-16 30
  endloop
 endfacet
 facet normal 0 0 1
  outer loop
   vertex 79.48628997802734 0.6617388129234314 30
   vertex 79 0.2679491937160492 30
   vertex 79.17556762695312 0.3819660246372223 30
  endloop
 endfacet
 facet normal 0 0 1
  outer loop
   vertex 79.48628997802734 0.6617388129234314 30
   vertex 79.17556762695312 0.3819660246372223 30
   vertex 79.33826446533203 0.5137103199958801 30
  endloop
 endfacet
 facet normal 0 0 1
  outer loop
   vertex 79.48628997802734 0.6617388129234314 30
   vertex 78 -4.440892098500626e-16 30
   vertex 79 0.2679491937160492 30
  endloop
 endfacet
 facet normal 0 0 1
  outer loop
   vertex 79.73204803466797 1 30
   vertex 79.48628997802734 0.6617388129234314 30
   vertex 79.61803436279297 0.8244295120239258 30
  endloop
 endfacet
 facet normal 0 0 1
  outer loop
   vertex 79.82708740234375 1.1865266561508179 30
   vertex 78 -4.440892098500626e-16 30
   vertex 79.48628997802734 0.6617388129234314 30
  endloop
 endfacet
 facet normal 0 0 1
  outer loop
   vertex 79.82708740234375 1.1865266561508179 30
   vertex 79.48628997802734 0.6617388129234314 30
   vertex 79.73204803466797 1 30
  endloop
 endfacet
 facet normal 0 0 1
  outer loop
   vertex 79.956298828125 1.5841766595840454 30
   vertex 78 -4.440892098500626e-16 30
   vertex 79.82708740234375 1.1865266561508179 30
  endloop
 endfacet
 facet normal 0 0 1
  outer loop
   vertex 79.956298828125 1.5841766595840454 30
   vertex 79.82708740234375 1.1865266561508179 30
   vertex 79.90211486816406 1.3819659948349 30
  endloop
 endfacet
 facet normal 0 0 1
  outer loop
   vertex 79.98904418945312 1.7909430265426636 30
   vertex 78 -4.440892098500626e-16 30
   vertex 79.956298828125 1.5841766595840454 30
  endloop
 endfacet
 facet normal 0 0 0.9999999999999999
  outer loop
   vertex 80 2 30
   vertex 76.48628997802734 3.661738872528076 30
   vertex 76.33826446533203 3.5137102603912354 30
  endloop
 endfacet
 facet normal 0 0 1
  outer loop
   vertex 80 2 30
   vertex 76.61803436279297 3.824429512023926 30
   vertex 76.48628997802734 3.661738872528076 30
  endloop
 endfacet
 facet normal 0 0 1
  outer loop
   vertex 80 2 30
   vertex 76.73204803466797 4 30
   vertex 76.61803436279297 3.824429512023926 30
  endloop
 endfacet
 facet normal 0 0 1
  outer loop
   vertex 80 2 30
   vertex 76.82708740234375 4.186526775360107 30
   vertex 76.73204803466797 4 30
  endloop
 endfacet
 facet normal 0 0 1
  outer loop
   vertex 80 2 30
   vertex 76.90211486816406 4.3819661140441895 30
   vertex 76.82708740234375 4.186526775360107 30
  endloop
 endfacet
 facet normal 0 0 1
  outer loop
   vertex 80 2 30
   vertex 76.956298828125 4.584176540374756 30
   vertex 76.90211486816406 4.3819661140441895 30
  endloop
 endfacet
 facet normal 0 0 1
  outer loop
   vertex 80 2 30
   vertex 76.98904418945312 4.790943145751953 30
   vertex 76.956298828125 4.584176540374756 30
  endloop
 endfacet
 facet normal 0 0 1
  outer loop
   vertex 80 2 30
   vertex 77 5 30
   vertex 76.98904418945312 4.790943145751953 30
  endloop
 endfacet
 facet normal 0 0 1
  outer loop
   vertex 80 2 30
   vertex 78 -4.440892098500626e-16 30
   vertex 79.98904418945312 1.7909430265426636 30
  endloop
 endfacet
 facet normal 0 0 1
  outer loop
   vertex 80 2 30
   vertex 76.33826446533203 3.5137102603912354 30
   vertex 78 -4.440892098500626e-16 30
  endloop
 endfacet
 facet normal 0 0 0.9999999999999999
  outer loop
   vertex 78 60 30
   vertex 76.17556762695312 56.61803436279297 30
   vertex 76.33826446533203 56.486289978027344 30
  endloop
 endfacet
 facet normal 0 0 1
  outer loop
   vertex 78 60 30
   vertex 76 56.732051849365234 30
   vertex 76.17556762695312 56.61803436279297 30
  endloop
 endfacet
 facet normal 0 0 1
  outer loop
   vertex 78 60 30
   vertex 75.8134765625 56.827091217041016 30
   vertex 76 56.732051849365234 30
  endloop
 endfacet
 facet normal 0 0 1
  outer loop
   vertex 78 60 30
   vertex 75.61803436279297 56.90211486816406 30
   vertex 75.8134765625 56.827091217041016 30
  endloop
 endfacet
 facet normal 0 0 1
  outer loop
   vertex 78 60 30
   vertex 75.41582489013672 56.956295013427734 30
   vertex 75.61803436279297 56.90211486816406 30
  endloop
 endfacet
 facet normal 0 0 1
  outer loop
   vertex 78 60 30
   vertex 75.20906066894531 56.989044189453125 30
   vertex 75.41582489013672 56.956295013427734 30
  endloop
 endfacet
 facet normal 0 0 1
  outer loop
   vertex 78 60 30
   vertex 75 57 30
   vertex 75.20906066894531 56.989044189453125 30
  endloop
 endfacet
 facet normal 0 0 0.9999999999999999
  outer loop
   vertex 80 58 30
   vertex 76.82708740234375 55.813472747802734 30
   vertex 76.90211486816406 55.61803436279297 30
  endloop
 endfacet
 facet normal 0 0 1
  outer loop
   vertex 80 58 30
   vertex 76.73204803466797 56 30
   vertex 76.82708740234375 55.813472747802734 30
  endloop
 endfacet
 facet normal 0 0 1
  outer loop
   vertex 80 58 30
   vertex 76.61803436279297 56.17557144165039 30
   vertex 76.73204803466797 56 30
  endloop
 endfacet
 facet normal 0 0 1
  outer loop
   vertex 80 58 30
   vertex 77 5 30
   vertex 80 2 30
  endloop
 endfacet
 facet normal 0 0 1
  outer loop
   vertex 80 58 30
   vertex 76.48628997802734 56.338260650634766 30
   vertex 76.61803436279297 56.17557144165039 30
  endloop
 endfacet
 facet normal 0 0 1
  outer loop
   vertex 80 58 30
   vertex 76.33826446533203 56.486289978027344 30
   vertex 76.48628997802734 56.338260650634766 30
  endloop
 endfacet
 facet normal 0 0 1
  outer loop
   vertex 80 58 30
   vertex 77 55 30
   vertex 77 5 30
  endloop
 endfacet
 facet normal 0 0 1
  outer loop
   vertex 80 58 30
   vertex 78 60 30
   vertex 76.33826446533203 56.486289978027344 30
  endloop
 endfacet
 facet normal 0 0 1
  outer loop
   vertex 80 58 30
   vertex 76.98904418945312 55.20905685424805 30
   vertex 77 55 30
  endloop
 endfacet
 facet normal 0 0 1
  outer loop
   vertex 80 58 30
   vertex 76.956298828125 55.41582489013672 30
   vertex 76.98904418945312 55.20905685424805 30
  endloop
 endfacet
 facet normal 0 0 1
  outer loop
   vertex 80 58 30
   vertex 76.90211486816406 55.61803436279297 30
   vertex 76.956298828125 55.41582489013672 30
  endloop
 endfacet
 facet normal 0 0 1
  outer loop
   vertex 79.956298828125 58.41582489013672 30
   vertex 80 58 30
   vertex 79.98904418945312 58.20905685424805 30
  endloop
 endfacet
 facet normal 0 0 1
  outer loop
   vertex 78.41582489013672 59.956295013427734 30
   vertex 78 60 30
   vertex 80 58 30
  endloop
 endfacet
 facet normal 0 0 1
  outer loop
   vertex 78.41582489013672 59.956295013427734 30
   vertex 78.20906066894531 59.989044189453125 30
   vertex 78 60 30
  endloop
 endfacet
 facet normal 0 0 1
  outer loop
   vertex 79.90211486816406 58.61803436279297 30
   vertex 80 58 30
   vertex 79.956298828125 58.41582489013672 30
  endloop
 endfacet
 facet normal 0 0 1
  outer loop
   vertex 79.82708740234375 58.813472747802734 30
   vertex 80 58 30
   vertex 79.90211486816406 58.61803436279297 30
  endloop
 endfacet
 facet normal 0 0 1
  outer loop
   vertex 79.61803436279297 59.17557144165039 30
   vertex 79.82708740234375 58.813472747802734 30
   vertex 79.73204803466797 59 30
  endloop
 endfacet
 facet normal 0 0 1
  outer loop
   vertex 79.61803436279297 59.17557144165039 30
   vertex 80 58 30
   vertex 79.82708740234375 58.813472747802734 30
  endloop
 endfacet
 facet normal 0 0 1
  outer loop
   vertex 79.17556762695312 59.61803436279297 30
   vertex 79 59.732051849365234 30
   vertex 78.8134765625 59.827091217041016 30
  endloop
 endfacet
 facet normal 0 0 1
  outer loop
   vertex 79.48628997802734 59.338260650634766 30
   vertex 78.61803436279297 59.90211486816406 30
   vertex 78.41582489013672 59.956295013427734 30
  endloop
 endfacet
 facet normal 0 0 0.9999999999999999
  outer loop
   vertex 79.48628997802734 59.338260650634766 30
   vertex 78.8134765625 59.827091217041016 30
   vertex 78.61803436279297 59.90211486816406 30
  endloop
 endfacet
 facet normal 0 0 1
  outer loop
   vertex 79.48628997802734 59.338260650634766 30
   vertex 78.41582489013672 59.956295013427734 30
   vertex 80 58 30
  endloop
 endfacet
 facet normal 0 0 1
  outer loop
   vertex 79.48628997802734 59.338260650634766 30
   vertex 79.17556762695312 59.61803436279297 30
   vertex 78.8134765625 59.827091217041016 30
  endloop
 endfacet
 facet normal 0 0 1
  outer loop
   vertex 79.48628997802734 59.338260650634766 30
   vertex 80 58 30
   vertex 79.61803436279297 59.17557144165039 30
  endloop
 endfacet
 facet normal 0 0 1
  outer loop
   vertex 79.33826446533203 59.486289978027344 30
   vertex 79.17556762695312 59.61803436279297 30
   vertex 79.48628997802734 59.338260650634766 30
  endloop
 endfacet
 facet normal 0 0 1
  outer loop
   vertex 78 60 30
   vertex 2 60 30
   vertex 5 57 30
  endloop
 endfacet
 facet normal 0 0 1
  outer loop
   vertex 78 60 30
   vertex 5 57 30
   vertex 75 57 30
  endloop
 endfacet
 facet normal -0.9986295353960921 -0.05233594400204548 0
  outer loop
   vertex 0.010956209152936935 1.7909430265426636 30
   vertex -4.440892098500626e-16 2 0
   vertex 0.010956209152936935 1.7909430265426636 0
  endloop
 endfacet
 facet normal -0.9986295353960921 -0.05233594400204548 0
  outer loop
   vertex 0.010956209152936935 1.7909430265426636 30
   vertex -4.440892098500626e-16 2 30
   vertex -4.440892098500626e-16 2 0
  endloop
 endfacet
 facet normal -0.9876883288997168 -0.15643453888219452 0
  outer loop
   vertex 0.0437048003077507 1.5841766595840454 30
   vertex 0.010956209152936935 1.7909430265426636 0
   vertex 0.0437048003077507 1.5841766595840454 0
  endloop
 endfacet
 facet normal -0.9659258501128802 -0.25881895619082734 0
  outer loop
   vertex 0.0437048003077507 1.5841766595840454 30
   vertex 0.0437048003077507 1.5841766595840454 0
   vertex 0.09788696467876434 1.3819659948349 0
  endloop
 endfacet
 facet normal -0.9876883288997168 -0.15643453888219452 0
  outer loop
   vertex 0.0437048003077507 1.5841766595840454 30
   vertex 0.010956209152936935 1.7909430265426636 30
   vertex 0.010956209152936935 1.7909430265426636 0
  endloop
 endfacet
 facet normal -0.9659258501128802 -0.25881895619082734 0
  outer loop
   vertex 0.09788696467876434 1.3819659948349 30
   vertex 0.0437048003077507 1.5841766595840454 30
   vertex 0.09788696467876434 1.3819659948349 0
  endloop
 endfacet
 facet normal -0.9335804534237929 -0.3583678793991242 0
  outer loop
   vertex 0.17290908098220825 1.1865266561508179 30
   vertex 0.09788696467876434 1.3819659948349 0
   vertex 0.17290908098220825 1.1865266561508179 0
  endloop
 endfacet
 facet normal -0.891006457687575 -0.45399063025467795 0
  outer loop
   vertex 0.17290908098220825 1.1865266561508179 30
   vertex 0.17290908098220825 1.1865266561508179 0
   vertex 0.2679491937160492 1 0
  endloop
 endfacet
 facet normal -0.9335804534237929 -0.3583678793991242 0
  outer loop
   vertex 0.17290908098220825 1.1865266561508179 30
   vertex 0.09788696467876434 1.3819659948349 30
   vertex 0.09788696467876434 1.3819659948349 0
  endloop
 endfacet
 facet normal -0.891006457687575 -0.45399063025467795 0
  outer loop
   vertex 0.2679491937160492 1 30
   vertex 0.17290908098220825 1.1865266561508179 30
   vertex 0.2679491937160492 1 0
  endloop
 endfacet
 facet normal -0.8386705180052391 -0.5446391119161604 0
  outer loop
   vertex 0.3819660246372223 0.8244295120239258 30
   vertex 0.2679491937160492 1 0
   vertex 0.3819660246372223 0.8244295120239258 0
  endloop
 endfacet
 facet normal -0.8386705180052391 -0.5446391119161604 0
  outer loop
   vertex 0.3819660246372223 0.8244295120239258 30
   vertex 0.2679491937160492 1 30
   vertex 0.2679491937160492 1 0
  endloop
 endfacet
 facet normal -0.7771460435103896 -0.6293202897222906 0
  outer loop
   vertex 0.5137103199958801 0.6617388129234314 30
   vertex 0.3819660246372223 0.8244295120239258 0
   vertex 0.5137103199958801 0.6617388129234314 0
  endloop
 endfacet
 facet normal -0.7771460435103896 -0.6293202897222906 0
  outer loop
   vertex 0.5137103199958801 0.6617388129234314 30
   vertex 0.3819660246372223 0.8244295120239258 30
   vertex 0.3819660246372223 0.8244295120239258 0
  endloop
 endfacet
 facet normal -0.7071067811865474 -0.7071067811865474 0
  outer loop
   vertex 0.6617388129234314 0.5137103199958801 30
   vertex 0.5137103199958801 0.6617388129234314 0
   vertex 0.6617388129234314 0.5137103199958801 0
  endloop
 endfacet
 facet normal -0.6293202897222906 -0.7771460435103896 0
  outer loop
   vertex 0.6617388129234314 0.5137103199958801 30
   vertex 0.6617388129234314 0.5137103199958801 0
   vertex 0.8244295120239258 0.3819660246372223 0
  endloop
 endfacet
 facet normal -0.7071067811865474 -0.7071067811865474 0
  outer loop
   vertex 0.6617388129234314 0.5137103199958801 30
   vertex 0.5137103199958801 0.6617388129234314 30
   vertex 0.5137103199958801 0.6617388129234314 0
  endloop
 endfacet
 facet normal -0.5446391119161604 -0.8386705180052391 0
  outer loop
   vertex 0.8244295120239258 0.3819660246372223 30
   vertex 0.8244295120239258 0.3819660246372223 0
   vertex 1 0.2679491937160492 0
  endloop
 endfacet
 facet normal -0.6293202897222906 -0.7771460435103896 0
  outer loop
   vertex 0.8244295120239258 0.3819660246372223 30
   vertex 0.6617388129234314 0.5137103199958801 30
   vertex 0.8244295120239258 0.3819660246372223 0
  endloop
 endfacet
 facet normal -0.5446391119161604 -0.8386705180052391 0
  outer loop
   vertex 1 0.2679491937160492 30
   vertex 0.8244295120239258 0.3819660246372223 30
   vertex 1 0.2679491937160492 0
  endloop
 endfacet
 facet normal -0.45399063025467795 -0.891006457687575 0
  outer loop
   vertex 1.1865266561508179 0.17290908098220825 30
   vertex 1 0.2679491937160492 0
   vertex 1.1865266561508179 0.17290908098220825 0
  endloop
 endfacet
 facet normal -0.45399063025467795 -0.891006457687575 0
  outer loop
   vertex 1.1865266561508179 0.17290908098220825 30
   vertex 1 0.2679491937160492 30
   vertex 1 0.2679491937160492 0
  endloop
 endfacet
 facet normal -0.3583678793991242 -0.9335804534237929 0
  outer loop
   vertex 1.3819659948349 0.09788696467876434 30
   vertex 1.1865266561508179 0.17290908098220825 0
   vertex 1.3819659948349 0.09788696467876434 0
  endloop
 endfacet
 facet normal -0.3583678793991242 -0.9335804534237929 0
  outer loop
   vertex 1.3819659948349 0.09788696467876434 30
   vertex 1.1865266561508179 0.17290908098220825 30
   vertex 1.1865266561508179 0.17290908098220825 0
  endloop
 endfacet
 facet normal -0.25881895619082734 -0.9659258501128802 0
  outer loop
   vertex 1.5841766595840454 0.0437048003077507 30
   vertex 1.3819659948349 0.09788696467876434 0
   vertex 1.5841766595840454 0.0437048003077507 0
  endloop
 endfacet
 facet normal -0.15643453888219452 -0.9876883288997168 0
  outer loop
   vertex 1.5841766595840454 0.0437048003077507 30
   vertex 1.5841766595840454 0.0437048003077507 0
   vertex 1.7909430265426636 0.010956209152936935 0
  endloop
 endfacet
 facet normal -0.25881895619082734 -0.9659258501128802 0
  outer loop
   vertex 1.5841766595840454 0.0437048003077507 30
   vertex 1.3819659948349 0.09788696467876434 30
   vertex 1.3819659948349 0.09788696467876434 0
  endloop
 endfacet
 facet normal -0.15643453888219452 -0.9876883288997168 0
  outer loop
   vertex 1.7909430265426636 0.010956209152936935 30
   vertex 1.5841766595840454 0.0437048003077507 30
   vertex 1.7909430265426636 0.010956209152936935 0
  endloop
 endfacet
 facet normal -0.05233594400204548 -0.9986295353960921 0
  outer loop
   vertex 2 -4.440892098500626e-16 30
   vertex 1.7909430265426636 0.010956209152936935 0
   vertex 2 -4.440892098500626e-16 0
  endloop
 endfacet
 facet normal -0.05233594400204548 -0.9986295353960921 0
  outer loop
   vertex 2 -4.440892098500626e-16 30
   vertex 1.7909430265426636 0.010956209152936935 30
   vertex 1.7909430265426636 0.010956209152936935 0
  endloop
 endfacet
 facet normal -0.9986295338363589 0.05233597376352812 0
  outer loop
   vertex 0.010956209152936935 58.20905685424805 30
   vertex 0.010956209152936935 58.20905685424805 0
   vertex -4.440892098500626e-16 58 0
  endloop
 endfacet
 facet normal -0.9986295338363589 0.05233597376352812 0
  outer loop
   vertex 0.010956209152936935 58.20905685424805 30
   vertex -4.440892098500626e-16 58 0
   vertex -4.440892098500626e-16 58 30
  endloop
 endfacet
 facet normal -0.9876885239912059 0.1564333071186346 0
  outer loop
   vertex 0.0437048003077507 58.41582489013672 30
   vertex 0.0437048003077507 58.41582489013672 0
   vertex 0.010956209152936935 58.20905685424805 0
  endloop
 endfacet
 facet normal -0.9876885239912059 0.1564333071186346 0
  outer loop
   vertex 0.0437048003077507 58.41582489013672 30
   vertex 0.010956209152936935 58.20905685424805 0
   vertex 0.010956209152936935 58.20905685424805 30
  endloop
 endfacet
 facet normal -0.9659254686558904 0.258820379804023 0
  outer loop
   vertex 0.09788696467876434 58.61803436279297 30
   vertex 0.09788696467876434 58.61803436279297 0
   vertex 0.0437048003077507 58.41582489013672 0
  endloop
 endfacet
 facet normal -0.9659254686558904 0.258820379804023 0
  outer loop
   vertex 0.09788696467876434 58.61803436279297 30
   vertex 0.0437048003077507 58.41582489013672 0
   vertex 0.0437048003077507 58.41582489013672 30
  endloop
 endfacet
 facet normal -0.9335798683632948 0.3583694035304541 0
  outer loop
   vertex 0.17290908098220825 58.813472747802734 30
   vertex 0.17290908098220825 58.813472747802734 0
   vertex 0.09788696467876434 58.61803436279297 0
  endloop
 endfacet
 facet normal -0.9335798683632948 0.3583694035304541 0
  outer loop
   vertex 0.17290908098220825 58.813472747802734 30
   vertex 0.09788696467876434 58.61803436279297 0
   vertex 0.09788696467876434 58.61803436279297 30
  endloop
 endfacet
 facet normal -0.8910070445173992 0.4539894785348767 0
  outer loop
   vertex 0.2679491937160492 59 30
   vertex 0.2679491937160492 59 0
   vertex 0.17290908098220825 58.813472747802734 0
  endloop
 endfacet
 facet normal -0.8386718693156101 0.5446370310754314 0
  outer loop
   vertex 0.2679491937160492 59 30
   vertex 0.3819660246372223 59.17557144165039 0
   vertex 0.2679491937160492 59 0
  endloop
 endfacet
 facet normal -0.8910070445173992 0.4539894785348767 0
  outer loop
   vertex 0.2679491937160492 59 30
   vertex 0.17290908098220825 58.813472747802734 0
   vertex 0.17290908098220825 58.813472747802734 30
  endloop
 endfacet
 facet normal -0.8386718693156101 0.5446370310754314 0
  outer loop
   vertex 0.3819660246372223 59.17557144165039 30
   vertex 0.3819660246372223 59.17557144165039 0
   vertex 0.2679491937160492 59 30
  endloop
 endfacet
 facet normal -0.7771432244323454 0.6293237709787366 0
  outer loop
   vertex 0.5137103199958801 59.338260650634766 30
   vertex 0.5137103199958801 59.338260650634766 0
   vertex 0.3819660246372223 59.17557144165039 0
  endloop
 endfacet
 facet normal -0.707108774226444 0.7071047881410334 0
  outer loop
   vertex 0.5137103199958801 59.338260650634766 30
   vertex 0.6617388129234314 59.486289978027344 0
   vertex 0.5137103199958801 59.338260650634766 0
  endloop
 endfacet
 facet normal -0.7771432244323454 0.6293237709787366 0
  outer loop
   vertex 0.5137103199958801 59.338260650634766 30
   vertex 0.3819660246372223 59.17557144165039 0
   vertex 0.3819660246372223 59.17557144165039 30
  endloop
 endfacet
 facet normal -0.707108774226444 0.7071047881410334 0
  outer loop
   vertex 0.6617388129234314 59.486289978027344 30
   vertex 0.6617388129234314 59.486289978027344 0
   vertex 0.5137103199958801 59.338260650634766 30
  endloop
 endfacet
 facet normal -0.6293205476609174 0.7771458346357927 0
  outer loop
   vertex 0.8244295120239258 59.61803436279297 30
   vertex 0.8244295120239258 59.61803436279297 0
   vertex 0.6617388129234314 59.486289978027344 0
  endloop
 endfacet
 facet normal -0.5446413148136657 0.8386690874224718 0
  outer loop
   vertex 0.8244295120239258 59.61803436279297 30
   vertex 1 59.732051849365234 0
   vertex 0.8244295120239258 59.61803436279297 0
  endloop
 endfacet
 facet normal -0.6293205476609174 0.7771458346357927 0
  outer loop
   vertex 0.8244295120239258 59.61803436279297 30
   vertex 0.6617388129234314 59.486289978027344 0
   vertex 0.6617388129234314 59.486289978027344 30
  endloop
 endfacet
 facet normal -0.5446413148136657 0.8386690874224718 0
  outer loop
   vertex 1 59.732051849365234 30
   vertex 1 59.732051849365234 0
   vertex 0.8244295120239258 59.61803436279297 30
  endloop
 endfacet
 facet normal -0.4539878047708891 0.8910078973383507 0
  outer loop
   vertex 1.1865266561508179 59.827091217041016 30
   vertex 1.1865266561508179 59.827091217041016 0
   vertex 1 59.732051849365234 0
  endloop
 endfacet
 facet normal -0.4539878047708891 0.8910078973383507 0
  outer loop
   vertex 1.1865266561508179 59.827091217041016 30
   vertex 1 59.732051849365234 0
   vertex 1 59.732051849365234 30
  endloop
 endfacet
 facet normal -0.35837426937019595 0.9335780005191738 0
  outer loop
   vertex 1.3819659948349 59.90211486816406 30
   vertex 1.3819659948349 59.90211486816406 0
   vertex 1.1865266561508179 59.827091217041016 0
  endloop
 endfacet
 facet normal -0.25880995731324896 0.9659282613090446 0
  outer loop
   vertex 1.3819659948349 59.90211486816406 30
   vertex 1.5841766595840454 59.956295013427734 0
   vertex 1.3819659948349 59.90211486816406 0
  endloop
 endfacet
 facet normal -0.35837426937019595 0.9335780005191738 0
  outer loop
   vertex 1.3819659948349 59.90211486816406 30
   vertex 1.1865266561508179 59.827091217041016 0
   vertex 1.1865266561508179 59.827091217041016 30
  endloop
 endfacet
 facet normal -0.25880995731324896 0.9659282613090446 0
  outer loop
   vertex 1.5841766595840454 59.956295013427734 30
   vertex 1.5841766595840454 59.956295013427734 0
   vertex 1.3819659948349 59.90211486816406 30
  endloop
 endfacet
 facet normal -0.15643726433934171 0.9876878972256482 0
  outer loop
   vertex 1.7909430265426636 59.989044189453125 30
   vertex 1.7909430265426636 59.989044189453125 0
   vertex 1.5841766595840454 59.956295013427734 0
  endloop
 endfacet
 facet normal -0.15643726433934171 0.9876878972256482 0
  outer loop
   vertex 1.7909430265426636 59.989044189453125 30
   vertex 1.5841766595840454 59.956295013427734 0
   vertex 1.5841766595840454 59.956295013427734 30
  endloop
 endfacet
 facet normal -0.05233404514388456 0.9986296349091979 0
  outer loop
   vertex 2 60 30
   vertex 2 60 0
   vertex 1.7909430265426636 59.989044189453125 0
  endloop
 endfacet
 facet normal -0.05233404514388456 0.9986296349091979 0
  outer loop
   vertex 2 60 30
   vertex 1.7909430265426636 59.989044189453125 0
   vertex 1.7909430265426636 59.989044189453125 30
  endloop
 endfacet
 facet normal 0 0 -1
  outer loop
   vertex 1.3819659948349 0.09788696467876434 0
   vertex 1.1865266561508179 0.17290908098220825 0
   vertex 1 0.2679491937160492 0
  endloop
 endfacet
 facet normal 0 0 -1
  outer loop
   vertex 2 -4.440892098500626e-16 0
   vertex 0.5137103199958801 0.6617388129234314 0
   vertex 0.3819660246372223 0.8244295120239258 0
  endloop
 endfacet
 facet normal 0 0 -1
  outer loop
   vertex 2 -4.440892098500626e-16 0
   vertex 0.6617388129234314 0.5137103199958801 0
   vertex 0.5137103199958801 0.6617388129234314 0
  endloop
 endfacet
 facet normal 0 0 -1
  outer loop
   vertex 2 -4.440892098500626e-16 0
   vertex 0.8244295120239258 0.3819660246372223 0
   vertex 0.6617388129234314 0.5137103199958801 0
  endloop
 endfacet
 facet normal 0 0 -1
  outer loop
   vertex 2 -4.440892098500626e-16 0
   vertex 1 0.2679491937160492 0
   vertex 0.8244295120239258 0.3819660246372223 0
  endloop
 endfacet
 facet normal 0 0 -0.9999999999999999
  outer loop
   vertex 2 -4.440892098500626e-16 0
   vertex 1.5841766595840454 0.0437048003077507 0
   vertex 1.3819659948349 0.09788696467876434 0
  endloop
 endfacet
 facet normal 0 0 -1
  outer loop
   vertex 2 -4.440892098500626e-16 0
   vertex 1.7909430265426636 0.010956209152936935 0
   vertex 1.5841766595840454 0.0437048003077507 0
  endloop
 endfacet
 facet normal 0 0 -1
  outer loop
   vertex 2 -4.440892098500626e-16 0
   vertex 1.3819659948349 0.09788696467876434 0
   vertex 1 0.2679491937160492 0
  endloop
 endfacet
 facet normal 0 0 -1
  outer loop
   vertex -4.440892098500626e-16 2 0
   vertex 0.0437048003077507 1.5841766595840454 0
   vertex 0.010956209152936935 1.7909430265426636 0
  endloop
 endfacet
 facet normal 0 0 -0.9999999999999999
  outer loop
   vertex -4.440892098500626e-16 2 0
   vertex 0.09788696467876434 1.3819659948349 0
   vertex 0.0437048003077507 1.5841766595840454 0
  endloop
 endfacet
 facet normal 0 0 -1
  outer loop
   vertex -4.440892098500626e-16 2 0
   vertex 0.17290908098220825 1.1865266561508179 0
   vertex 0.09788696467876434 1.3819659948349 0
  endloop
 endfacet
 facet normal 0 0 -1
  outer loop
   vertex -4.440892098500626e-16 2 0
   vertex 0.2679491937160492 1 0
   vertex 0.17290908098220825 1.1865266561508179 0
  endloop
 endfacet
 facet normal 0 0 -1
  outer loop
   vertex -4.440892098500626e-16 2 0
   vertex 0.3819660246372223 0.8244295120239258 0
   vertex 0.2679491937160492 1 0
  endloop
 endfacet
 facet normal 0 0 -1
  outer loop
   vertex -4.440892098500626e-16 2 0
   vertex 2 -4.440892098500626e-16 0
   vertex 0.3819660246372223 0.8244295120239258 0
  endloop
 endfacet
 facet normal 0 0 -1
  outer loop
   vertex 0.09788696467876434 58.61803436279297 0
   vertex 0.010956209152936935 58.20905685424805 0
   vertex 0.0437048003077507 58.41582489013672 0
  endloop
 endfacet
 facet normal 0 0 -1
  outer loop
   vertex 0.17290908098220825 58.813472747802734 0
   vertex 0.010956209152936935 58.20905685424805 0
   vertex 0.09788696467876434 58.61803436279297 0
  endloop
 endfacet
 facet normal 0 0 -0.9999999999999999
  outer loop
   vertex 0.17290908098220825 58.813472747802734 0
   vertex -4.440892098500626e-16 58 0
   vertex 0.010956209152936935 58.20905685424805 0
  endloop
 endfacet
 facet normal 0 0 -1
  outer loop
   vertex 0.5137103199958801 59.338260650634766 0
   vertex 0.17290908098220825 58.813472747802734 0
   vertex 0.2679491937160492 59 0
  endloop
 endfacet
 facet normal 0 0 -1
  outer loop
   vertex 0.5137103199958801 59.338260650634766 0
   vertex 0.2679491937160492 59 0
   vertex 0.3819660246372223 59.17557144165039 0
  endloop
 endfacet
 facet normal 0 0 -1
  outer loop
   vertex 0.6617388129234314 59.486289978027344 0
   vertex -4.440892098500626e-16 58 0
   vertex 0.17290908098220825 58.813472747802734 0
  endloop
 endfacet
 facet normal 0 0 -1
  outer loop
   vertex 0.6617388129234314 59.486289978027344 0
   vertex 0.17290908098220825 58.813472747802734 0
   vertex 0.5137103199958801 59.338260650634766 0
  endloop
 endfacet
 facet normal 0 0 -1
  outer loop
   vertex 0.8244295120239258 59.61803436279297 0
   vertex -4.440892098500626e-16 58 0
   vertex 0.6617388129234314 59.486289978027344 0
  endloop
 endfacet
 facet normal 0 0 -1
  outer loop
   vertex 1 59.732051849365234 0
   vertex -4.440892098500626e-16 58 0
   vertex 0.8244295120239258 59.61803436279297 0
  endloop
 endfacet
 facet normal 0 0 -0.9999999999999999
  outer loop
   vertex 1.1865266561508179 59.827091217041016 0
   vertex -4.440892098500626e-16 58 0
   vertex 1 59.732051849365234 0
  endloop
 endfacet
 facet normal 0 0 -1
  outer loop
   vertex 1.7909430265426636 59.989044189453125 0
   vertex -4.440892098500626e-16 58 0
   vertex 1.1865266561508179 59.827091217041016 0
  endloop
 endfacet
 facet normal 0 0 -1
  outer loop
   vertex 1.7909430265426636 59.989044189453125 0
   vertex 1.1865266561508179 59.827091217041016 0
   vertex 1.3819659948349 59.90211486816406 0
  endloop
 endfacet
 facet normal 0 0 -1
  outer loop
   vertex 1.7909430265426636 59.989044189453125 0
   vertex 1.3819659948349 59.90211486816406 0
   vertex 1.5841766595840454 59.956295013427734 0
  endloop
 endfacet
 facet normal 0 0 -1
  outer loop
   vertex 2 60 0
   vertex -4.440892098500626e-16 2 0
   vertex -4.440892098500626e-16 58 0
  endloop
 endfacet
 facet normal 0 0 -1
  outer loop
   vertex 2 60 0
   vertex -4.440892098500626e-16 58 0
   vertex 1.7909430265426636 59.989044189453125 0
  endloop
 endfacet
 facet normal 0 0 -1
  outer loop
   vertex 2 60 0
   vertex 2 -4.440892098500626e-16 0
   vertex -4.440892098500626e-16 2 0
  endloop
 endfacet
 facet normal 0 0 -1
  outer loop
   vertex 78.61803436279297 0.09788696467876434 0
   vertex 78.41582489013672 0.0437048003077507 0
   vertex 78.20906066894531 0.010956209152936935 0
  endloop
 endfacet
 facet normal 0 0 -1
  outer loop
   vertex 79 0.2679491937160492 0
   vertex 78.20906066894531 0.010956209152936935 0
   vertex 78 -4.440892098500626e-16 0
  endloop
 endfacet
 facet normal 0 0 -1
  outer loop
   vertex 79 0.2679491937160492 0
   vertex 78.8134765625 0.17290908098220825 0
   vertex 78.61803436279297 0.09788696467876434 0
  endloop
 endfacet
 facet normal 0 0 -1
  outer loop
   vertex 79 0.2679491937160492 0
   vertex 78.61803436279297 0.09788696467876434 0
   vertex 78.20906066894531 0.010956209152936935 0
  endloop
 endfacet
 facet normal 0 0 -1
  outer loop
   vertex 79.48628997802734 0.6617388129234314 0
   vertex 79.17556762695312 0.3819660246372223 0
   vertex 79 0.2679491937160492 0
  endloop
 endfacet
 facet normal 0 0 -1
  outer loop
   vertex 79.48628997802734 0.6617388129234314 0
   vertex 79.33826446533203 0.5137103199958801 0
   vertex 79.17556762695312 0.3819660246372223 0
  endloop
 endfacet
 facet normal 0 0 -1
  outer loop
   vertex 79.48628997802734 0.6617388129234314 0
   vertex 79 0.2679491937160492 0
   vertex 78 -4.440892098500626e-16 0
  endloop
 endfacet
 facet normal 0 0 -1
  outer loop
   vertex 79.73204803466797 1 0
   vertex 79.61803436279297 0.8244295120239258 0
   vertex 79.48628997802734 0.6617388129234314 0
  endloop
 endfacet
 facet normal 0 0 -1
  outer loop
   vertex 79.82708740234375 1.1865266561508179 0
   vertex 79.48628997802734 0.6617388129234314 0
   vertex 78 -4.440892098500626e-16 0
  endloop
 endfacet
 facet normal 0 0 -1
  outer loop
   vertex 79.82708740234375 1.1865266561508179 0
   vertex 79.73204803466797 1 0
   vertex 79.48628997802734 0.6617388129234314 0
  endloop
 endfacet
 facet normal 0 0 -1
  outer loop
   vertex 79.956298828125 1.5841766595840454 0
   vertex 79.90211486816406 1.3819659948349 0
   vertex 79.82708740234375 1.1865266561508179 0
  endloop
 endfacet
 facet normal 0 0 -1
  outer loop
   vertex 79.956298828125 1.5841766595840454 0
   vertex 79.82708740234375 1.1865266561508179 0
   vertex 78 -4.440892098500626e-16 0
  endloop
 endfacet
 facet normal 0 0 -1
  outer loop
   vertex 79.98904418945312 1.7909430265426636 0
   vertex 79.956298828125 1.5841766595840454 0
   vertex 78 -4.440892098500626e-16 0
  endloop
 endfacet
 facet normal 0 0 -1
  outer loop
   vertex 80 2 0
   vertex 79.98904418945312 1.7909430265426636 0
   vertex 78 -4.440892098500626e-16 0
  endloop
 endfacet
 facet normal 0 0 -1
  outer loop
   vertex 78 60 0
   vertex 78 -4.440892098500626e-16 0
   vertex 2 -4.440892098500626e-16 0
  endloop
 endfacet
 facet normal 0 0 -1
  outer loop
   vertex 78 60 0
   vertex 2 -4.440892098500626e-16 0
   vertex 2 60 0
  endloop
 endfacet
 facet normal 0 0 -1
  outer loop
   vertex 80 58 0
   vertex 80 2 0
   vertex 78 -4.440892098500626e-16 0
  endloop
 endfacet
 facet normal 0 0 -1
  outer loop
   vertex 80 58 0
   vertex 78 -4.440892098500626e-16 0
   vertex 78 60 0
  endloop
 endfacet
 facet normal 0 0 -1
  outer loop
   vertex 79.956298828125 58.41582489013672 0
   vertex 79.98904418945312 58.20905685424805 0
   vertex 80 58 0
  endloop
 endfacet
 facet normal 0 0 -1
  outer loop
   vertex 78.41582489013672 59.956295013427734 0
   vertex 78 60 0
   vertex 78.20906066894531 59.989044189453125 0
  endloop
 endfacet
 facet normal 0 0 -1
  outer loop
   vertex 78.41582489013672 59.956295013427734 0
   vertex 80 58 0
   vertex 78 60 0
  endloop
 endfacet
 facet normal 0 0 -1
  outer loop
   vertex 79.90211486816406 58.61803436279297 0
   vertex 79.956298828125 58.41582489013672 0
   vertex 80 58 0
  endloop
 endfacet
 facet normal 0 0 -1
  outer loop
   vertex 79.82708740234375 58.813472747802734 0
   vertex 79.90211486816406 58.61803436279297 0
   vertex 80 58 0
  endloop
 endfacet
 facet normal 0 0 -1
  outer loop
   vertex 79.61803436279297 59.17557144165039 0
   vertex 79.73204803466797 59 0
   vertex 79.82708740234375 58.813472747802734 0
  endloop
 endfacet
 facet normal 0 0 -1
  outer loop
   vertex 79.61803436279297 59.17557144165039 0
   vertex 79.82708740234375 58.813472747802734 0
   vertex 80 58 0
  endloop
 endfacet
 facet normal 0 0 -1
  outer loop
   vertex 79.17556762695312 59.61803436279297 0
   vertex 78.8134765625 59.827091217041016 0
   vertex 79 59.732051849365234 0
  endloop
 endfacet
 facet normal 0 0 -1
  outer loop
   vertex 79.48628997802734 59.338260650634766 0
   vertex 78.41582489013672 59.956295013427734 0
   vertex 78.61803436279297 59.90211486816406 0
  endloop
 endfacet
 facet normal 0 0 -0.9999999999999999
  outer loop
   vertex 79.48628997802734 59.338260650634766 0
   vertex 78.61803436279297 59.90211486816406 0
   vertex 78.8134765625 59.827091217041016 0
  endloop
 endfacet
 facet normal 0 0 -1
  outer loop
   vertex 79.48628997802734 59.338260650634766 0
   vertex 80 58 0
   vertex 78.41582489013672 59.956295013427734 0
  endloop
 endfacet
 facet normal 0 0 -1
  outer loop
   vertex 79.48628997802734 59.338260650634766 0
   vertex 78.8134765625 59.827091217041016 0
   vertex 79.17556762695312 59.61803436279297 0
  endloop
 endfacet
 facet normal 0 0 -1
  outer loop
   vertex 79.48628997802734 59.338260650634766 0
   vertex 79.61803436279297 59.17557144165039 0
   vertex 80 58 0
  endloop
 endfacet
 facet normal 0 0 -1
  outer loop
   vertex 79.33826446533203 59.486289978027344 0
   vertex 79.48628997802734 59.338260650634766 0
   vertex 79.17556762695312 59.61803436279297 0
  endloop
 endfacet
 facet normal 0 -1 0
  outer loop
   vertex 78 -4.440892098500626e-16 30
   vertex 2 -4.440892098500626e-16 0
   vertex 78 -4.440892098500626e-16 0
  endloop
 endfacet
 facet normal 0 -1 0
  outer loop
   vertex 78 -4.440892098500626e-16 30
   vertex 2 -4.440892098500626e-16 30
   vertex 2 -4.440892098500626e-16 0
  endloop
 endfacet
 facet normal 0 1 0
  outer loop
   vertex 78 60 30
   vertex 78 60 0
   vertex 2 60 0
  endloop
 endfacet
 facet normal 0 1 0
  outer loop
   vertex 78 60 30
   vertex 2 60 0
   vertex 2 60 30
  endloop
 endfacet
 facet normal 0.052335021412849146 -0.9986295837465043 0
  outer loop
   vertex 78 -4.440892098500626e-16 30
   vertex 78 -4.440892098500626e-16 0
   vertex 78.20906066894531 0.010956209152936935 0
  endloop
 endfacet
 facet normal 0.052335021412849146 -0.9986295837465043 0
  outer loop
   vertex 78.20906066894531 0.010956209152936935 30
   vertex 78 -4.440892098500626e-16 30
   vertex 78.20906066894531 0.010956209152936935 0
  endloop
 endfacet
 facet normal 0.15643612260634596 -0.9876880780610303 0
  outer loop
   vertex 78.41582489013672 0.0437048003077507 30
   vertex 78.20906066894531 0.010956209152936935 0
   vertex 78.41582489013672 0.0437048003077507 0
  endloop
 endfacet
 facet normal 0.258820379804023 -0.9659254686558904 0
  outer loop
   vertex 78.41582489013672 0.0437048003077507 30
   vertex 78.41582489013672 0.0437048003077507 0
   vertex 78.61803436279297 0.09788696467876434 0
  endloop
 endfacet
 facet normal 0.15643612260634596 -0.9876880780610303 0
  outer loop
   vertex 78.41582489013672 0.0437048003077507 30
   vertex 78.20906066894531 0.010956209152936935 30
   vertex 78.20906066894531 0.010956209152936935 0
  endloop
 endfacet
 facet normal 0.258820379804023 -0.9659254686558904 0
  outer loop
   vertex 78.61803436279297 0.09788696467876434 30
   vertex 78.41582489013672 0.0437048003077507 30
   vertex 78.61803436279297 0.09788696467876434 0
  endloop
 endfacet
 facet normal 0.3583633070771877 -0.9335822085605003 0
  outer loop
   vertex 78.8134765625 0.17290908098220825 30
   vertex 78.61803436279297 0.09788696467876434 0
   vertex 78.8134765625 0.17290908098220825 0
  endloop
 endfacet
 facet normal 0.3583633070771877 -0.9335822085605003 0
  outer loop
   vertex 78.8134765625 0.17290908098220825 30
   vertex 78.61803436279297 0.09788696467876434 30
   vertex 78.61803436279297 0.09788696467876434 0
  endloop
 endfacet
 facet normal 0.4539968496294745 -0.8910032887293472 0
  outer loop
   vertex 79 0.2679491937160492 30
   vertex 78.8134765625 0.17290908098220825 0
   vertex 79 0.2679491937160492 0
  endloop
 endfacet
 facet normal 0.5446453545136324 -0.8386664639811942 0
  outer loop
   vertex 79 0.2679491937160492 30
   vertex 79 0.2679491937160492 0
   vertex 79.17556762695312 0.3819660246372223 0
  endloop
 endfacet
 facet normal 0.4539968496294745 -0.8910032887293472 0
  outer loop
   vertex 79 0.2679491937160492 30
   vertex 78.8134765625 0.17290908098220825 30
   vertex 78.8134765625 0.17290908098220825 0
  endloop
 endfacet
 facet normal 0.5446453545136324 -0.8386664639811942 0
  outer loop
   vertex 79.17556762695312 0.3819660246372223 30
   vertex 79 0.2679491937160492 30
   vertex 79.17556762695312 0.3819660246372223 0
  endloop
 endfacet
 facet normal 0.6293059472187652 -0.7771576576185122 0
  outer loop
   vertex 79.33826446533203 0.5137103199958801 30
   vertex 79.17556762695312 0.3819660246372223 0
   vertex 79.33826446533203 0.5137103199958801 0
  endloop
 endfacet
 facet normal 0.7071138992520984 -0.7070996630493421 0
  outer loop
   vertex 79.33826446533203 0.5137103199958801 30
   vertex 79.33826446533203 0.5137103199958801 0
   vertex 79.48628997802734 0.6617388129234314 0
  endloop
 endfacet
 facet normal 0.6293059472187652 -0.7771576576185122 0
  outer loop
   vertex 79.33826446533203 0.5137103199958801 30
   vertex 79.17556762695312 0.3819660246372223 30
   vertex 79.17556762695312 0.3819660246372223 0
  endloop
 endfacet
 facet normal 0.7071138992520984 -0.7070996630493421 0
  outer loop
   vertex 79.48628997802734 0.6617388129234314 30
   vertex 79.33826446533203 0.5137103199958801 30
   vertex 79.48628997802734 0.6617388129234314 0
  endloop
 endfacet
 facet normal 0.7771458346357927 -0.6293205476609174 0
  outer loop
   vertex 79.61803436279297 0.8244295120239258 30
   vertex 79.48628997802734 0.6617388129234314 0
   vertex 79.61803436279297 0.8244295120239258 0
  endloop
 endfacet
 facet normal 0.8386774108004209 -0.5446284977974455 0
  outer loop
   vertex 79.61803436279297 0.8244295120239258 30
   vertex 79.61803436279297 0.8244295120239258 0
   vertex 79.73204803466797 1 0
  endloop
 endfacet
 facet normal 0.7771458346357927 -0.6293205476609174 0
  outer loop
   vertex 79.61803436279297 0.8244295120239258 30
   vertex 79.48628997802734 0.6617388129234314 30
   vertex 79.48628997802734 0.6617388129234314 0
  endloop
 endfacet
 facet normal 0.8386774108004209 -0.5446284977974455 0
  outer loop
   vertex 79.73204803466797 1 30
   vertex 79.61803436279297 0.8244295120239258 30
   vertex 79.73204803466797 1 0
  endloop
 endfacet
 facet normal 0.8910078973383507 -0.4539878047708891 0
  outer loop
   vertex 79.82708740234375 1.1865266561508179 30
   vertex 79.73204803466797 1 0
   vertex 79.82708740234375 1.1865266561508179 0
  endloop
 endfacet
 facet normal 0.9335719038459297 -0.3583901510218802 0
  outer loop
   vertex 79.82708740234375 1.1865266561508179 30
   vertex 79.82708740234375 1.1865266561508179 0
   vertex 79.90211486816406 1.3819659948349 0
  endloop
 endfacet
 facet normal 0.8910078973383507 -0.4539878047708891 0
  outer loop
   vertex 79.82708740234375 1.1865266561508179 30
   vertex 79.73204803466797 1 30
   vertex 79.73204803466797 1 0
  endloop
 endfacet
 facet normal 0.9335719038459297 -0.3583901510218802 0
  outer loop
   vertex 79.90211486816406 1.3819659948349 30
   vertex 79.82708740234375 1.1865266561508179 30
   vertex 79.90211486816406 1.3819659948349 0
  endloop
 endfacet
 facet normal 0.9659237057784852 -0.2588269588260823 0
  outer loop
   vertex 79.956298828125 1.5841766595840454 30
   vertex 79.90211486816406 1.3819659948349 0
   vertex 79.956298828125 1.5841766595840454 0
  endloop
 endfacet
 facet normal 0.9659237057784852 -0.2588269588260823 0
  outer loop
   vertex 79.956298828125 1.5841766595840454 30
   vertex 79.90211486816406 1.3819659948349 30
   vertex 79.90211486816406 1.3819659948349 0
  endloop
 endfacet
 facet normal 0.9876907126017543 -0.15641948804493255 0
  outer loop
   vertex 79.98904418945312 1.7909430265426636 30
   vertex 79.956298828125 1.5841766595840454 0
   vertex 79.98904418945312 1.7909430265426636 0
  endloop
 endfacet
 facet normal 0.9876907126017543 -0.15641948804493255 0
  outer loop
   vertex 79.98904418945312 1.7909430265426636 30
   vertex 79.956298828125 1.5841766595840454 30
   vertex 79.956298828125 1.5841766595840454 0
  endloop
 endfacet
 facet normal 0.9986296349091979 -0.05233404514388456 0
  outer loop
   vertex 80 2 30
   vertex 79.98904418945312 1.7909430265426636 0
   vertex 80 2 0
  endloop
 endfacet
 facet normal 0.9986296349091979 -0.05233404514388456 0
  outer loop
   vertex 80 2 30
   vertex 79.98904418945312 1.7909430265426636 30
   vertex 79.98904418945312 1.7909430265426636 0
  endloop
 endfacet
 facet normal 0.05233312258797785 0.9986296832561066 0
  outer loop
   vertex 78.20906066894531 59.989044189453125 30
   vertex 78.20906066894531 59.989044189453125 0
   vertex 78 60 0
  endloop
 endfacet
 facet normal 0.05233312258797785 0.9986296832561066 0
  outer loop
   vertex 78.20906066894531 59.989044189453125 30
   vertex 78 60 0
   vertex 78 60 30
  endloop
 endfacet
 facet normal 0.156438848089701 0.9876876463783311 0
  outer loop
   vertex 78.41582489013672 59.956295013427734 30
   vertex 78.41582489013672 59.956295013427734 0
   vertex 78.20906066894531 59.989044189453125 0
  endloop
 endfacet
 facet normal 0.156438848089701 0.9876876463783311 0
  outer loop
   vertex 78.41582489013672 59.956295013427734 30
   vertex 78.20906066894531 59.989044189453125 0
   vertex 78.20906066894531 59.989044189453125 30
  endloop
 endfacet
 facet normal 0.25881138088405425 0.9659278798776278 0
  outer loop
   vertex 78.61803436279297 59.90211486816406 30
   vertex 78.61803436279297 59.90211486816406 0
   vertex 78.41582489013672 59.956295013427734 0
  endloop
 endfacet
 facet normal 0.25881138088405425 0.9659278798776278 0
  outer loop
   vertex 78.61803436279297 59.90211486816406 30
   vertex 78.41582489013672 59.956295013427734 0
   vertex 78.41582489013672 59.956295013427734 30
  endloop
 endfacet
 facet normal 0.3583696969907581 0.9335797557138609 0
  outer loop
   vertex 78.8134765625 59.827091217041016 30
   vertex 78.8134765625 59.827091217041016 0
   vertex 78.61803436279297 59.90211486816406 0
  endloop
 endfacet
 facet normal 0.4539940241270767 0.8910047284144474 0
  outer loop
   vertex 78.8134765625 59.827091217041016 30
   vertex 79 59.732051849365234 0
   vertex 78.8134765625 59.827091217041016 0
  endloop
 endfacet
 facet normal 0.3583696969907581 0.9335797557138609 0
  outer loop
   vertex 78.8134765625 59.827091217041016 30
   vertex 78.61803436279297 59.90211486816406 0
   vertex 78.61803436279297 59.90211486816406 30
  endloop
 endfacet
 facet normal 0.4539940241270767 0.8910047284144474 0
  outer loop
   vertex 79 59.732051849365234 30
   vertex 79 59.732051849365234 0
   vertex 78.8134765625 59.827091217041016 30
  endloop
 endfacet
 facet normal 0.5446475574150895 0.8386650333725477 0
  outer loop
   vertex 79.17556762695312 59.61803436279297 30
   vertex 79.17556762695312 59.61803436279297 0
   vertex 79 59.732051849365234 0
  endloop
 endfacet
 facet normal 0.5446475574150895 0.8386650333725477 0
  outer loop
   vertex 79.17556762695312 59.61803436279297 30
   vertex 79 59.732051849365234 0
   vertex 79 59.732051849365234 30
  endloop
 endfacet
 facet normal 0.629306205159223 0.7771574487503145 0
  outer loop
   vertex 79.33826446533203 59.486289978027344 30
   vertex 79.33826446533203 59.486289978027344 0
   vertex 79.17556762695312 59.61803436279297 0
  endloop
 endfacet
 facet normal 0.629306205159223 0.7771574487503145 0
  outer loop
   vertex 79.33826446533203 59.486289978027344 30
   vertex 79.17556762695312 59.61803436279297 0
   vertex 79.17556762695312 59.61803436279297 30
  endloop
 endfacet
 facet normal 0.7071158922719313 0.7070976699837654 0
  outer loop
   vertex 79.48628997802734 59.338260650634766 30
   vertex 79.48628997802734 59.338260650634766 0
   vertex 79.33826446533203 59.486289978027344 0
  endloop
 endfacet
 facet normal 0.7071158922719313 0.7070976699837654 0
  outer loop
   vertex 79.48628997802734 59.338260650634766 30
   vertex 79.33826446533203 59.486289978027344 0
   vertex 79.33826446533203 59.486289978027344 30
  endloop
 endfacet
 facet normal 0.7771430155561955 0.6293240289169191 0
  outer loop
   vertex 79.61803436279297 59.17557144165039 30
   vertex 79.61803436279297 59.17557144165039 0
   vertex 79.48628997802734 59.338260650634766 0
  endloop
 endfacet
 facet normal 0.7771430155561955 0.6293240289169191 0
  outer loop
   vertex 79.61803436279297 59.17557144165039 30
   vertex 79.48628997802734 59.338260650634766 0
   vertex 79.48628997802734 59.338260650634766 30
  endloop
 endfacet
 facet normal 0.8386787620692282 0.5446264169630656 0
  outer loop
   vertex 79.73204803466797 59 30
   vertex 79.73204803466797 59 0
   vertex 79.61803436279297 59.17557144165039 0
  endloop
 endfacet
 facet normal 0.8386787620692282 0.5446264169630656 0
  outer loop
   vertex 79.73204803466797 59 30
   vertex 79.61803436279297 59.17557144165039 0
   vertex 79.61803436279297 59.17557144165039 30
  endloop
 endfacet
 facet normal 0.8910084841618188 0.45398665305453406 0
  outer loop
   vertex 79.82708740234375 58.813472747802734 30
   vertex 79.82708740234375 58.813472747802734 0
   vertex 79.73204803466797 59 0
  endloop
 endfacet
 facet normal 0.9335713187180679 0.35839167522001364 0
  outer loop
   vertex 79.82708740234375 58.813472747802734 30
   vertex 79.90211486816406 58.61803436279297 0
   vertex 79.82708740234375 58.813472747802734 0
  endloop
 endfacet
 facet normal 0.8910084841618188 0.45398665305453406 0
  outer loop
   vertex 79.82708740234375 58.813472747802734 30
   vertex 79.73204803466797 59 0
   vertex 79.73204803466797 59 30
  endloop
 endfacet
 facet normal 0.9335713187180679 0.35839167522001364 0
  outer loop
   vertex 79.90211486816406 58.61803436279297 30
   vertex 79.90211486816406 58.61803436279297 0
   vertex 79.82708740234375 58.813472747802734 30
  endloop
 endfacet
 facet normal 0.9659233242987524 0.25882838247697476 0
  outer loop
   vertex 79.956298828125 58.41582489013672 30
   vertex 79.956298828125 58.41582489013672 0
   vertex 79.90211486816406 58.61803436279297 0
  endloop
 endfacet
 facet normal 0.9659233242987524 0.25882838247697476 0
  outer loop
   vertex 79.956298828125 58.41582489013672 30
   vertex 79.90211486816406 58.61803436279297 0
   vertex 79.90211486816406 58.61803436279297 30
  endloop
 endfacet
 facet normal 0.987690907656176 0.15641825639393786 0
  outer loop
   vertex 79.98904418945312 58.20905685424805 30
   vertex 79.98904418945312 58.20905685424805 0
   vertex 79.956298828125 58.41582489013672 0
  endloop
 endfacet
 facet normal 0.9986296333495777 0.05233407490429332 0
  outer loop
   vertex 79.98904418945312 58.20905685424805 30
   vertex 80 58 0
   vertex 79.98904418945312 58.20905685424805 0
  endloop
 endfacet
 facet normal 0.987690907656176 0.15641825639393786 0
  outer loop
   vertex 79.98904418945312 58.20905685424805 30
   vertex 79.956298828125 58.41582489013672 0
   vertex 79.956298828125 58.41582489013672 30
  endloop
 endfacet
 facet normal 0.9986296333495777 0.05233407490429332 0
  outer loop
   vertex 80 58 30
   vertex 80 58 0
   vertex 79.98904418945312 58.20905685424805 30
  endloop
 endfacet
 facet normal 1 0 0
  outer loop
   vertex 80 2 30
   vertex 80 2 0
   vertex 80 58 0
  endloop
 endfacet
 facet normal 1 0 0
  outer loop
   vertex 80 2 30
   vertex 80 58 0
   vertex 80 58 30
  endloop
 endfacet
 facet normal 0 1 0
  outer loop
   vertex 75 3 30
   vertex 75 3 3
   vertex 5 3 3
  endloop
 endfacet
 facet normal 0 1 0
  outer loop
   vertex 75 3 30
   vertex 5 3 3
   vertex 5 3 30
  endloop
 endfacet
 facet normal -0.05233539407934352 0.9986295642161612 0
  outer loop
   vertex 75.20906066894531 3.010956287384033 30
   vertex 75.20906066894531 3.010956287384033 3
   vertex 75 3 3
  endloop
 endfacet
 facet normal -0.05233539407934352 0.9986295642161612 0
  outer loop
   vertex 75.20906066894531 3.010956287384033 30
   vertex 75 3 3
   vertex 75 3 30
  endloop
 endfacet
 facet normal -0.1564355150140281 0.9876881742950533 0
  outer loop
   vertex 75.41582489013672 3.0437047481536865 30
   vertex 75.41582489013672 3.0437047481536865 3
   vertex 75.20906066894531 3.010956287384033 3
  endloop
 endfacet
 facet normal -0.2588209443096714 0.9659253173960449 0
  outer loop
   vertex 75.41582489013672 3.0437047481536865 30
   vertex 75.61803436279297 3.0978870391845703 3
   vertex 75.41582489013672 3.0437047481536865 3
  endloop
 endfacet
 facet normal -0.1564355150140281 0.9876881742950533 0
  outer loop
   vertex 75.41582489013672 3.0437047481536865 30
   vertex 75.20906066894531 3.010956287384033 3
   vertex 75.20906066894531 3.010956287384033 30
  endloop
 endfacet
 facet normal -0.2588209443096714 0.9659253173960449 0
  outer loop
   vertex 75.61803436279297 3.0978870391845703 30
   vertex 75.61803436279297 3.0978870391845703 3
   vertex 75.41582489013672 3.0437047481536865 30
  endloop
 endfacet
 facet normal -0.3583627487328324 0.93358242288544 0
  outer loop
   vertex 75.8134765625 3.1729090213775635 30
   vertex 75.8134765625 3.1729090213775635 3
   vertex 75.61803436279297 3.0978870391845703 3
  endloop
 endfacet
 facet normal -0.3583627487328324 0.93358242288544 0
  outer loop
   vertex 75.8134765625 3.1729090213775635 30
   vertex 75.61803436279297 3.0978870391845703 3
   vertex 75.61803436279297 3.0978870391845703 30
  endloop
 endfacet
 facet normal -0.4539967366096415 0.8910033463168338 0
  outer loop
   vertex 76 3.267949104309082 30
   vertex 76 3.267949104309082 3
   vertex 75.8134765625 3.1729090213775635 3
  endloop
 endfacet
 facet normal -0.544645955306057 0.8386660738152896 0
  outer loop
   vertex 76 3.267949104309082 30
   vertex 76.17556762695312 3.3819661140441895 3
   vertex 76 3.267949104309082 3
  endloop
 endfacet
 facet normal -0.4539967366096415 0.8910033463168338 0
  outer loop
   vertex 76 3.267949104309082 30
   vertex 75.8134765625 3.1729090213775635 3
   vertex 75.8134765625 3.1729090213775635 30
  endloop
 endfacet
 facet normal -0.544645955306057 0.8386660738152896 0
  outer loop
   vertex 76.17556762695312 3.3819661140441895 30
   vertex 76.17556762695312 3.3819661140441895 3
   vertex 76 3.267949104309082 30
  endloop
 endfacet
 facet normal -0.6293055173175401 0.7771580057322344 0
  outer loop
   vertex 76.33826446533203 3.5137102603912354 30
   vertex 76.33826446533203 3.5137102603912354 3
   vertex 76.17556762695312 3.3819661140441895 3
  endloop
 endfacet
 facet normal -0.6293055173175401 0.7771580057322344 0
  outer loop
   vertex 76.33826446533203 3.5137102603912354 30
   vertex 76.17556762695312 3.3819661140441895 3
   vertex 76.17556762695312 3.3819661140441895 30
  endloop
 endfacet
 facet normal -0.7071141839702492 0.7070993783253443 0
  outer loop
   vertex 76.48628997802734 3.661738872528076 30
   vertex 76.48628997802734 3.661738872528076 3
   vertex 76.33826446533203 3.5137102603912354 3
  endloop
 endfacet
 facet normal -0.7771457218735071 0.6293206869106605 0
  outer loop
   vertex 76.48628997802734 3.661738872528076 30
   vertex 76.61803436279297 3.824429512023926 3
   vertex 76.48628997802734 3.661738872528076 3
  endloop
 endfacet
 facet normal -0.7071141839702492 0.7070993783253443 0
  outer loop
   vertex 76.48628997802734 3.661738872528076 30
   vertex 76.33826446533203 3.5137102603912354 3
   vertex 76.33826446533203 3.5137102603912354 30
  endloop
 endfacet
 facet normal -0.7771457218735071 0.6293206869106605 0
  outer loop
   vertex 76.61803436279297 3.824429512023926 30
   vertex 76.61803436279297 3.824429512023926 3
   vertex 76.48628997802734 3.661738872528076 30
  endloop
 endfacet
 facet normal -0.838677410800421 0.5446284977974456 0
  outer loop
   vertex 76.73204803466797 4 30
   vertex 76.73204803466797 4 3
   vertex 76.61803436279297 3.824429512023926 3
  endloop
 endfacet
 facet normal -0.838677410800421 0.5446284977974456 0
  outer loop
   vertex 76.73204803466797 4 30
   vertex 76.61803436279297 3.824429512023926 3
   vertex 76.61803436279297 3.824429512023926 30
  endloop
 endfacet
 facet normal -0.8910080147034017 0.4539875744272113 0
  outer loop
   vertex 76.82708740234375 4.186526775360107 30
   vertex 76.82708740234375 4.186526775360107 3
   vertex 76.73204803466797 4 3
  endloop
 endfacet
 facet normal -0.9335719038459296 0.3583901510218802 0
  outer loop
   vertex 76.82708740234375 4.186526775360107 30
   vertex 76.90211486816406 4.3819661140441895 3
   vertex 76.82708740234375 4.186526775360107 3
  endloop
 endfacet
 facet normal -0.8910080147034017 0.4539875744272113 0
  outer loop
   vertex 76.82708740234375 4.186526775360107 30
   vertex 76.73204803466797 4 3
   vertex 76.73204803466797 4 30
  endloop
 endfacet
 facet normal -0.9335719038459296 0.3583901510218802 0
  outer loop
   vertex 76.90211486816406 4.3819661140441895 30
   vertex 76.90211486816406 4.3819661140441895 3
   vertex 76.82708740234375 4.186526775360107 30
  endloop
 endfacet
 facet normal -0.9659236294830423 0.2588272435550529 0
  outer loop
   vertex 76.956298828125 4.584176540374756 30
   vertex 76.956298828125 4.584176540374756 3
   vertex 76.90211486816406 4.3819661140441895 3
  endloop
 endfacet
 facet normal -0.9659236294830423 0.2588272435550529 0
  outer loop
   vertex 76.956298828125 4.584176540374756 30
   vertex 76.90211486816406 4.3819661140441895 3
   vertex 76.90211486816406 4.3819661140441895 30
  endloop
 endfacet
 facet normal -0.9876907404669538 0.15641931209361784 0
  outer loop
   vertex 76.98904418945312 4.790943145751953 30
   vertex 76.98904418945312 4.790943145751953 3
   vertex 76.956298828125 4.584176540374756 3
  endloop
 endfacet
 facet normal -0.9986296333495776 0.05233407490429332 0
  outer loop
   vertex 76.98904418945312 4.790943145751953 30
   vertex 77 5 3
   vertex 76.98904418945312 4.790943145751953 3
  endloop
 endfacet
 facet normal -0.9876907404669538 0.15641931209361784 0
  outer loop
   vertex 76.98904418945312 4.790943145751953 30
   vertex 76.956298828125 4.584176540374756 3
   vertex 76.956298828125 4.584176540374756 30
  endloop
 endfacet
 facet normal -0.9986296333495776 0.05233407490429332 0
  outer loop
   vertex 77 5 30
   vertex 77 5 3
   vertex 76.98904418945312 4.790943145751953 30
  endloop
 endfacet
 facet normal 0.05233634643676672 0.9986295143053059 0
  outer loop
   vertex 4.790943145751953 3.010956287384033 30
   vertex 5 3 3
   vertex 4.790943145751953 3.010956287384033 3
  endloop
 endfacet
 facet normal 0.05233634643676672 0.9986295143053059 0
  outer loop
   vertex 4.790943145751953 3.010956287384033 30
   vertex 5 3 30
   vertex 5 3 3
  endloop
 endfacet
 facet normal 0.15643375532897277 0.9876884530020967 0
  outer loop
   vertex 4.584176540374756 3.0437047481536865 30
   vertex 4.790943145751953 3.010956287384033 3
   vertex 4.584176540374756 3.0437047481536865 3
  endloop
 endfacet
 facet normal 0.25881980541577965 0.9659256225634238 0
  outer loop
   vertex 4.584176540374756 3.0437047481536865 30
   vertex 4.584176540374756 3.0437047481536865 3
   vertex 4.3819661140441895 3.0978870391845703 3
  endloop
 endfacet
 facet normal 0.15643375532897277 0.9876884530020967 0
  outer loop
   vertex 4.584176540374756 3.0437047481536865 30
   vertex 4.790943145751953 3.010956287384033 30
   vertex 4.790943145751953 3.010956287384033 3
  endloop
 endfacet
 facet normal 0.25881980541577965 0.9659256225634238 0
  outer loop
   vertex 4.3819661140441895 3.0978870391845703 30
   vertex 4.584176540374756 3.0437047481536865 30
   vertex 4.3819661140441895 3.0978870391845703 3
  endloop
 endfacet
 facet normal 0.3583673210497445 0.933580667753799 0
  outer loop
   vertex 4.186526775360107 3.1729090213775635 30
   vertex 4.3819661140441895 3.0978870391845703 3
   vertex 4.186526775360107 3.1729090213775635 3
  endloop
 endfacet
 facet normal 0.3583673210497445 0.933580667753799 0
  outer loop
   vertex 4.186526775360107 3.1729090213775635 30
   vertex 4.3819661140441895 3.0978870391845703 30
   vertex 4.3819661140441895 3.0978870391845703 3
  endloop
 endfacet
 facet normal 0.4539902868912498 0.8910066326399599 0
  outer loop
   vertex 4 3.267949104309082 30
   vertex 4.186526775360107 3.1729090213775635 3
   vertex 4 3.267949104309082 3
  endloop
 endfacet
 facet normal 0.5446397127075071 0.8386701278463923 0
  outer loop
   vertex 4 3.267949104309082 30
   vertex 4 3.267949104309082 3
   vertex 3.824429512023926 3.3819661140441895 3
  endloop
 endfacet
 facet normal 0.4539902868912498 0.8910066326399599 0
  outer loop
   vertex 4 3.267949104309082 30
   vertex 4.186526775360107 3.1729090213775635 30
   vertex 4.186526775360107 3.1729090213775635 3
  endloop
 endfacet
 facet normal 0.5446397127075071 0.8386701278463923 0
  outer loop
   vertex 3.824429512023926 3.3819661140441895 30
   vertex 4 3.267949104309082 30
   vertex 3.824429512023926 3.3819661140441895 3
  endloop
 endfacet
 facet normal 0.6293199990739072 0.7771462788726569 0
  outer loop
   vertex 3.661738872528076 3.5137102603912354 30
   vertex 3.824429512023926 3.3819661140441895 3
   vertex 3.661738872528076 3.5137102603912354 3
  endloop
 endfacet
 facet normal 0.6293199990739072 0.7771462788726569 0
  outer loop
   vertex 3.661738872528076 3.5137102603912354 30
   vertex 3.824429512023926 3.3819661140441895 30
   vertex 3.824429512023926 3.3819661140441895 3
  endloop
 endfacet
 facet normal 0.7071067811865476 0.7071067811865476 0
  outer loop
   vertex 3.5137102603912354 3.661738872528076 30
   vertex 3.661738872528076 3.5137102603912354 3
   vertex 3.5137102603912354 3.661738872528076 3
  endloop
 endfacet
 facet normal 0.7771462788726569 0.6293199990739072 0
  outer loop
   vertex 3.5137102603912354 3.661738872528076 30
   vertex 3.5137102603912354 3.661738872528076 3
   vertex 3.3819661140441895 3.824429512023926 3
  endloop
 endfacet
 facet normal 0.7071067811865476 0.7071067811865476 0
  outer loop
   vertex 3.5137102603912354 3.661738872528076 30
   vertex 3.661738872528076 3.5137102603912354 30
   vertex 3.661738872528076 3.5137102603912354 3
  endloop
 endfacet
 facet normal 0.7771462788726569 0.6293199990739072 0
  outer loop
   vertex 3.3819661140441895 3.824429512023926 30
   vertex 3.5137102603912354 3.661738872528076 30
   vertex 3.3819661140441895 3.824429512023926 3
  endloop
 endfacet
 facet normal 0.8386701278463923 0.5446397127075071 0
  outer loop
   vertex 3.267949104309082 4 30
   vertex 3.3819661140441895 3.824429512023926 3
   vertex 3.267949104309082 4 3
  endloop
 endfacet
 facet normal 0.8386701278463923 0.5446397127075071 0
  outer loop
   vertex 3.267949104309082 4 30
   vertex 3.3819661140441895 3.824429512023926 30
   vertex 3.3819661140441895 3.824429512023926 3
  endloop
 endfacet
 facet normal 0.8910066326399599 0.4539902868912498 0
  outer loop
   vertex 3.1729090213775635 4.186526775360107 30
   vertex 3.267949104309082 4 3
   vertex 3.1729090213775635 4.186526775360107 3
  endloop
 endfacet
 facet normal 0.933580667753799 0.3583673210497445 0
  outer loop
   vertex 3.1729090213775635 4.186526775360107 30
   vertex 3.1729090213775635 4.186526775360107 3
   vertex 3.0978870391845703 4.3819661140441895 3
  endloop
 endfacet
 facet normal 0.8910066326399599 0.4539902868912498 0
  outer loop
   vertex 3.1729090213775635 4.186526775360107 30
   vertex 3.267949104309082 4 30
   vertex 3.267949104309082 4 3
  endloop
 endfacet
 facet normal 0.933580667753799 0.3583673210497445 0
  outer loop
   vertex 3.0978870391845703 4.3819661140441895 30
   vertex 3.1729090213775635 4.186526775360107 30
   vertex 3.0978870391845703 4.3819661140441895 3
  endloop
 endfacet
 facet normal 0.9659256225634238 0.25881980541577965 0
  outer loop
   vertex 3.0437047481536865 4.584176540374756 30
   vertex 3.0978870391845703 4.3819661140441895 3
   vertex 3.0437047481536865 4.584176540374756 3
  endloop
 endfacet
 facet normal 0.9659256225634238 0.25881980541577965 0
  outer loop
   vertex 3.0437047481536865 4.584176540374756 30
   vertex 3.0978870391845703 4.3819661140441895 30
   vertex 3.0978870391845703 4.3819661140441895 3
  endloop
 endfacet
 facet normal 0.9876884530020967 0.15643375532897277 0
  outer loop
   vertex 3.010956287384033 4.790943145751953 30
   vertex 3.0437047481536865 4.584176540374756 3
   vertex 3.010956287384033 4.790943145751953 3
  endloop
 endfacet
 facet normal 0.9986295143053059 0.05233634643676672 0
  outer loop
   vertex 3.010956287384033 4.790943145751953 30
   vertex 3.010956287384033 4.790943145751953 3
   vertex 3 5 3
  endloop
 endfacet
 facet normal 0.9876884530020967 0.15643375532897277 0
  outer loop
   vertex 3.010956287384033 4.790943145751953 30
   vertex 3.0437047481536865 4.584176540374756 30
   vertex 3.0437047481536865 4.584176540374756 3
  endloop
 endfacet
 facet normal 0.9986295143053059 0.05233634643676672 0
  outer loop
   vertex 3 5 30
   vertex 3.010956287384033 4.790943145751953 30
   vertex 3 5 3
  endloop
 endfacet
 facet normal -1 0 0
  outer loop
   vertex 77 5 30
   vertex 77 55 3
   vertex 77 5 3
  endloop
 endfacet
 facet normal -1 0 0
  outer loop
   vertex 77 5 30
   vertex 77 55 30
   vertex 77 55 3
  endloop
 endfacet
 facet normal 1 0 0
  outer loop
   vertex 3 5 30
   vertex 3 5 3
   vertex 3 55 3
  endloop
 endfacet
 facet normal 1 0 0
  outer loop
   vertex 3 5 30
   vertex 3 55 3
   vertex 3 55 30
  endloop
 endfacet
 facet normal -0.9986296333495776 -0.05233407490429332 0
  outer loop
   vertex 77 55 30
   vertex 76.98904418945312 55.20905685424805 3
   vertex 77 55 3
  endloop
 endfacet
 facet normal -0.987690907656176 -0.1564182563939379 0
  outer loop
   vertex 76.98904418945312 55.20905685424805 30
   vertex 76.956298828125 55.41582489013672 3
   vertex 76.98904418945312 55.20905685424805 3
  endloop
 endfacet
 facet normal -0.9986296333495776 -0.05233407490429332 0
  outer loop
   vertex 76.98904418945312 55.20905685424805 30
   vertex 76.98904418945312 55.20905685424805 3
   vertex 77 55 30
  endloop
 endfacet
 facet normal -0.987690907656176 -0.1564182563939379 0
  outer loop
   vertex 76.956298828125 55.41582489013672 30
   vertex 76.956298828125 55.41582489013672 3
   vertex 76.98904418945312 55.20905685424805 30
  endloop
 endfacet
 facet normal -0.9659233242987524 -0.25882838247697476 0
  outer loop
   vertex 76.90211486816406 55.61803436279297 30
   vertex 76.90211486816406 55.61803436279297 3
   vertex 76.956298828125 55.41582489013672 3
  endloop
 endfacet
 facet normal -0.933571318718068 -0.3583916752200137 0
  outer loop
   vertex 76.90211486816406 55.61803436279297 30
   vertex 76.82708740234375 55.813472747802734 3
   vertex 76.90211486816406 55.61803436279297 3
  endloop
 endfacet
 facet normal -0.9659233242987524 -0.25882838247697476 0
  outer loop
   vertex 76.90211486816406 55.61803436279297 30
   vertex 76.956298828125 55.41582489013672 3
   vertex 76.956298828125 55.41582489013672 30
  endloop
 endfacet
 facet normal -0.933571318718068 -0.3583916752200137 0
  outer loop
   vertex 76.82708740234375 55.813472747802734 30
   vertex 76.82708740234375 55.813472747802734 3
   vertex 76.90211486816406 55.61803436279297 30
  endloop
 endfacet
 facet normal -0.8910084841618188 -0.4539866530545341 0
  outer loop
   vertex 76.73204803466797 56 30
   vertex 76.73204803466797 56 3
   vertex 76.82708740234375 55.813472747802734 3
  endloop
 endfacet
 facet normal -0.8386787620692281 -0.5446264169630655 0
  outer loop
   vertex 76.73204803466797 56 30
   vertex 76.61803436279297 56.17557144165039 3
   vertex 76.73204803466797 56 3
  endloop
 endfacet
 facet normal -0.8910084841618188 -0.4539866530545341 0
  outer loop
   vertex 76.73204803466797 56 30
   vertex 76.82708740234375 55.813472747802734 3
   vertex 76.82708740234375 55.813472747802734 30
  endloop
 endfacet
 facet normal -0.8386787620692281 -0.5446264169630655 0
  outer loop
   vertex 76.61803436279297 56.17557144165039 30
   vertex 76.61803436279297 56.17557144165039 3
   vertex 76.73204803466797 56 30
  endloop
 endfacet
 facet normal -0.7771430155561955 -0.6293240289169191 0
  outer loop
   vertex 76.48628997802734 56.338260650634766 30
   vertex 76.48628997802734 56.338260650634766 3
   vertex 76.61803436279297 56.17557144165039 3
  endloop
 endfacet
 facet normal -0.7071158922719314 -0.7070976699837656 0
  outer loop
   vertex 76.48628997802734 56.338260650634766 30
   vertex 76.33826446533203 56.486289978027344 3
   vertex 76.48628997802734 56.338260650634766 3
  endloop
 endfacet
 facet normal -0.7771430155561955 -0.6293240289169191 0
  outer loop
   vertex 76.48628997802734 56.338260650634766 30
   vertex 76.61803436279297 56.17557144165039 3
   vertex 76.61803436279297 56.17557144165039 30
  endloop
 endfacet
 facet normal -0.7071158922719314 -0.7070976699837656 0
  outer loop
   vertex 76.33826446533203 56.486289978027344 30
   vertex 76.33826446533203 56.486289978027344 3
   vertex 76.48628997802734 56.338260650634766 30
  endloop
 endfacet
 facet normal -0.629306205159223 -0.7771574487503146 0
  outer loop
   vertex 76.17556762695312 56.61803436279297 30
   vertex 76.17556762695312 56.61803436279297 3
   vertex 76.33826446533203 56.486289978027344 3
  endloop
 endfacet
 facet normal -0.629306205159223 -0.7771574487503146 0
  outer loop
   vertex 76.17556762695312 56.61803436279297 30
   vertex 76.33826446533203 56.486289978027344 3
   vertex 76.33826446533203 56.486289978027344 30
  endloop
 endfacet
 facet normal -0.5446475574150895 -0.8386650333725478 0
  outer loop
   vertex 76 56.732051849365234 30
   vertex 76 56.732051849365234 3
   vertex 76.17556762695312 56.61803436279297 3
  endloop
 endfacet
 facet normal -0.5446475574150895 -0.8386650333725478 0
  outer loop
   vertex 76 56.732051849365234 30
   vertex 76.17556762695312 56.61803436279297 3
   vertex 76.17556762695312 56.61803436279297 30
  endloop
 endfacet
 facet normal -0.45399402412707673 -0.8910047284144474 0
  outer loop
   vertex 75.8134765625 56.827091217041016 30
   vertex 75.8134765625 56.827091217041016 3
   vertex 76 56.732051849365234 3
  endloop
 endfacet
 facet normal -0.45399402412707673 -0.8910047284144474 0
  outer loop
   vertex 75.8134765625 56.827091217041016 30
   vertex 76 56.732051849365234 3
   vertex 76 56.732051849365234 30
  endloop
 endfacet
 facet normal -0.35836969699075816 -0.933579755713861 0
  outer loop
   vertex 75.61803436279297 56.90211486816406 30
   vertex 75.61803436279297 56.90211486816406 3
   vertex 75.8134765625 56.827091217041016 3
  endloop
 endfacet
 facet normal -0.35836969699075816 -0.933579755713861 0
  outer loop
   vertex 75.61803436279297 56.90211486816406 30
   vertex 75.8134765625 56.827091217041016 3
   vertex 75.8134765625 56.827091217041016 30
  endloop
 endfacet
 facet normal -0.25881138088405425 -0.9659278798776278 0
  outer loop
   vertex 75.41582489013672 56.956295013427734 30
   vertex 75.41582489013672 56.956295013427734 3
   vertex 75.61803436279297 56.90211486816406 3
  endloop
 endfacet
 facet normal -0.25881138088405425 -0.9659278798776278 0
  outer loop
   vertex 75.41582489013672 56.956295013427734 30
   vertex 75.61803436279297 56.90211486816406 3
   vertex 75.61803436279297 56.90211486816406 30
  endloop
 endfacet
 facet normal -0.15643884808970102 -0.9876876463783313 0
  outer loop
   vertex 75.20906066894531 56.989044189453125 30
   vertex 75.20906066894531 56.989044189453125 3
   vertex 75.41582489013672 56.956295013427734 3
  endloop
 endfacet
 facet normal -0.15643884808970102 -0.9876876463783313 0
  outer loop
   vertex 75.20906066894531 56.989044189453125 30
   vertex 75.41582489013672 56.956295013427734 3
   vertex 75.41582489013672 56.956295013427734 30
  endloop
 endfacet
 facet normal -0.05233312258797785 -0.9986296832561066 0
  outer loop
   vertex 75 57 30
   vertex 75 57 3
   vertex 75.20906066894531 56.989044189453125 3
  endloop
 endfacet
 facet normal -0.05233312258797785 -0.9986296832561066 0
  outer loop
   vertex 75 57 30
   vertex 75.20906066894531 56.989044189453125 3
   vertex 75.20906066894531 56.989044189453125 30
  endloop
 endfacet
 facet normal 0.05233407490429332 -0.9986296333495776 0
  outer loop
   vertex 4.790943145751953 56.989044189453125 30
   vertex 4.790943145751953 56.989044189453125 3
   vertex 5 57 3
  endloop
 endfacet
 facet normal 0.05233407490429332 -0.9986296333495776 0
  outer loop
   vertex 4.790943145751953 56.989044189453125 30
   vertex 5 57 3
   vertex 5 57 30
  endloop
 endfacet
 facet normal 0.1564370883690342 -0.9876879250971021 0
  outer loop
   vertex 4.584176540374756 56.956295013427734 30
   vertex 4.584176540374756 56.956295013427734 3
   vertex 4.790943145751953 56.989044189453125 3
  endloop
 endfacet
 facet normal 0.1564370883690342 -0.9876879250971021 0
  outer loop
   vertex 4.584176540374756 56.956295013427734 30
   vertex 4.790943145751953 56.989044189453125 3
   vertex 4.790943145751953 56.989044189453125 30
  endloop
 endfacet
 facet normal 0.2588102420262022 -0.9659281850232649 0
  outer loop
   vertex 4.3819661140441895 56.90211486816406 30
   vertex 4.3819661140441895 56.90211486816406 3
   vertex 4.584176540374756 56.956295013427734 3
  endloop
 endfacet
 facet normal 0.2588102420262022 -0.9659281850232649 0
  outer loop
   vertex 4.3819661140441895 56.90211486816406 30
   vertex 4.584176540374756 56.956295013427734 3
   vertex 4.584176540374756 56.956295013427734 30
  endloop
 endfacet
 facet normal 0.35837426937019595 -0.9335780005191737 0
  outer loop
   vertex 4.186526775360107 56.827091217041016 30
   vertex 4.186526775360107 56.827091217041016 3
   vertex 4.3819661140441895 56.90211486816406 3
  endloop
 endfacet
 facet normal 0.4539875744272113 -0.8910080147034017 0
  outer loop
   vertex 4.186526775360107 56.827091217041016 30
   vertex 4 56.732051849365234 3
   vertex 4.186526775360107 56.827091217041016 3
  endloop
 endfacet
 facet normal 0.35837426937019595 -0.9335780005191737 0
  outer loop
   vertex 4.186526775360107 56.827091217041016 30
   vertex 4.3819661140441895 56.90211486816406 3
   vertex 4.3819661140441895 56.90211486816406 30
  endloop
 endfacet
 facet normal 0.4539875744272113 -0.8910080147034017 0
  outer loop
   vertex 4 56.732051849365234 30
   vertex 4 56.732051849365234 3
   vertex 4.186526775360107 56.827091217041016 30
  endloop
 endfacet
 facet normal 0.5446413148136656 -0.8386690874224717 0
  outer loop
   vertex 3.824429512023926 56.61803436279297 30
   vertex 3.824429512023926 56.61803436279297 3
   vertex 4 56.732051849365234 3
  endloop
 endfacet
 facet normal 0.6293206869106605 -0.7771457218735071 0
  outer loop
   vertex 3.824429512023926 56.61803436279297 30
   vertex 3.661738872528076 56.486289978027344 3
   vertex 3.824429512023926 56.61803436279297 3
  endloop
 endfacet
 facet normal 0.5446413148136656 -0.8386690874224717 0
  outer loop
   vertex 3.824429512023926 56.61803436279297 30
   vertex 4 56.732051849365234 3
   vertex 4 56.732051849365234 30
  endloop
 endfacet
 facet normal 0.6293206869106605 -0.7771457218735071 0
  outer loop
   vertex 3.661738872528076 56.486289978027344 30
   vertex 3.661738872528076 56.486289978027344 3
   vertex 3.824429512023926 56.61803436279297 30
  endloop
 endfacet
 facet normal 0.7071084895061149 -0.7071050728628528 0
  outer loop
   vertex 3.5137102603912354 56.338260650634766 30
   vertex 3.5137102603912354 56.338260650634766 3
   vertex 3.661738872528076 56.486289978027344 3
  endloop
 endfacet
 facet normal 0.7771435725593212 -0.6293233410813035 0
  outer loop
   vertex 3.5137102603912354 56.338260650634766 30
   vertex 3.3819661140441895 56.17557144165039 3
   vertex 3.5137102603912354 56.338260650634766 3
  endloop
 endfacet
 facet normal 0.7071084895061149 -0.7071050728628528 0
  outer loop
   vertex 3.5137102603912354 56.338260650634766 30
   vertex 3.661738872528076 56.486289978027344 3
   vertex 3.661738872528076 56.486289978027344 30
  endloop
 endfacet
 facet normal 0.7771435725593212 -0.6293233410813035 0
  outer loop
   vertex 3.3819661140441895 56.17557144165039 30
   vertex 3.3819661140441895 56.17557144165039 3
   vertex 3.5137102603912354 56.338260650634766 30
  endloop
 endfacet
 facet normal 0.8386714791591159 -0.5446376318664187 0
  outer loop
   vertex 3.267949104309082 56 30
   vertex 3.267949104309082 56 3
   vertex 3.3819661140441895 56.17557144165039 3
  endloop
 endfacet
 facet normal 0.8386714791591159 -0.5446376318664187 0
  outer loop
   vertex 3.267949104309082 56 30
   vertex 3.3819661140441895 56.17557144165039 3
   vertex 3.3819661140441895 56.17557144165039 30
  endloop
 endfacet
 facet normal 0.8910071021032588 -0.45398936551592606 0
  outer loop
   vertex 3.1729090213775635 55.813472747802734 30
   vertex 3.1729090213775635 55.813472747802734 3
   vertex 3.267949104309082 56 3
  endloop
 endfacet
 facet normal 0.9335800826949895 -0.3583688451793996 0
  outer loop
   vertex 3.1729090213775635 55.813472747802734 30
   vertex 3.0978870391845703 55.61803436279297 3
   vertex 3.1729090213775635 55.813472747802734 3
  endloop
 endfacet
 facet normal 0.8910071021032588 -0.45398936551592606 0
  outer loop
   vertex 3.1729090213775635 55.813472747802734 30
   vertex 3.267949104309082 56 3
   vertex 3.267949104309082 56 30
  endloop
 endfacet
 facet normal 0.9335800826949895 -0.3583688451793996 0
  outer loop
   vertex 3.0978870391845703 55.61803436279297 30
   vertex 3.0978870391845703 55.61803436279297 3
   vertex 3.1729090213775635 55.813472747802734 30
  endloop
 endfacet
 facet normal 0.9659253173960449 -0.2588209443096714 0
  outer loop
   vertex 3.0437047481536865 55.41582489013672 30
   vertex 3.0437047481536865 55.41582489013672 3
   vertex 3.0978870391845703 55.61803436279297 3
  endloop
 endfacet
 facet normal 0.9876886202218083 -0.15643269953670336 0
  outer loop
   vertex 3.0437047481536865 55.41582489013672 30
   vertex 3.010956287384033 55.20905685424805 3
   vertex 3.0437047481536865 55.41582489013672 3
  endloop
 endfacet
 facet normal 0.9659253173960449 -0.2588209443096714 0
  outer loop
   vertex 3.0437047481536865 55.41582489013672 30
   vertex 3.0978870391845703 55.61803436279297 3
   vertex 3.0978870391845703 55.61803436279297 30
  endloop
 endfacet
 facet normal 0.9986295143053059 -0.05233634643676672 0
  outer loop
   vertex 3.010956287384033 55.20905685424805 30
   vertex 3 55 3
   vertex 3.010956287384033 55.20905685424805 3
  endloop
 endfacet
 facet normal 0.9876886202218083 -0.15643269953670336 0
  outer loop
   vertex 3.010956287384033 55.20905685424805 30
   vertex 3.010956287384033 55.20905685424805 3
   vertex 3.0437047481536865 55.41582489013672 30
  endloop
 endfacet
 facet normal 0.9986295143053059 -0.05233634643676672 0
  outer loop
   vertex 3 55 30
   vertex 3 55 3
   vertex 3.010956287384033 55.20905685424805 30
  endloop
 endfacet
 facet normal 0 -1 0
  outer loop
   vertex 75 57 30
   vertex 5 57 3
   vertex 75 57 3
  endloop
 endfacet
 facet normal 0 -1 0
  outer loop
   vertex 75 57 30
   vertex 5 57 30
   vertex 5 57 3
  endloop
 endfacet
 facet normal 0 0 1
  outer loop
   vertex 4.186526775360107 3.1729090213775635 3
   vertex 3.824429512023926 3.3819661140441895 3
   vertex 4 3.267949104309082 3
  endloop
 endfacet
 facet normal 0 0 0.9999999999999999
  outer loop
   vertex 4.790943145751953 3.010956287384033 3
   vertex 4.3819661140441895 3.0978870391845703 3
   vertex 4.584176540374756 3.0437047481536865 3
  endloop
 endfacet
 facet normal 0 0 1
  outer loop
   vertex 3 5 3
   vertex 3.267949104309082 4 3
   vertex 3.3819661140441895 3.824429512023926 3
  endloop
 endfacet
 facet normal 0 0 1
  outer loop
   vertex 3 5 3
   vertex 3.1729090213775635 4.186526775360107 3
   vertex 3.267949104309082 4 3
  endloop
 endfacet
 facet normal 0 0 1
  outer loop
   vertex 3 5 3
   vertex 3.0978870391845703 4.3819661140441895 3
   vertex 3.1729090213775635 4.186526775360107 3
  endloop
 endfacet
 facet normal 0 0 1
  outer loop
   vertex 3 5 3
   vertex 3.0437047481536865 4.584176540374756 3
   vertex 3.0978870391845703 4.3819661140441895 3
  endloop
 endfacet
 facet normal 0 0 1
  outer loop
   vertex 3 5 3
   vertex 3.010956287384033 4.790943145751953 3
   vertex 3.0437047481536865 4.584176540374756 3
  endloop
 endfacet
 facet normal 0 0 1
  outer loop
   vertex 5 3 3
   vertex 4.186526775360107 3.1729090213775635 3
   vertex 4.3819661140441895 3.0978870391845703 3
  endloop
 endfacet
 facet normal 0 0 1
  outer loop
   vertex 5 3 3
   vertex 3.661738872528076 3.5137102603912354 3
   vertex 3.824429512023926 3.3819661140441895 3
  endloop
 endfacet
 facet normal 0 0 1
  outer loop
   vertex 5 3 3
   vertex 3.5137102603912354 3.661738872528076 3
   vertex 3.661738872528076 3.5137102603912354 3
  endloop
 endfacet
 facet normal 0 0 1
  outer loop
   vertex 5 3 3
   vertex 3.3819661140441895 3.824429512023926 3
   vertex 3.5137102603912354 3.661738872528076 3
  endloop
 endfacet
 facet normal 0 0 1
  outer loop
   vertex 5 3 3
   vertex 3.824429512023926 3.3819661140441895 3
   vertex 4.186526775360107 3.1729090213775635 3
  endloop
 endfacet
 facet normal 0 0 1
  outer loop
   vertex 5 3 3
   vertex 4.3819661140441895 3.0978870391845703 3
   vertex 4.790943145751953 3.010956287384033 3
  endloop
 endfacet
 facet normal 0 0 1
  outer loop
   vertex 5 3 3
   vertex 3 5 3
   vertex 3.3819661140441895 3.824429512023926 3
  endloop
 endfacet
 facet normal 0 0 1
  outer loop
   vertex 3.0437047481536865 55.41582489013672 3
   vertex 3.010956287384033 55.20905685424805 3
   vertex 3 55 3
  endloop
 endfacet
 facet normal 0 0 1
  outer loop
   vertex 3.267949104309082 56 3
   vertex 3.1729090213775635 55.813472747802734 3
   vertex 3.0978870391845703 55.61803436279297 3
  endloop
 endfacet
 facet normal 0 0 1
  outer loop
   vertex 3.267949104309082 56 3
   vertex 3.0978870391845703 55.61803436279297 3
   vertex 3.0437047481536865 55.41582489013672 3
  endloop
 endfacet
 facet normal 0 0 1
  outer loop
   vertex 3.3819661140441895 56.17557144165039 3
   vertex 3.267949104309082 56 3
   vertex 3.0437047481536865 55.41582489013672 3
  endloop
 endfacet
 facet normal 0 0 1
  outer loop
   vertex 3.661738872528076 56.486289978027344 3
   vertex 3.5137102603912354 56.338260650634766 3
   vertex 3.3819661140441895 56.17557144165039 3
  endloop
 endfacet
 facet normal 0 0 1
  outer loop
   vertex 3.824429512023926 56.61803436279297 3
   vertex 3.661738872528076 56.486289978027344 3
   vertex 3.3819661140441895 56.17557144165039 3
  endloop
 endfacet
 facet normal 0 0 1
  outer loop
   vertex 3.824429512023926 56.61803436279297 3
   vertex 3.3819661140441895 56.17557144165039 3
   vertex 3.0437047481536865 55.41582489013672 3
  endloop
 endfacet
 facet normal 0 0 1
  outer loop
   vertex 4.3819661140441895 56.90211486816406 3
   vertex 4.186526775360107 56.827091217041016 3
   vertex 4 56.732051849365234 3
  endloop
 endfacet
 facet normal 0 0 1
  outer loop
   vertex 4.584176540374756 56.956295013427734 3
   vertex 3.0437047481536865 55.41582489013672 3
   vertex 3 55 3
  endloop
 endfacet
 facet normal 0 0 0.9999999999999999
  outer loop
   vertex 4.584176540374756 56.956295013427734 3
   vertex 3.824429512023926 56.61803436279297 3
   vertex 3.0437047481536865 55.41582489013672 3
  endloop
 endfacet
 facet normal 0 0 1
  outer loop
   vertex 4.584176540374756 56.956295013427734 3
   vertex 4.3819661140441895 56.90211486816406 3
   vertex 4 56.732051849365234 3
  endloop
 endfacet
 facet normal 0 0 1
  outer loop
   vertex 4.584176540374756 56.956295013427734 3
   vertex 4 56.732051849365234 3
   vertex 3.824429512023926 56.61803436279297 3
  endloop
 endfacet
 facet normal 0 0 1
  outer loop
   vertex 5 57 3
   vertex 3 55 3
   vertex 3 5 3
  endloop
 endfacet
 facet normal 0 0 1
  outer loop
   vertex 5 57 3
   vertex 4.584176540374756 56.956295013427734 3
   vertex 3 55 3
  endloop
 endfacet
 facet normal 0 0 1
  outer loop
   vertex 5 57 3
   vertex 4.790943145751953 56.989044189453125 3
   vertex 4.584176540374756 56.956295013427734 3
  endloop
 endfacet
 facet normal 0 0 1
  outer loop
   vertex 5 57 3
   vertex 3 5 3
   vertex 5 3 3
  endloop
 endfacet
 facet normal 0 0 1
  outer loop
   vertex 75.61803436279297 3.0978870391845703 3
   vertex 75 3 3
   vertex 75.20906066894531 3.010956287384033 3
  endloop
 endfacet
 facet normal 0 0 0.9999999999999999
  outer loop
   vertex 75.61803436279297 3.0978870391845703 3
   vertex 75.20906066894531 3.010956287384033 3
   vertex 75.41582489013672 3.0437047481536865 3
  endloop
 endfacet
 facet normal 0 0 1
  outer loop
   vertex 76 3.267949104309082 3
   vertex 75.61803436279297 3.0978870391845703 3
   vertex 75.8134765625 3.1729090213775635 3
  endloop
 endfacet
 facet normal 0 0 1
  outer loop
   vertex 76 3.267949104309082 3
   vertex 75 3 3
   vertex 75.61803436279297 3.0978870391845703 3
  endloop
 endfacet
 facet normal 0 0 1
  outer loop
   vertex 76.17556762695312 3.3819661140441895 3
   vertex 75 3 3
   vertex 76 3.267949104309082 3
  endloop
 endfacet
 facet normal 0 0 1
  outer loop
   vertex 76.33826446533203 3.5137102603912354 3
   vertex 75 3 3
   vertex 76.17556762695312 3.3819661140441895 3
  endloop
 endfacet
 facet normal 0 0 1
  outer loop
   vertex 76.73204803466797 4 3
   vertex 76.33826446533203 3.5137102603912354 3
   vertex 76.48628997802734 3.661738872528076 3
  endloop
 endfacet
 facet normal 0 0 1
  outer loop
   vertex 76.73204803466797 4 3
   vertex 76.48628997802734 3.661738872528076 3
   vertex 76.61803436279297 3.824429512023926 3
  endloop
 endfacet
 facet normal 0 0 1
  outer loop
   vertex 76.82708740234375 4.186526775360107 3
   vertex 76.33826446533203 3.5137102603912354 3
   vertex 76.73204803466797 4 3
  endloop
 endfacet
 facet normal 0 0 1
  outer loop
   vertex 76.98904418945312 4.790943145751953 3
   vertex 76.82708740234375 4.186526775360107 3
   vertex 76.90211486816406 4.3819661140441895 3
  endloop
 endfacet
 facet normal 0 0 1
  outer loop
   vertex 76.98904418945312 4.790943145751953 3
   vertex 76.90211486816406 4.3819661140441895 3
   vertex 76.956298828125 4.584176540374756 3
  endloop
 endfacet
 facet normal 0 0 1
  outer loop
   vertex 76.98904418945312 4.790943145751953 3
   vertex 76.33826446533203 3.5137102603912354 3
   vertex 76.82708740234375 4.186526775360107 3
  endloop
 endfacet
 facet normal 0 0 0.9999999999999999
  outer loop
   vertex 77 5 3
   vertex 75 3 3
   vertex 76.33826446533203 3.5137102603912354 3
  endloop
 endfacet
 facet normal 0 0 1
  outer loop
   vertex 77 5 3
   vertex 76.33826446533203 3.5137102603912354 3
   vertex 76.98904418945312 4.790943145751953 3
  endloop
 endfacet
 facet normal 0 0 1
  outer loop
   vertex 75 57 3
   vertex 5 3 3
   vertex 75 3 3
  endloop
 endfacet
 facet normal 0 0 1
  outer loop
   vertex 75 57 3
   vertex 5 57 3
   vertex 5 3 3
  endloop
 endfacet
 facet normal 0 0 1
  outer loop
   vertex 75 57 3
   vertex 75 3 3
   vertex 77 5 3
  endloop
 endfacet
 facet normal 0 0 1
  outer loop
   vertex 77 55 3
   vertex 75 57 3
   vertex 77 5 3
  endloop
 endfacet
 facet normal 0 0 1
  outer loop
   vertex 76.956298828125 55.41582489013672 3
   vertex 77 55 3
   vertex 76.98904418945312 55.20905685424805 3
  endloop
 endfacet
 facet normal 0 0 1
  outer loop
   vertex 76.956298828125 55.41582489013672 3
   vertex 75 57 3
   vertex 77 55 3
  endloop
 endfacet
 facet normal 0 0 1
  outer loop
   vertex 76.82708740234375 55.813472747802734 3
   vertex 76.956298828125 55.41582489013672 3
   vertex 76.90211486816406 55.61803436279297 3
  endloop
 endfacet
 facet normal 0 0 1
  outer loop
   vertex 75.8134765625 56.827091217041016 3
   vertex 75.61803436279297 56.90211486816406 3
   vertex 75.41582489013672 56.956295013427734 3
  endloop
 endfacet
 facet normal 0 0 1
  outer loop
   vertex 75.8134765625 56.827091217041016 3
   vertex 75.41582489013672 56.956295013427734 3
   vertex 75.20906066894531 56.989044189453125 3
  endloop
 endfacet
 facet normal 0 0 0.9999999999999999
  outer loop
   vertex 75.8134765625 56.827091217041016 3
   vertex 75.20906066894531 56.989044189453125 3
   vertex 75 57 3
  endloop
 endfacet
 facet normal 0 0 1
  outer loop
   vertex 76.73204803466797 56 3
   vertex 75 57 3
   vertex 76.956298828125 55.41582489013672 3
  endloop
 endfacet
 facet normal 0 0 1
  outer loop
   vertex 76.73204803466797 56 3
   vertex 76.956298828125 55.41582489013672 3
   vertex 76.82708740234375 55.813472747802734 3
  endloop
 endfacet
 facet normal 0 0 1
  outer loop
   vertex 76.73204803466797 56 3
   vertex 75.8134765625 56.827091217041016 3
   vertex 75 57 3
  endloop
 endfacet
 facet normal 0 0 1
  outer loop
   vertex 76.33826446533203 56.486289978027344 3
   vertex 76.17556762695312 56.61803436279297 3
   vertex 76 56.732051849365234 3
  endloop
 endfacet
 facet normal 0 0 1
  outer loop
   vertex 76.33826446533203 56.486289978027344 3
   vertex 76 56.732051849365234 3
   vertex 75.8134765625 56.827091217041016 3
  endloop
 endfacet
 facet normal 0 0 1
  outer loop
   vertex 76.33826446533203 56.486289978027344 3
   vertex 75.8134765625 56.827091217041016 3
   vertex 76.73204803466797 56 3
  endloop
 endfacet
 facet normal 0 0 1
  outer loop
   vertex 76.48628997802734 56.338260650634766 3
   vertex 76.73204803466797 56 3
   vertex 76.61803436279297 56.17557144165039 3
  endloop
 endfacet
 facet normal 0 0 1
  outer loop
   vertex 76.48628997802734 56.338260650634766 3
   vertex 76.33826446533203 56.486289978027344 3
   vertex 76.73204803466797 56 3
  endloop
 endfacet
endsolid sketchbench
