solid sketchbench
 facet normal -1 0 0
  outer loop
   vertex -8.881784197001252e-16 4 26
   vertex -8.881784197001252e-16 36 4
   vertex -8.881784197001252e-16 4 4
  endloop
 endfacet
 facet normal -1 0 0
  outer loop
   vertex -8.881784197001252e-16 4 26
   vertex -8.881784197001252e-16 36 26
   vertex -8.881784197001252e-16 36 4
  endloop
 endfacet
 facet normal -0.9986295353960921 -0.05233594400204548 0
  outer loop
   vertex 0.02191241830587387 3.581886053085327 26
   vertex -8.881784197001252e-16 4 26
   vertex -8.881784197001252e-16 4 4
  endloop
 endfacet
 facet normal -0.9986295353960921 -0.05233594400204548 0
  outer loop
   vertex 0.02191241830587387 3.581886053085327 26
   vertex -8.881784197001252e-16 4 4
   vertex 0.02191241830587387 3.581886053085327 4
  endloop
 endfacet
 facet normal -0.9876883288997168 -0.15643453888219452 0
  outer loop
   vertex 0.0874096006155014 3.168353319168091 26
   vertex 0.02191241830587387 3.581886053085327 4
   vertex 0.0874096006155014 3.168353319168091 4
  endloop
 endfacet
 facet normal -0.9876883288997168 -0.15643453888219452 0
  outer loop
   vertex 0.0874096006155014 3.168353319168091 26
   vertex 0.02191241830587387 3.581886053085327 26
   vertex 0.02191241830587387 3.581886053085327 4
  endloop
 endfacet
 facet normal -0.9659258501128803 -0.25881895619082734 0
  outer loop
   vertex 0.1957739293575287 2.7639319896698 26
   vertex 0.0874096006155014 3.168353319168091 4
   vertex 0.1957739293575287 2.7639319896698 4
  endloop
 endfacet
 facet normal -0.9659258501128803 -0.25881895619082734 0
  outer loop
   vertex 0.1957739293575287 2.7639319896698 26
   vertex 0.0874096006155014 3.168353319168091 26
   vertex 0.0874096006155014 3.168353319168091 4
  endloop
 endfacet
 facet normal -0.933580453423793 -0.35836787939912423 0
  outer loop
   vertex 0.3458181619644165 2.3730533123016357 26
   vertex 0.1957739293575287 2.7639319896698 4
   vertex 0.3458181619644165 2.3730533123016357 4
  endloop
 endfacet
 facet normal -0.933580453423793 -0.35836787939912423 0
  outer loop
   vertex 0.3458181619644165 2.3730533123016357 26
   vertex 0.1957739293575287 2.7639319896698 26
   vertex 0.1957739293575287 2.7639319896698 4
  endloop
 endfacet
 facet normal -0.891006457687575 -0.45399063025467795 0
  outer loop
   vertex 0.5358983874320984 2 26
   vertex 0.3458181619644165 2.3730533123016357 4
   vertex 0.5358983874320984 2 4
  endloop
 endfacet
 facet normal -0.891006457687575 -0.45399063025467795 0
  outer loop
   vertex 0.5358983874320984 2 26
   vertex 0.3458181619644165 2.3730533123016357 26
   vertex 0.3458181619644165 2.3730533123016357 4
  endloop
 endfacet
 facet normal -0.838670518005239 -0.5446391119161604 0
  outer loop
   vertex 0.7639320492744446 1.6488590240478516 26
   vertex 0.5358983874320984 2 4
   vertex 0.7639320492744446 1.6488590240478516 4
  endloop
 endfacet
 facet normal -0.7771460435103896 -0.6293202897222906 0
  outer loop
   vertex 0.7639320492744446 1.6488590240478516 26
   vertex 0.7639320492744446 1.6488590240478516 4
   vertex 1.0274206399917603 1.3234776258468628 4
  endloop
 endfacet
 facet normal -0.838670518005239 -0.5446391119161604 0
  outer loop
   vertex 0.7639320492744446 1.6488590240478516 26
   vertex 0.5358983874320984 2 26
   vertex 0.5358983874320984 2 4
  endloop
 endfacet
 facet normal -0.7071067811865475 -0.7071067811865475 0
  outer loop
   vertex 1.0274206399917603 1.3234776258468628 26
   vertex 1.0274206399917603 1.3234776258468628 4
   vertex 1.3234776258468628 1.0274206399917603 4
  endloop
 endfacet
 facet normal -0.7771460435103896 -0.6293202897222906 0
  outer loop
   vertex 1.0274206399917603 1.3234776258468628 26
   vertex 0.7639320492744446 1.6488590240478516 26
   vertex 1.0274206399917603 1.3234776258468628 4
  endloop
 endfacet
 facet normal -0.7071067811865475 -0.7071067811865475 0
  outer loop
   vertex 1.3234776258468628 1.0274206399917603 26
   vertex 1.0274206399917603 1.3234776258468628 26
   vertex 1.3234776258468628 1.0274206399917603 4
  endloop
 endfacet
 facet normal -0.6293202897222906 -0.7771460435103896 0
  outer loop
   vertex 1.6488590240478516 0.7639320492744446 26
   vertex 1.3234776258468628 1.0274206399917603 4
   vertex 1.6488590240478516 0.7639320492744446 4
  endloop
 endfacet
 facet normal -0.6293202897222906 -0.7771460435103896 0
  outer loop
   vertex 1.6488590240478516 0.7639320492744446 26
   vertex 1.3234776258468628 1.0274206399917603 26
   vertex 1.3234776258468628 1.0274206399917603 4
  endloop
 endfacet
 facet normal -0.5446391119161604 -0.838670518005239 0
  outer loop
   vertex 2 0.5358983874320984 26
   vertex 1.6488590240478516 0.7639320492744446 4
   vertex 2 0.5358983874320984 4
  endloop
 endfacet
 facet normal -0.45399063025467795 -0.891006457687575 0
  outer loop
   vertex 2 0.5358983874320984 26
   vertex 2 0.5358983874320984 4
   vertex 2.3730533123016357 0.3458181619644165 4
  endloop
 endfacet
 facet normal -0.5446391119161604 -0.838670518005239 0
  outer loop
   vertex 2 0.5358983874320984 26
   vertex 1.6488590240478516 0.7639320492744446 26
   vertex 1.6488590240478516 0.7639320492744446 4
  endloop
 endfacet
 facet normal -0.45399063025467795 -0.891006457687575 0
  outer loop
   vertex 2.3730533123016357 0.3458181619644165 26
   vertex 2 0.5358983874320984 26
   vertex 2.3730533123016357 0.3458181619644165 4
  endloop
 endfacet
 facet normal -0.35836787939912423 -0.933580453423793 0
  outer loop
   vertex 2.7639319896698 0.1957739293575287 26
   vertex 2.3730533123016357 0.3458181619644165 4
   vertex 2.7639319896698 0.1957739293575287 4
  endloop
 endfacet
 facet normal -0.25881895619082734 -0.9659258501128803 0
  outer loop
   vertex 2.7639319896698 0.1957739293575287 26
   vertex 2.7639319896698 0.1957739293575287 4
   vertex 3.168353319168091 0.0874096006155014 4
  endloop
 endfacet
 facet normal -0.35836787939912423 -0.933580453423793 0
  outer loop
   vertex 2.7639319896698 0.1957739293575287 26
   vertex 2.3730533123016357 0.3458181619644165 26
   vertex 2.3730533123016357 0.3458181619644165 4
  endloop
 endfacet
 facet normal -0.25881895619082734 -0.9659258501128803 0
  outer loop
   vertex 3.168353319168091 0.0874096006155014 26
   vertex 2.7639319896698 0.1957739293575287 26
   vertex 3.168353319168091 0.0874096006155014 4
  endloop
 endfacet
 facet normal -0.15643453888219452 -0.9876883288997168 0
  outer loop
   vertex 3.581886053085327 0.02191241830587387 26
   vertex 3.168353319168091 0.0874096006155014 4
   vertex 3.581886053085327 0.02191241830587387 4
  endloop
 endfacet
 facet normal -0.05233594400204548 -0.9986295353960921 0
  outer loop
   vertex 3.581886053085327 0.02191241830587387 26
   vertex 3.581886053085327 0.02191241830587387 4
   vertex 4 -8.881784197001252e-16 4
  endloop
 endfacet
 facet normal -0.15643453888219452 -0.9876883288997168 0
  outer loop
   vertex 3.581886053085327 0.02191241830587387 26
   vertex 3.168353319168091 0.0874096006155014 26
   vertex 3.168353319168091 0.0874096006155014 4
  endloop
 endfacet
 facet normal -0.05233594400204548 -0.9986295353960921 0
  outer loop
   vertex 4 -8.881784197001252e-16 26
   vertex 3.581886053085327 0.02191241830587387 26
   vertex 4 -8.881784197001252e-16 4
  endloop
 endfacet
 facet normal -0.9986295353960921 0 -0.05233594400204548
  outer loop
   vertex 0.02191241830587387 36 3.581886053085327
   vertex 0.02191241830587387 4 3.581886053085327
   vertex -8.881784197001252e-16 4 4
  endloop
 endfacet
 facet normal -0.9986295353960921 0 -0.05233594400204548
  outer loop
   vertex 0.02191241830587387 36 3.581886053085327
   vertex -8.881784197001252e-16 4 4
   vertex -8.881784197001252e-16 36 4
  endloop
 endfacet
 facet normal -0.9876883288997168 0 -0.15643453888219452
  outer loop
   vertex 0.0874096006155014 36 3.168353319168091
   vertex 0.0874096006155014 4 3.168353319168091
   vertex 0.02191241830587387 4 3.581886053085327
  endloop
 endfacet
 facet normal -0.9876883288997168 0 -0.15643453888219452
  outer loop
   vertex 0.0874096006155014 36 3.168353319168091
   vertex 0.02191241830587387 4 3.581886053085327
   vertex 0.02191241830587387 36 3.581886053085327
  endloop
 endfacet
 facet normal -0.9659258501128803 0 -0.25881895619082734
  outer loop
   vertex 0.1957739293575287 36 2.7639319896698
   vertex 0.1957739293575287 4 2.7639319896698
   vertex 0.0874096006155014 4 3.168353319168091
  endloop
 endfacet
 facet normal -0.9659258501128803 0 -0.25881895619082734
  outer loop
   vertex 0.1957739293575287 36 2.7639319896698
   vertex 0.0874096006155014 4 3.168353319168091
   vertex 0.0874096006155014 36 3.168353319168091
  endloop
 endfacet
 facet normal -0.9335804534237928 0 -0.3583678793991241
  outer loop
   vertex 0.3458181619644165 36 2.3730533123016357
   vertex 0.3458181619644165 4 2.3730533123016357
   vertex 0.1957739293575287 4 2.7639319896698
  endloop
 endfacet
 facet normal -0.9335804534237928 0 -0.3583678793991241
  outer loop
   vertex 0.3458181619644165 36 2.3730533123016357
   vertex 0.1957739293575287 4 2.7639319896698
   vertex 0.1957739293575287 36 2.7639319896698
  endloop
 endfacet
 facet normal -0.891006457687575 0 -0.45399063025467795
  outer loop
   vertex 0.5358983874320984 36 2
   vertex 0.5358983874320984 4 2
   vertex 0.3458181619644165 4 2.3730533123016357
  endloop
 endfacet
 facet normal -0.891006457687575 0 -0.45399063025467795
  outer loop
   vertex 0.5358983874320984 36 2
   vertex 0.3458181619644165 4 2.3730533123016357
   vertex 0.3458181619644165 36 2.3730533123016357
  endloop
 endfacet
 facet normal -0.7771460435103897 0 -0.6293202897222906
  outer loop
   vertex 0.7639320492744446 36 1.6488590240478516
   vertex 1.0274206399917603 4 1.3234776258468628
   vertex 0.7639320492744446 4 1.6488590240478516
  endloop
 endfacet
 facet normal -0.8386705180052391 0 -0.5446391119161604
  outer loop
   vertex 0.7639320492744446 36 1.6488590240478516
   vertex 0.7639320492744446 4 1.6488590240478516
   vertex 0.5358983874320984 4 2
  endloop
 endfacet
 facet normal -0.8386705180052391 0 -0.5446391119161604
  outer loop
   vertex 0.7639320492744446 36 1.6488590240478516
   vertex 0.5358983874320984 4 2
   vertex 0.5358983874320984 36 2
  endloop
 endfacet
 facet normal -0.7771460435103897 0 -0.6293202897222906
  outer loop
   vertex 1.0274206399917603 36 1.3234776258468628
   vertex 1.0274206399917603 4 1.3234776258468628
   vertex 0.7639320492744446 36 1.6488590240478516
  endloop
 endfacet
 facet normal -0.7071067811865476 0 -0.7071067811865476
  outer loop
   vertex 1.3234776258468628 36 1.0274206399917603
   vertex 1.3234776258468628 4 1.0274206399917603
   vertex 1.0274206399917603 4 1.3234776258468628
  endloop
 endfacet
 facet normal -0.7071067811865476 0 -0.7071067811865476
  outer loop
   vertex 1.3234776258468628 36 1.0274206399917603
   vertex 1.0274206399917603 4 1.3234776258468628
   vertex 1.0274206399917603 36 1.3234776258468628
  endloop
 endfacet
 facet normal -0.6293202897222906 0 -0.7771460435103897
  outer loop
   vertex 1.6488590240478516 36 0.7639320492744446
   vertex 1.6488590240478516 4 0.7639320492744446
   vertex 1.3234776258468628 4 1.0274206399917603
  endloop
 endfacet
 facet normal -0.6293202897222906 0 -0.7771460435103897
  outer loop
   vertex 1.6488590240478516 36 0.7639320492744446
   vertex 1.3234776258468628 4 1.0274206399917603
   vertex 1.3234776258468628 36 1.0274206399917603
  endloop
 endfacet
 facet normal -0.45399063025467795 0 -0.891006457687575
  outer loop
   vertex 2 36 0.5358983874320984
   vertex 2.3730533123016357 4 0.3458181619644165
   vertex 2 4 0.5358983874320984
  endloop
 endfacet
 facet normal -0.5446391119161604 0 -0.8386705180052391
  outer loop
   vertex 2 36 0.5358983874320984
   vertex 2 4 0.5358983874320984
   vertex 1.6488590240478516 4 0.7639320492744446
  endloop
 endfacet
 facet normal -0.5446391119161604 0 -0.8386705180052391
  outer loop
   vertex 2 36 0.5358983874320984
   vertex 1.6488590240478516 4 0.7639320492744446
   vertex 1.6488590240478516 36 0.7639320492744446
  endloop
 endfacet
 facet normal -0.45399063025467795 0 -0.891006457687575
  outer loop
   vertex 2.3730533123016357 36 0.3458181619644165
   vertex 2.3730533123016357 4 0.3458181619644165
   vertex 2 36 0.5358983874320984
  endloop
 endfacet
 facet normal -0.3583678793991241 0 -0.9335804534237928
  outer loop
   vertex 2.7639319896698 36 0.1957739293575287
   vertex 2.7639319896698 4 0.1957739293575287
   vertex 2.3730533123016357 4 0.3458181619644165
  endloop
 endfacet
 facet normal -0.3583678793991241 0 -0.9335804534237928
  outer loop
   vertex 2.7639319896698 36 0.1957739293575287
   vertex 2.3730533123016357 4 0.3458181619644165
   vertex 2.3730533123016357 36 0.3458181619644165
  endloop
 endfacet
 facet normal -0.25881895619082734 0 -0.9659258501128803
  outer loop
   vertex 3.168353319168091 36 0.0874096006155014
   vertex 3.168353319168091 4 0.0874096006155014
   vertex 2.7639319896698 4 0.1957739293575287
  endloop
 endfacet
 facet normal -0.25881895619082734 0 -0.9659258501128803
  outer loop
   vertex 3.168353319168091 36 0.0874096006155014
   vertex 2.7639319896698 4 0.1957739293575287
   vertex 2.7639319896698 36 0.1957739293575287
  endloop
 endfacet
 facet normal -0.15643453888219452 0 -0.9876883288997168
  outer loop
   vertex 3.581886053085327 36 0.02191241830587387
   vertex 3.581886053085327 4 0.02191241830587387
   vertex 3.168353319168091 4 0.0874096006155014
  endloop
 endfacet
 facet normal -0.15643453888219452 0 -0.9876883288997168
  outer loop
   vertex 3.581886053085327 36 0.02191241830587387
   vertex 3.168353319168091 4 0.0874096006155014
   vertex 3.168353319168091 36 0.0874096006155014
  endloop
 endfacet
 facet normal -0.05233594400204337 0 -0.9986295353960922
  outer loop
   vertex 4 36 0
   vertex 4 4 0
   vertex 3.581886053085327 4 0.02191241830587387
  endloop
 endfacet
 facet normal -0.05233594400204337 0 -0.9986295353960922
  outer loop
   vertex 4 36 0
   vertex 3.581886053085327 4 0.02191241830587387
   vertex 3.581886053085327 36 0.02191241830587387
  endloop
 endfacet
 facet normal -0.9986295338363588 0 0.05233597376352812
  outer loop
   vertex 0.02191241830587387 36 26.418113708496094
   vertex -8.881784197001252e-16 4 26
   vertex 0.02191241830587387 4 26.418113708496094
  endloop
 endfacet
 facet normal -0.9986295338363588 0 0.05233597376352812
  outer loop
   vertex 0.02191241830587387 36 26.418113708496094
   vertex -8.881784197001252e-16 36 26
   vertex -8.881784197001252e-16 4 26
  endloop
 endfacet
 facet normal -0.987688301029128 0 0.15643471484998103
  outer loop
   vertex 0.0874096006155014 36 26.831645965576172
   vertex 0.02191241830587387 4 26.418113708496094
   vertex 0.0874096006155014 4 26.831645965576172
  endloop
 endfacet
 facet normal -0.987688301029128 0 0.15643471484998103
  outer loop
   vertex 0.0874096006155014 36 26.831645965576172
   vertex 0.02191241830587387 36 26.418113708496094
   vertex 0.02191241830587387 4 26.418113708496094
  endloop
 endfacet
 facet normal -0.965926078984053 0 0.25881810203015726
  outer loop
   vertex 0.1957739293575287 36 27.236068725585938
   vertex 0.0874096006155014 4 26.831645965576172
   vertex 0.1957739293575287 4 27.236068725585938
  endloop
 endfacet
 facet normal -0.965926078984053 0 0.25881810203015726
  outer loop
   vertex 0.1957739293575287 36 27.236068725585938
   vertex 0.0874096006155014 36 26.831645965576172
   vertex 0.0874096006155014 4 26.831645965576172
  endloop
 endfacet
 facet normal -0.9335804534237928 0 0.3583678793991241
  outer loop
   vertex 0.3458181619644165 36 27.6269474029541
   vertex 0.1957739293575287 4 27.236068725585938
   vertex 0.3458181619644165 4 27.6269474029541
  endloop
 endfacet
 facet normal -0.9335804534237928 0 0.3583678793991241
  outer loop
   vertex 0.3458181619644165 36 27.6269474029541
   vertex 0.1957739293575287 36 27.236068725585938
   vertex 0.1957739293575287 4 27.236068725585938
  endloop
 endfacet
 facet normal -0.8910061055875368 0 0.45399132128899955
  outer loop
   vertex 0.5358983874320984 36 28
   vertex 0.3458181619644165 4 27.6269474029541
   vertex 0.5358983874320984 4 28
  endloop
 endfacet
 facet normal -0.8910061055875368 0 0.45399132128899955
  outer loop
   vertex 0.5358983874320984 36 28
   vertex 0.3458181619644165 36 27.6269474029541
   vertex 0.3458181619644165 4 27.6269474029541
  endloop
 endfacet
 facet normal -0.8386705180052391 0 0.5446391119161604
  outer loop
   vertex 0.7639320492744446 36 28.35114097595215
   vertex 0.5358983874320984 4 28
   vertex 0.7639320492744446 4 28.35114097595215
  endloop
 endfacet
 facet normal -0.8386705180052391 0 0.5446391119161604
  outer loop
   vertex 0.7639320492744446 36 28.35114097595215
   vertex 0.5358983874320984 36 28
   vertex 0.5358983874320984 4 28
  endloop
 endfacet
 facet normal -0.7771468328438583 0 0.6293193149751245
  outer loop
   vertex 1.0274206399917603 36 28.676523208618164
   vertex 0.7639320492744446 4 28.35114097595215
   vertex 1.0274206399917603 4 28.676523208618164
  endloop
 endfacet
 facet normal -0.7771468328438583 0 0.6293193149751245
  outer loop
   vertex 1.0274206399917603 36 28.676523208618164
   vertex 0.7639320492744446 36 28.35114097595215
   vertex 0.7639320492744446 4 28.35114097595215
  endloop
 endfacet
 facet normal -0.7071064964651866 0 0.7071070659077939
  outer loop
   vertex 1.3234776258468628 36 28.972579956054688
   vertex 1.0274206399917603 4 28.676523208618164
   vertex 1.3234776258468628 4 28.972579956054688
  endloop
 endfacet
 facet normal -0.7071064964651866 0 0.7071070659077939
  outer loop
   vertex 1.3234776258468628 36 28.972579956054688
   vertex 1.0274206399917603 36 28.676523208618164
   vertex 1.0274206399917603 4 28.676523208618164
  endloop
 endfacet
 facet normal -0.6293205476609174 0 0.7771458346357927
  outer loop
   vertex 1.6488590240478516 36 29.236068725585938
   vertex 1.3234776258468628 4 28.972579956054688
   vertex 1.6488590240478516 4 29.236068725585938
  endloop
 endfacet
 facet normal -0.6293205476609174 0 0.7771458346357927
  outer loop
   vertex 1.6488590240478516 36 29.236068725585938
   vertex 1.3234776258468628 36 28.972579956054688
   vertex 1.3234776258468628 4 28.972579956054688
  endloop
 endfacet
 facet normal -0.5446381105953861 0 0.8386711682698339
  outer loop
   vertex 2 36 29.464101791381836
   vertex 1.6488590240478516 4 29.236068725585938
   vertex 2 4 29.464101791381836
  endloop
 endfacet
 facet normal -0.5446381105953861 0 0.8386711682698339
  outer loop
   vertex 2 36 29.464101791381836
   vertex 1.6488590240478516 36 29.236068725585938
   vertex 1.6488590240478516 4 29.236068725585938
  endloop
 endfacet
 facet normal -0.4539914213876845 0 0.8910060545845858
  outer loop
   vertex 2.3730533123016357 36 29.65418243408203
   vertex 2 4 29.464101791381836
   vertex 2.3730533123016357 4 29.65418243408203
  endloop
 endfacet
 facet normal -0.4539914213876845 0 0.8910060545845858
  outer loop
   vertex 2.3730533123016357 36 29.65418243408203
   vertex 2 36 29.464101791381836
   vertex 2 4 29.464101791381836
  endloop
 endfacet
 facet normal -0.35836632842767563 0 0.9335810487843396
  outer loop
   vertex 2.7639319896698 36 29.80422592163086
   vertex 2.3730533123016357 4 29.65418243408203
   vertex 2.7639319896698 4 29.80422592163086
  endloop
 endfacet
 facet normal -0.35836632842767563 0 0.9335810487843396
  outer loop
   vertex 2.7639319896698 36 29.80422592163086
   vertex 2.3730533123016357 36 29.65418243408203
   vertex 2.3730533123016357 4 29.65418243408203
  endloop
 endfacet
 facet normal -0.25881845809973425 0 0.9659259835757996
  outer loop
   vertex 3.168353319168091 36 29.91259002685547
   vertex 2.7639319896698 4 29.80422592163086
   vertex 3.168353319168091 4 29.91259002685547
  endloop
 endfacet
 facet normal -0.25881845809973425 0 0.9659259835757996
  outer loop
   vertex 3.168353319168091 36 29.91259002685547
   vertex 2.7639319896698 36 29.80422592163086
   vertex 2.7639319896698 4 29.80422592163086
  endloop
 endfacet
 facet normal -0.15643726433934174 0 0.9876878972256484
  outer loop
   vertex 3.581886053085327 36 29.97808837890625
   vertex 3.168353319168091 4 29.91259002685547
   vertex 3.581886053085327 4 29.97808837890625
  endloop
 endfacet
 facet normal -0.15643726433934174 0 0.9876878972256484
  outer loop
   vertex 3.581886053085327 36 29.97808837890625
   vertex 3.168353319168091 36 29.91259002685547
   vertex 3.168353319168091 4 29.91259002685547
  endloop
 endfacet
 facet normal -0.05233404514388456 0 0.9986296349091979
  outer loop
   vertex 4 36 30
   vertex 3.581886053085327 4 29.97808837890625
   vertex 4 4 30
  endloop
 endfacet
 facet normal -0.05233404514388456 0 0.9986296349091979
  outer loop
   vertex 4 36 30
   vertex 3.581886053085327 36 29.97808837890625
   vertex 3.581886053085327 4 29.97808837890625
  endloop
 endfacet
 facet normal -0.9986295338363589 0.052335973763528124 0
  outer loop
   vertex -8.881784197001252e-16 36 26
   vertex 0.02191241830587387 36.418113708496094 4
   vertex -8.881784197001252e-16 36 4
  endloop
 endfacet
 facet normal -0.987688301029128 0.15643471484998103 0
  outer loop
   vertex 0.02191241830587387 36.418113708496094 26
   vertex 0.0874096006155014 36.83164596557617 4
   vertex 0.02191241830587387 36.418113708496094 4
  endloop
 endfacet
 facet normal -0.9986295338363589 0.052335973763528124 0
  outer loop
   vertex 0.02191241830587387 36.418113708496094 26
   vertex 0.02191241830587387 36.418113708496094 4
   vertex -8.881784197001252e-16 36 26
  endloop
 endfacet
 facet normal -0.965926078984053 0.2588181020301573 0
  outer loop
   vertex 0.0874096006155014 36.83164596557617 26
   vertex 0.1957739293575287 37.23606872558594 4
   vertex 0.0874096006155014 36.83164596557617 4
  endloop
 endfacet
 facet normal -0.987688301029128 0.15643471484998103 0
  outer loop
   vertex 0.0874096006155014 36.83164596557617 26
   vertex 0.0874096006155014 36.83164596557617 4
   vertex 0.02191241830587387 36.418113708496094 26
  endloop
 endfacet
 facet normal -0.9335798683632947 0.3583694035304541 0
  outer loop
   vertex 0.1957739293575287 37.23606872558594 26
   vertex 0.3458181619644165 37.62694549560547 4
   vertex 0.1957739293575287 37.23606872558594 4
  endloop
 endfacet
 facet normal -0.965926078984053 0.2588181020301573 0
  outer loop
   vertex 0.1957739293575287 37.23606872558594 26
   vertex 0.1957739293575287 37.23606872558594 4
   vertex 0.0874096006155014 36.83164596557617 26
  endloop
 endfacet
 facet normal -0.8910070445173992 0.4539894785348767 0
  outer loop
   vertex 0.3458181619644165 37.62694549560547 26
   vertex 0.5358983874320984 38 4
   vertex 0.3458181619644165 37.62694549560547 4
  endloop
 endfacet
 facet normal -0.9335798683632947 0.3583694035304541 0
  outer loop
   vertex 0.3458181619644165 37.62694549560547 26
   vertex 0.3458181619644165 37.62694549560547 4
   vertex 0.1957739293575287 37.23606872558594 26
  endloop
 endfacet
 facet normal -0.8386718693156101 0.5446370310754315 0
  outer loop
   vertex 0.5358983874320984 38 26
   vertex 0.7639320492744446 38.35114288330078 4
   vertex 0.5358983874320984 38 4
  endloop
 endfacet
 facet normal -0.8910070445173992 0.4539894785348767 0
  outer loop
   vertex 0.5358983874320984 38 26
   vertex 0.5358983874320984 38 4
   vertex 0.3458181619644165 37.62694549560547 26
  endloop
 endfacet
 facet normal -0.7771432244323453 0.6293237709787365 0
  outer loop
   vertex 0.7639320492744446 38.35114288330078 26
   vertex 1.0274206399917603 38.67652130126953 4
   vertex 0.7639320492744446 38.35114288330078 4
  endloop
 endfacet
 facet normal -0.8386718693156101 0.5446370310754315 0
  outer loop
   vertex 0.7639320492744446 38.35114288330078 26
   vertex 0.7639320492744446 38.35114288330078 4
   vertex 0.5358983874320984 38 26
  endloop
 endfacet
 facet normal -0.7071087742264441 0.7071047881410334 0
  outer loop
   vertex 1.0274206399917603 38.67652130126953 26
   vertex 1.3234776258468628 38.97257995605469 4
   vertex 1.0274206399917603 38.67652130126953 4
  endloop
 endfacet
 facet normal -0.7771432244323453 0.6293237709787365 0
  outer loop
   vertex 1.0274206399917603 38.67652130126953 26
   vertex 1.0274206399917603 38.67652130126953 4
   vertex 0.7639320492744446 38.35114288330078 26
  endloop
 endfacet
 facet normal -0.6293205476609173 0.7771458346357926 0
  outer loop
   vertex 1.3234776258468628 38.97257995605469 26
   vertex 1.6488590240478516 39.23606872558594 4
   vertex 1.3234776258468628 38.97257995605469 4
  endloop
 endfacet
 facet normal -0.7071087742264441 0.7071047881410334 0
  outer loop
   vertex 1.3234776258468628 38.97257995605469 26
   vertex 1.3234776258468628 38.97257995605469 4
   vertex 1.0274206399917603 38.67652130126953 26
  endloop
 endfacet
 facet normal -0.5446349063532563 0.8386732491152796 0
  outer loop
   vertex 1.6488590240478516 39.23606872558594 26
   vertex 2 39.4640998840332 4
   vertex 1.6488590240478516 39.23606872558594 4
  endloop
 endfacet
 facet normal -0.6293205476609173 0.7771458346357926 0
  outer loop
   vertex 1.6488590240478516 39.23606872558594 26
   vertex 1.6488590240478516 39.23606872558594 4
   vertex 1.3234776258468628 38.97257995605469 26
  endloop
 endfacet
 facet normal -0.45399503798204044 0.8910042118237632 0
  outer loop
   vertex 2 39.4640998840332 26
   vertex 2.3730533123016357 39.65418243408203 4
   vertex 2 39.4640998840332 4
  endloop
 endfacet
 facet normal -0.5446349063532563 0.8386732491152796 0
  outer loop
   vertex 2 39.4640998840332 26
   vertex 2 39.4640998840332 4
   vertex 1.6488590240478516 39.23606872558594 26
  endloop
 endfacet
 facet normal -0.45399503798204044 0.8910042118237632 0
  outer loop
   vertex 2.3730533123016357 39.65418243408203 26
   vertex 2.3730533123016357 39.65418243408203 4
   vertex 2 39.4640998840332 26
  endloop
 endfacet
 facet normal -0.35836632842767563 0.9335810487843396 0
  outer loop
   vertex 2.7639319896698 39.80422592163086 26
   vertex 2.7639319896698 39.80422592163086 4
   vertex 2.3730533123016357 39.65418243408203 4
  endloop
 endfacet
 facet normal -0.2588184580997343 0.9659259835757997 0
  outer loop
   vertex 2.7639319896698 39.80422592163086 26
   vertex 3.168353319168091 39.91259002685547 4
   vertex 2.7639319896698 39.80422592163086 4
  endloop
 endfacet
 facet normal -0.35836632842767563 0.9335810487843396 0
  outer loop
   vertex 2.7639319896698 39.80422592163086 26
   vertex 2.3730533123016357 39.65418243408203 4
   vertex 2.3730533123016357 39.65418243408203 26
  endloop
 endfacet
 facet normal -0.2588184580997343 0.9659259835757997 0
  outer loop
   vertex 3.168353319168091 39.91259002685547 26
   vertex 3.168353319168091 39.91259002685547 4
   vertex 2.7639319896698 39.80422592163086 26
  endloop
 endfacet
 facet normal -0.1564372643393417 0.9876878972256481 0
  outer loop
   vertex 3.581886053085327 39.97808837890625 26
   vertex 3.581886053085327 39.97808837890625 4
   vertex 3.168353319168091 39.91259002685547 4
  endloop
 endfacet
 facet normal -0.05233404514388455 0.9986296349091978 0
  outer loop
   vertex 3.581886053085327 39.97808837890625 26
   vertex 4 40 4
   vertex 3.581886053085327 39.97808837890625 4
  endloop
 endfacet
 facet normal -0.1564372643393417 0.9876878972256481 0
  outer loop
   vertex 3.581886053085327 39.97808837890625 26
   vertex 3.168353319168091 39.91259002685547 4
   vertex 3.168353319168091 39.91259002685547 26
  endloop
 endfacet
 facet normal -0.05233404514388455 0.9986296349091978 0
  outer loop
   vertex 4 40 26
   vertex 4 40 4
   vertex 3.581886053085327 39.97808837890625 26
  endloop
 endfacet
 facet normal -0.9972646899120203 -0.0522644154979366 -0.0522644154979366
  outer loop
   vertex 0.02191241830587387 3.581886053085327 4
   vertex -8.881784197001252e-16 4 4
   vertex 0.02191241830587387 4 3.581886053085327
  endloop
 endfacet
 facet normal -0.0522644154979366 -0.9972646899120203 -0.0522644154979366
  outer loop
   vertex 4 -8.881784197001252e-16 4
   vertex 3.581886053085327 0.02191241830587387 4
   vertex 4 0.02191241830587387 3.581886053085327
  endloop
 endfacet
 facet normal -0.15533202884790195 0.11851502158513127 -0.9807273578689801
  outer loop
   vertex 3.4321911334991455 3.9593894481658936 0.04071423411369324
   vertex 3.168353319168091 4 0.0874096006155014
   vertex 3.581886053085327 4 0.02191241830587387
  endloop
 endfacet
 facet normal -0.05209928847299791 -0.09499085233706828 -0.9941138778393975
  outer loop
   vertex 3.4437499046325684 3.878995180130005 0.04071423411369324
   vertex 3.581886053085327 4 0.02191241830587387
   vertex 4 4 0
  endloop
 endfacet
 facet normal -0.11999419416831104 -0.017252292503140254 -0.9926246781988064
  outer loop
   vertex 3.4437499046325684 3.878995180130005 0.04071423411369324
   vertex 3.4321911334991455 3.9593894481658936 0.04071423411369324
   vertex 3.581886053085327 4 0.02191241830587387
  endloop
 endfacet
 facet normal -0.06862336739190651 -0.020149740053027883 -0.9974391316885411
  outer loop
   vertex 3.466632604598999 3.8010642528533936 0.04071423411369324
   vertex 3.4437499046325684 3.878995180130005 0.04071423411369324
   vertex 4 4 0
  endloop
 endfacet
 facet normal -0.2588093719348353 0.008605817641286399 -0.9658900811693952
  outer loop
   vertex 2.884540319442749 3.839621067047119 0.16202810406684875
   vertex 2.7639319896698 4 0.1957739293575287
   vertex 3.168353319168091 4 0.0874096006155014
  endloop
 endfacet
 facet normal -0.1904491892516549 -0.11649423104563979 -0.9747605862192381
  outer loop
   vertex 2.884540319442749 3.839621067047119 0.16202810406684875
   vertex 3.168353319168091 4 0.0874096006155014
   vertex 3.4321911334991455 3.9593894481658936 0.04071423411369324
  endloop
 endfacet
 facet normal -0.20988052487912032 -0.03017579501261761 -0.9772612683780224
  outer loop
   vertex 2.884540319442749 3.839621067047119 0.16202810406684875
   vertex 3.4321911334991455 3.9593894481658936 0.04071423411369324
   vertex 3.4437499046325684 3.878995180130005 0.04071423411369324
  endloop
 endfacet
 facet normal -0.06505728369201852 -0.029710780539328376 -0.9974391306532747
  outer loop
   vertex 3.500373125076294 3.7271831035614014 0.04071423411369324
   vertex 3.466632604598999 3.8010642528533936 0.04071423411369324
   vertex 4 4 0
  endloop
 endfacet
 facet normal -0.20873357991408859 -0.04540714931079411 -0.9769178488530733
  outer loop
   vertex 2.9187183380126953 3.682507038116455 0.16202810406684875
   vertex 2.884540319442749 3.839621067047119 0.16202810406684875
   vertex 3.4437499046325684 3.878995180130005 0.04071423411369324
  endloop
 endfacet
 facet normal -0.20344956368089592 -0.0597384823548529 -0.9772612694484479
  outer loop
   vertex 2.9187183380126953 3.682507038116455 0.16202810406684875
   vertex 3.4437499046325684 3.878995180130005 0.04071423411369324
   vertex 3.466632604598999 3.8010642528533936 0.04071423411369324
  endloop
 endfacet
 facet normal -0.3490800997020716 -0.0658260445467135 -0.9347780570014071
  outer loop
   vertex 2.342573642730713 3.8814585208892822 0.3614720106124878
   vertex 2.7639319896698 4 0.1957739293575287
   vertex 2.884540319442749 3.839621067047119 0.16202810406684875
  endloop
 endfacet
 facet normal -0.3581942688444843 -0.031123319930609034 -0.9331281823648141
  outer loop
   vertex 2.342573642730713 3.8814585208892822 0.3614720106124878
   vertex 2.3730533123016357 4 0.3458181619644165
   vertex 2.7639319896698 4 0.1957739293575287
  endloop
 endfacet
 facet normal -0.4539904340965599 -0.000929596862225945 -0.8910060727057313
  outer loop
   vertex 2.342573642730713 3.8814585208892822 0.3614720106124878
   vertex 2 4 0.5358983874320984
   vertex 2.3730533123016357 4 0.3458181619644165
  endloop
 endfacet
 facet normal -0.06016692649127897 -0.03866680165948193 -0.9974391306771653
  outer loop
   vertex 3.5442843437194824 3.658855676651001 0.04071423411369324
   vertex 3.500373125076294 3.7271831035614014 0.04071423411369324
   vertex 4 4 0
  endloop
 endfacet
 facet normal -0.19287700863118587 -0.08808431814724461 -0.9772612815608834
  outer loop
   vertex 2.9749081134796143 3.5318562984466553 0.16202810406684875
   vertex 3.466632604598999 3.8010642528533936 0.04071423411369324
   vertex 3.500373125076294 3.7271831035614014 0.04071423411369324
  endloop
 endfacet
 facet normal -0.20014680675091417 -0.07465083912899735 -0.9769178614217006
  outer loop
   vertex 2.9749081134796143 3.5318562984466553 0.16202810406684875
   vertex 2.9187183380126953 3.682507038116455 0.16202810406684875
   vertex 3.466632604598999 3.8010642528533936 0.04071423411369324
  endloop
 endfacet
 facet normal -0.33987525435830157 -0.0739352356628167 -0.9375598073735687
  outer loop
   vertex 2.376314163208008 3.6467888355255127 0.3614720106124878
   vertex 2.884540319442749 3.839621067047119 0.16202810406684875
   vertex 2.9187183380126953 3.682507038116455 0.16202810406684875
  endloop
 endfacet
 facet normal -0.34832700450395604 -0.05008203087689921 -0.9360342344789248
  outer loop
   vertex 2.376314163208008 3.6467888355255127 0.3614720106124878
   vertex 2.342573642730713 3.8814585208892822 0.3614720106124878
   vertex 2.884540319442749 3.839621067047119 0.16202810406684875
  endloop
 endfacet
 facet normal -0.054051540333312324 -0.04683600463539029 -0.9974391308031735
  outer loop
   vertex 3.597472906112671 3.597472906112671 0.04071423411369324
   vertex 3.5442843437194824 3.658855676651001 0.04071423411369324
   vertex 4 4 0
  endloop
 endfacet
 facet normal -0.18748555862652155 -0.10237502173553145 -0.9769178676998136
  outer loop
   vertex 3.0519659519195557 3.390735626220703 0.16202810406684875
   vertex 2.9749081134796143 3.5318562984466553 0.16202810406684875
   vertex 3.500373125076294 3.7271831035614014 0.04071423411369324
  endloop
 endfacet
 facet normal -0.17837847819921815 -0.11463648949808225 -0.9772612720203782
  outer loop
   vertex 3.0519659519195557 3.390735626220703 0.16202810406684875
   vertex 3.500373125076294 3.7271831035614014 0.04071423411369324
   vertex 3.5442843437194824 3.658855676651001 0.04071423411369324
  endloop
 endfacet
 facet normal -0.3258937205420826 -0.12155197527390132 -0.9375598115417768
  outer loop
   vertex 2.443108081817627 3.419309377670288 0.3614720106124878
   vertex 2.9187183380126953 3.682507038116455 0.16202810406684875
   vertex 2.9749081134796143 3.5318562984466553 0.16202810406684875
  endloop
 endfacet
 facet normal -0.337654243442569 -0.0991441173077224 -0.9360342172637166
  outer loop
   vertex 2.443108081817627 3.419309377670288 0.3614720106124878
   vertex 2.376314163208008 3.6467888355255127 0.3614720106124878
   vertex 2.9187183380126953 3.682507038116455 0.16202810406684875
  endloop
 endfacet
 facet normal -0.5445157355733612 -0.021283935526358603 -0.8384805351357367
  outer loop
   vertex 1.8594485521316528 3.692235231399536 0.6349858641624451
   vertex 1.6488590240478516 4 0.7639320492744446
   vertex 2 4 0.5358983874320984
  endloop
 endfacet
 facet normal -0.4712496130596873 -0.06791185461942345 -0.8793814770583043
  outer loop
   vertex 1.8594485521316528 3.692235231399536 0.6349858641624451
   vertex 2 4 0.5358983874320984
   vertex 2.342573642730713 3.8814585208892822 0.3614720106124878
  endloop
 endfacet
 facet normal -0.47129938118340914 -0.06776284886181691 -0.8793663000196597
  outer loop
   vertex 1.8594485521316528 3.692235231399536 0.6349858641624451
   vertex 2.342573642730713 3.8814585208892822 0.3614720106124878
   vertex 2.376314163208008 3.6467888355255127 0.3614720106124878
  endloop
 endfacet
 facet normal -0.04683600463539029 -0.054051540333312324 -0.9974391308031735
  outer loop
   vertex 3.658855676651001 3.5442843437194824 0.04071423411369324
   vertex 3.597472906112671 3.597472906112671 0.04071423411369324
   vertex 4 4 0
  endloop
 endfacet
 facet normal -0.16024806153331783 -0.13885596796140084 -0.977261264420276
  outer loop
   vertex 3.1483230590820312 3.2620177268981934 0.16202810406684875
   vertex 3.5442843437194824 3.658855676651001 0.04071423411369324
   vertex 3.597472906112671 3.597472906112671 0.04071423411369324
  endloop
 endfacet
 facet normal -0.17100783173368478 -0.12801498513193704 -0.9769178497025293
  outer loop
   vertex 3.1483230590820312 3.2620177268981934 0.16202810406684875
   vertex 3.0519659519195557 3.390735626220703 0.16202810406684875
   vertex 3.5442843437194824 3.658855676651001 0.04071423411369324
  endloop
 endfacet
 facet normal -0.3052777974283599 -0.16669455170870165 -0.9375598076005202
  outer loop
   vertex 2.541595935821533 3.203651189804077 0.3614720106124878
   vertex 2.9749081134796143 3.5318562984466553 0.16202810406684875
   vertex 3.0519659519195557 3.390735626220703 0.16202810406684875
  endloop
 endfacet
 facet normal -0.32010767048724365 -0.14618836330033796 -0.9360342097011192
  outer loop
   vertex 2.541595935821533 3.203651189804077 0.3614720106124878
   vertex 2.443108081817627 3.419309377670288 0.3614720106124878
   vertex 2.9749081134796143 3.5318562984466553 0.16202810406684875
  endloop
 endfacet
 facet normal -0.45685862569266444 -0.1341456417574165 -0.8793663303354871
  outer loop
   vertex 1.9250357151031494 3.390735626220703 0.6349858641624451
   vertex 2.376314163208008 3.6467888355255127 0.3614720106124878
   vertex 2.443108081817627 3.419309377670288 0.3614720106124878
  endloop
 endfacet
 facet normal -0.4722935378487036 -0.10274107396888336 -0.8754330847221138
  outer loop
   vertex 1.9250357151031494 3.390735626220703 0.6349858641624451
   vertex 1.8594485521316528 3.692235231399536 0.6349858641624451
   vertex 2.376314163208008 3.6467888355255127 0.3614720106124878
  endloop
 endfacet
 facet normal -0.03866680165948193 -0.06016692649127897 -0.9974391306771653
  outer loop
   vertex 3.7271831035614014 3.500373125076294 0.04071423411369324
   vertex 3.658855676651001 3.5442843437194824 0.04071423411369324
   vertex 4 4 0
  endloop
 endfacet
 facet normal -0.6293123531897107 -0.005022190281543141 -0.777136242706261
  outer loop
   vertex 1.3872311115264893 3.813131093978882 0.9770017266273499
   vertex 1.3234776258468628 4 1.0274206399917603
   vertex 1.6488590240478516 4 0.7639320492744446
  endloop
 endfacet
 facet normal -0.7062083583230749 -0.05039354392434257 -0.7062083583230749
  outer loop
   vertex 1.3872311115264893 3.813131093978882 0.9770017266273499
   vertex 1.0274206399917603 4 1.3234776258468628
   vertex 1.3234776258468628 4 1.0274206399917603
  endloop
 endfacet
 facet normal -0.5973534540680149 -0.07417222754768468 -0.7985407513543855
  outer loop
   vertex 1.3872311115264893 3.813131093978882 0.9770017266273499
   vertex 1.6488590240478516 4 0.7639320492744446
   vertex 1.8594485521316528 3.692235231399536 0.6349858641624451
  endloop
 endfacet
 facet normal -0.15104884799388002 -0.15104884799388002 -0.9769178527590964
  outer loop
   vertex 3.2620177268981934 3.1483230590820312 0.16202810406684875
   vertex 3.1483230590820312 3.2620177268981934 0.16202810406684875
   vertex 3.597472906112671 3.597472906112671 0.04071423411369324
  endloop
 endfacet
 facet normal -0.13885596796140084 -0.16024806153331783 -0.977261264420276
  outer loop
   vertex 3.2620177268981934 3.1483230590820312 0.16202810406684875
   vertex 3.597472906112671 3.597472906112671 0.04071423411369324
   vertex 3.658855676651001 3.5442843437194824 0.04071423411369324
  endloop
 endfacet
 facet normal -0.2960446936642083 -0.19025628134210082 -0.9360342337559778
  outer loop
   vertex 2.6697726249694824 3.004204273223877 0.3614720106124878
   vertex 2.541595935821533 3.203651189804077 0.3614720106124878
   vertex 3.0519659519195557 3.390735626220703 0.16202810406684875
  endloop
 endfacet
 facet normal -0.27844737216985227 -0.20844329670153472 -0.9375598396859262
  outer loop
   vertex 2.6697726249694824 3.004204273223877 0.3614720106124878
   vertex 3.0519659519195557 3.390735626220703 0.16202810406684875
   vertex 3.1483230590820312 3.2620177268981934 0.16202810406684875
  endloop
 endfacet
 facet normal -0.4528647164549469 -0.16890962057847098 -0.8754330863442492
  outer loop
   vertex 2.032863140106201 3.1016387939453125 0.6349858641624451
   vertex 1.9250357151031494 3.390735626220703 0.6349858641624451
   vertex 2.443108081817627 3.419309377670288 0.3614720106124878
  endloop
 endfacet
 facet normal -0.43311737982983606 -0.19779819951792665 -0.8793663670830287
  outer loop
   vertex 2.032863140106201 3.1016387939453125 0.6349858641624451
   vertex 2.443108081817627 3.419309377670288 0.3614720106124878
   vertex 2.541595935821533 3.203651189804077 0.3614720106124878
  endloop
 endfacet
 facet normal -0.029710780539328376 -0.06505728369201852 -0.9974391306532747
  outer loop
   vertex 3.8010642528533936 3.466632604598999 0.04071423411369324
   vertex 3.7271831035614014 3.500373125076294 0.04071423411369324
   vertex 4 4 0
  endloop
 endfacet
 facet normal -0.5987685182299154 -0.08608989380686219 -0.7962818544718161
  outer loop
   vertex 1.4404195547103882 3.443197250366211 0.9770017266273499
   vertex 1.3872311115264893 3.813131093978882 0.9770017266273499
   vertex 1.8594485521316528 3.692235231399536 0.6349858641624451
  endloop
 endfacet
 facet normal -0.5810815776248581 -0.1264064412582241 -0.8039686634150843
  outer loop
   vertex 1.4404195547103882 3.443197250366211 0.9770017266273499
   vertex 1.8594485521316528 3.692235231399536 0.6349858641624451
   vertex 1.9250357151031494 3.390735626220703 0.6349858641624451
  endloop
 endfacet
 facet normal -0.12801498513193704 -0.17100783173368478 -0.9769178497025293
  outer loop
   vertex 3.390735626220703 3.0519659519195557 0.16202810406684875
   vertex 3.2620177268981934 3.1483230590820312 0.16202810406684875
   vertex 3.658855676651001 3.5442843437194824 0.04071423411369324
  endloop
 endfacet
 facet normal -0.11463648949808225 -0.17837847819921815 -0.9772612720203782
  outer loop
   vertex 3.390735626220703 3.0519659519195557 0.16202810406684875
   vertex 3.658855676651001 3.5442843437194824 0.04071423411369324
   vertex 3.7271831035614014 3.500373125076294 0.04071423411369324
  endloop
 endfacet
 facet normal -0.2459486831622801 -0.2459486831622801 -0.9375598596897591
  outer loop
   vertex 2.825028896331787 2.825028896331787 0.3614720106124878
   vertex 3.1483230590820312 3.2620177268981934 0.16202810406684875
   vertex 3.2620177268981934 3.1483230590820312 0.16202810406684875
  endloop
 endfacet
 facet normal -0.2659550401620348 -0.2304512405766421 -0.9360342634375609
  outer loop
   vertex 2.825028896331787 2.825028896331787 0.3614720106124878
   vertex 2.6697726249694824 3.004204273223877 0.3614720106124878
   vertex 3.1483230590820312 3.2620177268981934 0.16202810406684875
  endloop
 endfacet
 facet normal -0.4242166397388765 -0.23164010618037612 -0.8754330949749388
  outer loop
   vertex 2.1807360649108887 2.8308300971984863 0.6349858641624451
   vertex 2.032863140106201 3.1016387939453125 0.6349858641624451
   vertex 2.541595935821533 3.203651189804077 0.3614720106124878
  endloop
 endfacet
 facet normal -0.4005594671095817 -0.25742381572656503 -0.8793663016090982
  outer loop
   vertex 2.1807360649108887 2.8308300971984863 0.6349858641624451
   vertex 2.541595935821533 3.203651189804077 0.3614720106124878
   vertex 2.6697726249694824 3.004204273223877 0.3614720106124878
  endloop
 endfacet
 facet normal -0.09499085233706828 -0.05209928847299791 -0.9941138778393975
  outer loop
   vertex 3.878995180130005 3.4437499046325684 0.04071423411369324
   vertex 4 4 0
   vertex 4 3.581886053085327 0.02191241830587387
  endloop
 endfacet
 facet normal -0.020149740053027883 -0.06862336739190651 -0.9974391316885411
  outer loop
   vertex 3.878995180130005 3.4437499046325684 0.04071423411369324
   vertex 3.8010642528533936 3.466632604598999 0.04071423411369324
   vertex 4 4 0
  endloop
 endfacet
 facet normal -0.5571775972612589 -0.20781627079482598 -0.8039686080333622
  outer loop
   vertex 1.5457136631011963 3.0845985412597656 0.9770017266273499
   vertex 1.9250357151031494 3.390735626220703 0.6349858641624451
   vertex 2.032863140106201 3.1016387939453125 0.6349858641624451
  endloop
 endfacet
 facet normal -0.5804220628391584 -0.17042733854031134 -0.7962818290326624
  outer loop
   vertex 1.5457136631011963 3.0845985412597656 0.9770017266273499
   vertex 1.4404195547103882 3.443197250366211 0.9770017266273499
   vertex 1.9250357151031494 3.390735626220703 0.6349858641624451
  endloop
 endfacet
 facet normal -0.08808431814724461 -0.19287700863118587 -0.9772612815608834
  outer loop
   vertex 3.5318562984466553 2.9749081134796143 0.16202810406684875
   vertex 3.7271831035614014 3.500373125076294 0.04071423411369324
   vertex 3.8010642528533936 3.466632604598999 0.04071423411369324
  endloop
 endfacet
 facet normal -0.10237502173553145 -0.18748555862652155 -0.9769178676998136
  outer loop
   vertex 3.5318562984466553 2.9749081134796143 0.16202810406684875
   vertex 3.390735626220703 3.0519659519195557 0.16202810406684875
   vertex 3.7271831035614014 3.500373125076294 0.04071423411369324
  endloop
 endfacet
 facet normal -0.7762522679509669 -0.047946069581744445 -0.6285965247379617
  outer loop
   vertex 1.0077714920043945 3.5697824954986572 1.3805570602416992
   vertex 0.7639320492744446 4 1.6488590240478516
   vertex 1.0274206399917603 4 1.3234776258468628
  endloop
 endfacet
 facet normal -0.7085783359324377 -0.06090825532450184 -0.7029985250912998
  outer loop
   vertex 1.0077714920043945 3.5697824954986572 1.3805570602416992
   vertex 1.0274206399917603 4 1.3234776258468628
   vertex 1.3872311115264893 3.813131093978882 0.9770017266273499
  endloop
 endfacet
 facet normal -0.6941459880623778 -0.09980310016199494 -0.7128819596924587
  outer loop
   vertex 1.0077714920043945 3.5697824954986572 1.3805570602416992
   vertex 1.3872311115264893 3.813131093978882 0.9770017266273499
   vertex 1.4404195547103882 3.443197250366211 0.9770017266273499
  endloop
 endfacet
 facet normal -0.20844329670153472 -0.27844737216985227 -0.9375598396859262
  outer loop
   vertex 3.004204273223877 2.6697726249694824 0.3614720106124878
   vertex 3.2620177268981934 3.1483230590820312 0.16202810406684875
   vertex 3.390735626220703 3.0519659519195557 0.16202810406684875
  endloop
 endfacet
 facet normal -0.2304512405766421 -0.2659550401620348 -0.9360342634375609
  outer loop
   vertex 3.004204273223877 2.6697726249694824 0.3614720106124878
   vertex 2.825028896331787 2.825028896331787 0.3614720106124878
   vertex 3.2620177268981934 3.1483230590820312 0.16202810406684875
  endloop
 endfacet
 facet normal -0.35984712296686394 -0.3118091533633856 -0.8793663059108412
  outer loop
   vertex 2.3656437397003174 2.583822250366211 0.6349858641624451
   vertex 2.6697726249694824 3.004204273223877 0.3614720106124878
   vertex 2.825028896331787 2.825028896331787 0.3614720106124878
  endloop
 endfacet
 facet normal -0.3869331803341042 -0.28965442026236554 -0.8754330532822076
  outer loop
   vertex 2.3656437397003174 2.583822250366211 0.6349858641624451
   vertex 2.1807360649108887 2.8308300971984863 0.6349858641624451
   vertex 2.6697726249694824 3.004204273223877 0.3614720106124878
  endloop
 endfacet
 facet normal 0.11851502158513127 -0.15533202884790195 -0.9807273578689801
  outer loop
   vertex 3.9593894481658936 3.4321911334991455 0.04071423411369324
   vertex 4 3.581886053085327 0.02191241830587387
   vertex 4 3.168353319168091 0.0874096006155014
  endloop
 endfacet
 facet normal -0.017252292503140254 -0.11999419416831104 -0.9926246781988064
  outer loop
   vertex 3.9593894481658936 3.4321911334991455 0.04071423411369324
   vertex 3.878995180130005 3.4437499046325684 0.04071423411369324
   vertex 4 3.581886053085327 0.02191241830587387
  endloop
 endfacet
 facet normal -0.5219306804921077 -0.28499607729297693 -0.8039686565337365
  outer loop
   vertex 1.700969934463501 2.7446346282958984 0.9770017266273499
   vertex 2.032863140106201 3.1016387939453125 0.6349858641624451
   vertex 2.1807360649108887 2.8308300971984863 0.6349858641624451
  endloop
 endfacet
 facet normal -0.5502599806251145 -0.251295239329797 -0.7962817694840368
  outer loop
   vertex 1.700969934463501 2.7446346282958984 0.9770017266273499
   vertex 1.5457136631011963 3.0845985412597656 0.9770017266273499
   vertex 2.032863140106201 3.1016387939453125 0.6349858641624451
  endloop
 endfacet
 facet normal -0.0597384823548529 -0.20344956368089592 -0.9772612694484479
  outer loop
   vertex 3.682507038116455 2.9187183380126953 0.16202810406684875
   vertex 3.8010642528533936 3.466632604598999 0.04071423411369324
   vertex 3.878995180130005 3.4437499046325684 0.04071423411369324
  endloop
 endfacet
 facet normal -0.07465083912899735 -0.20014680675091417 -0.9769178614217006
  outer loop
   vertex 3.682507038116455 2.9187183380126953 0.16202810406684875
   vertex 3.5318562984466553 2.9749081134796143 0.16202810406684875
   vertex 3.8010642528533936 3.466632604598999 0.04071423411369324
  endloop
 endfacet
 facet normal -0.6728771307612373 -0.1975746028662886 -0.712881927952135
  outer loop
   vertex 1.099454402923584 3.1483230590820312 1.3805570602416992
   vertex 1.4404195547103882 3.443197250366211 0.9770017266273499
   vertex 1.5457136631011963 3.0845985412597656 0.9770017266273499
  endloop
 endfacet
 facet normal -0.6975720442815727 -0.15174754690357045 -0.7002613262529753
  outer loop
   vertex 1.099454402923584 3.1483230590820312 1.3805570602416992
   vertex 1.0077714920043945 3.5697824954986572 1.3805570602416992
   vertex 1.4404195547103882 3.443197250366211 0.9770017266273499
  endloop
 endfacet
 facet normal -0.16669455170870165 -0.3052777974283599 -0.9375598076005202
  outer loop
   vertex 3.203651189804077 2.541595935821533 0.3614720106124878
   vertex 3.390735626220703 3.0519659519195557 0.16202810406684875
   vertex 3.5318562984466553 2.9749081134796143 0.16202810406684875
  endloop
 endfacet
 facet normal -0.19025628134210082 -0.2960446936642083 -0.9360342337559778
  outer loop
   vertex 3.203651189804077 2.541595935821533 0.3614720106124878
   vertex 3.004204273223877 2.6697726249694824 0.3614720106124878
   vertex 3.390735626220703 3.0519659519195557 0.16202810406684875
  endloop
 endfacet
 facet normal -0.8386481355273037 -0.007305845680859636 -0.5446245765621168
  outer loop
   vertex 0.6435595154762268 3.7599425315856934 1.8374366760253906
   vertex 0.5358983874320984 4 2
   vertex 0.7639320492744446 4 1.6488590240478516
  endloop
 endfacet
 facet normal -0.7946887758726772 -0.07473337856583356 -0.60239909663787
  outer loop
   vertex 0.6435595154762268 3.7599425315856934 1.8374366760253906
   vertex 0.7639320492744446 4 1.6488590240478516
   vertex 1.0077714920043945 3.5697824954986572 1.3805570602416992
  endloop
 endfacet
 facet normal -0.3118091533633856 -0.35984712296686394 -0.8793663059108412
  outer loop
   vertex 2.583822250366211 2.3656437397003174 0.6349858641624451
   vertex 2.825028896331787 2.825028896331787 0.3614720106124878
   vertex 3.004204273223877 2.6697726249694824 0.3614720106124878
  endloop
 endfacet
 facet normal -0.34177257598743616 -0.34177257598743616 -0.8754330429026678
  outer loop
   vertex 2.583822250366211 2.3656437397003174 0.6349858641624451
   vertex 2.3656437397003174 2.583822250366211 0.6349858641624451
   vertex 2.825028896331787 2.825028896331787 0.3614720106124878
  endloop
 endfacet
 facet normal -0.4760592469611241 -0.3563733279994155 -0.8039686837641307
  outer loop
   vertex 1.903027892112732 2.4302263259887695 0.9770017266273499
   vertex 2.1807360649108887 2.8308300971984863 0.6349858641624451
   vertex 2.3656437397003174 2.583822250366211 0.6349858641624451
  endloop
 endfacet
 facet normal -0.5088959070592549 -0.32704755848336386 -0.7962818912096451
  outer loop
   vertex 1.903027892112732 2.4302263259887695 0.9770017266273499
   vertex 1.700969934463501 2.7446346282958984 0.9770017266273499
   vertex 2.1807360649108887 2.8308300971984863 0.6349858641624451
  endloop
 endfacet
 facet normal 0.008605817641286399 -0.2588093719348353 -0.9658900811693952
  outer loop
   vertex 3.839621067047119 2.884540319442749 0.16202810406684875
   vertex 4 3.168353319168091 0.0874096006155014
   vertex 4 2.7639319896698 0.1957739293575287
  endloop
 endfacet
 facet normal -0.11649423104563979 -0.1904491892516549 -0.9747605862192381
  outer loop
   vertex 3.839621067047119 2.884540319442749 0.16202810406684875
   vertex 3.9593894481658936 3.4321911334991455 0.04071423411369324
   vertex 4 3.168353319168091 0.0874096006155014
  endloop
 endfacet
 facet normal -0.03017579501261761 -0.20988052487912032 -0.9772612683780224
  outer loop
   vertex 3.839621067047119 2.884540319442749 0.16202810406684875
   vertex 3.878995180130005 3.4437499046325684 0.04071423411369324
   vertex 3.9593894481658936 3.4321911334991455 0.04071423411369324
  endloop
 endfacet
 facet normal -0.04540714931079411 -0.20873357991408859 -0.9769178488530733
  outer loop
   vertex 3.839621067047119 2.884540319442749 0.16202810406684875
   vertex 3.682507038116455 2.9187183380126953 0.16202810406684875
   vertex 3.878995180130005 3.4437499046325684 0.04071423411369324
  endloop
 endfacet
 facet normal -0.6688758563139968 -0.2494777786661121 -0.700261327499984
  outer loop
   vertex 1.2501840591430664 2.744201183319092 1.3805570602416992
   vertex 1.099454402923584 3.1483230590820312 1.3805570602416992
   vertex 1.5457136631011963 3.0845985412597656 0.9770017266273499
  endloop
 endfacet
 facet normal -0.6379104703812991 -0.2913238650271117 -0.7128819239141747
  outer loop
   vertex 1.2501840591430664 2.744201183319092 1.3805570602416992
   vertex 1.5457136631011963 3.0845985412597656 0.9770017266273499
   vertex 1.700969934463501 2.7446346282958984 0.9770017266273499
  endloop
 endfacet
 facet normal -0.14618836330033796 -0.32010767048724365 -0.9360342097011192
  outer loop
   vertex 3.419309377670288 2.443108081817627 0.3614720106124878
   vertex 3.203651189804077 2.541595935821533 0.3614720106124878
   vertex 3.5318562984466553 2.9749081134796143 0.16202810406684875
  endloop
 endfacet
 facet normal -0.12155197527390132 -0.3258937205420826 -0.9375598115417768
  outer loop
   vertex 3.419309377670288 2.443108081817627 0.3614720106124878
   vertex 3.5318562984466553 2.9749081134796143 0.16202810406684875
   vertex 3.682507038116455 2.9187183380126953 0.16202810406684875
  endloop
 endfacet
 facet normal -0.7995324828043304 -0.11495548275433716 -0.5895193346493908
  outer loop
   vertex 0.711887001991272 3.284714698791504 1.8374366760253906
   vertex 0.6435595154762268 3.7599425315856934 1.8374366760253906
   vertex 1.0077714920043945 3.5697824954986572 1.3805570602416992
  endloop
 endfacet
 facet normal -0.7759258715049222 -0.16879238287301493 -0.607822485116647
  outer loop
   vertex 0.711887001991272 3.284714698791504 1.8374366760253906
   vertex 1.0077714920043945 3.5697824954986572 1.3805570602416992
   vertex 1.099454402923584 3.1483230590820312 1.3805570602416992
  endloop
 endfacet
 facet normal -0.28965442026236554 -0.3869331803341042 -0.8754330532822076
  outer loop
   vertex 2.8308300971984863 2.1807360649108887 0.6349858641624451
   vertex 2.583822250366211 2.3656437397003174 0.6349858641624451
   vertex 3.004204273223877 2.6697726249694824 0.3614720106124878
  endloop
 endfacet
 facet normal -0.25742381572656503 -0.4005594671095817 -0.8793663016090982
  outer loop
   vertex 2.8308300971984863 2.1807360649108887 0.6349858641624451
   vertex 3.004204273223877 2.6697726249694824 0.3614720106124878
   vertex 3.203651189804077 2.541595935821533 0.3614720106124878
  endloop
 endfacet
 facet normal -0.4571723101406762 -0.396142359467848 -0.7962818030545993
  outer loop
   vertex 2.1477742195129395 2.1477742195129395 0.9770017266273499
   vertex 1.903027892112732 2.4302263259887695 0.9770017266273499
   vertex 2.3656437397003174 2.583822250366211 0.6349858641624451
  endloop
 endfacet
 facet normal -0.42049644711803935 -0.42049644711803935 -0.8039685789396324
  outer loop
   vertex 2.1477742195129395 2.1477742195129395 0.9770017266273499
   vertex 2.3656437397003174 2.583822250366211 0.6349858641624451
   vertex 2.583822250366211 2.3656437397003174 0.6349858641624451
  endloop
 endfacet
 facet normal -0.5899576824648998 -0.37914280107617976 -0.7128819462525001
  outer loop
   vertex 1.4568920135498047 2.3656437397003174 1.3805570602416992
   vertex 1.700969934463501 2.7446346282958984 0.9770017266273499
   vertex 1.903027892112732 2.4302263259887695 0.9770017266273499
  endloop
 endfacet
 facet normal -0.6265633154031593 -0.342129374065933 -0.7002613106492845
  outer loop
   vertex 1.4568920135498047 2.3656437397003174 1.3805570602416992
   vertex 1.2501840591430664 2.744201183319092 1.3805570602416992
   vertex 1.700969934463501 2.7446346282958984 0.9770017266273499
  endloop
 endfacet
 facet normal -0.0739352356628167 -0.33987525435830157 -0.9375598073735687
  outer loop
   vertex 3.6467888355255127 2.376314163208008 0.3614720106124878
   vertex 3.682507038116455 2.9187183380126953 0.16202810406684875
   vertex 3.839621067047119 2.884540319442749 0.16202810406684875
  endloop
 endfacet
 facet normal -0.0991441173077224 -0.337654243442569 -0.9360342172637166
  outer loop
   vertex 3.6467888355255127 2.376314163208008 0.3614720106124878
   vertex 3.419309377670288 2.443108081817627 0.3614720106124878
   vertex 3.682507038116455 2.9187183380126953 0.16202810406684875
  endloop
 endfacet
 facet normal -0.7440063907291738 -0.27750001726085866 -0.6078225324668141
  outer loop
   vertex 0.8471509218215942 2.8240480422973633 1.8374366760253906
   vertex 1.099454402923584 3.1483230590820312 1.3805570602416992
   vertex 1.2501840591430664 2.744201183319092 1.3805570602416992
  endloop
 endfacet
 facet normal -0.7750345248298034 -0.22757064431391913 -0.5895193696295215
  outer loop
   vertex 0.8471509218215942 2.8240480422973633 1.8374366760253906
   vertex 0.711887001991272 3.284714698791504 1.8374366760253906
   vertex 1.099454402923584 3.1483230590820312 1.3805570602416992
  endloop
 endfacet
 facet normal -0.19779819951792665 -0.43311737982983606 -0.8793663670830287
  outer loop
   vertex 3.1016387939453125 2.032863140106201 0.6349858641624451
   vertex 3.203651189804077 2.541595935821533 0.3614720106124878
   vertex 3.419309377670288 2.443108081817627 0.3614720106124878
  endloop
 endfacet
 facet normal -0.23164010618037612 -0.4242166397388765 -0.8754330949749388
  outer loop
   vertex 3.1016387939453125 2.032863140106201 0.6349858641624451
   vertex 2.8308300971984863 2.1807360649108887 0.6349858641624451
   vertex 3.203651189804077 2.541595935821533 0.3614720106124878
  endloop
 endfacet
 facet normal -0.8893948645144562 -0.06011817827005796 -0.45316948222138853
  outer loop
   vertex 0.3985069990158081 3.4821834564208984 2.3383400440216064
   vertex 0.3458181619644165 4 2.3730533123016357
   vertex 0.5358983874320984 4 2
  endloop
 endfacet
 facet normal -0.9312382333878813 -0.07079138381037946 -0.357468785567117
  outer loop
   vertex 0.3985069990158081 3.4821834564208984 2.3383400440216064
   vertex 0.1957739293575287 4 2.7639319896698
   vertex 0.3458181619644165 4 2.3730533123016357
  endloop
 endfacet
 facet normal -0.8624617259660549 -0.12400334720338105 -0.4906963838525932
  outer loop
   vertex 0.3985069990158081 3.4821834564208984 2.3383400440216064
   vertex 0.6435595154762268 3.7599425315856934 1.8374366760253906
   vertex 0.711887001991272 3.284714698791504 1.8374366760253906
  endloop
 endfacet
 facet normal -0.8787321237610709 -0.07486411138704692 -0.4714076998698535
  outer loop
   vertex 0.3985069990158081 3.4821834564208984 2.3383400440216064
   vertex 0.5358983874320984 4 2
   vertex 0.6435595154762268 3.7599425315856934 1.8374366760253906
  endloop
 endfacet
 facet normal -0.396142359467848 -0.4571723101406762 -0.7962818030545993
  outer loop
   vertex 2.4302263259887695 1.903027892112732 0.9770017266273499
   vertex 2.1477742195129395 2.1477742195129395 0.9770017266273499
   vertex 2.583822250366211 2.3656437397003174 0.6349858641624451
  endloop
 endfacet
 facet normal -0.3563733279994155 -0.4760592469611241 -0.8039686837641307
  outer loop
   vertex 2.4302263259887695 1.903027892112732 0.9770017266273499
   vertex 2.583822250366211 2.3656437397003174 0.6349858641624451
   vertex 2.8308300971984863 2.1807360649108887 0.6349858641624451
  endloop
 endfacet
 facet normal -0.5714956706710881 -0.42781624566041754 -0.7002613500352768
  outer loop
   vertex 1.7153702974319458 2.020357131958008 1.3805570602416992
   vertex 1.4568920135498047 2.3656437397003174 1.3805570602416992
   vertex 1.903027892112732 2.4302263259887695 0.9770017266273499
  endloop
 endfacet
 facet normal -0.5299948946169392 -0.45924353553884983 -0.7128820286314956
  outer loop
   vertex 1.7153702974319458 2.020357131958008 1.3805570602416992
   vertex 1.903027892112732 2.4302263259887695 0.9770017266273499
   vertex 2.1477742195129395 2.1477742195129395 0.9770017266273499
  endloop
 endfacet
 facet normal -0.031123319930609034 -0.3581942688444843 -0.9331281823648141
  outer loop
   vertex 3.8814585208892822 2.342573642730713 0.3614720106124878
   vertex 4 2.7639319896698 0.1957739293575287
   vertex 4 2.3730533123016357 0.3458181619644165
  endloop
 endfacet
 facet normal -0.000929596862225945 -0.4539904340965599 -0.8910060727057313
  outer loop
   vertex 3.8814585208892822 2.342573642730713 0.3614720106124878
   vertex 4 2.3730533123016357 0.3458181619644165
   vertex 4 2 0.5358983874320984
  endloop
 endfacet
 facet normal -0.05008203087689921 -0.34832700450395604 -0.9360342344789248
  outer loop
   vertex 3.8814585208892822 2.342573642730713 0.3614720106124878
   vertex 3.6467888355255127 2.376314163208008 0.3614720106124878
   vertex 3.839621067047119 2.884540319442749 0.16202810406684875
  endloop
 endfacet
 facet normal -0.0658260445467135 -0.3490800997020716 -0.9347780570014071
  outer loop
   vertex 3.8814585208892822 2.342573642730713 0.3614720106124878
   vertex 3.839621067047119 2.884540319442749 0.16202810406684875
   vertex 4 2.7639319896698 0.1957739293575287
  endloop
 endfacet
 facet normal -0.7347590825960121 -0.3355532808525259 -0.5895193688520951
  outer loop
   vertex 1.0465978384017944 2.3873202800750732 1.8374366760253906
   vertex 0.8471509218215942 2.8240480422973633 1.8374366760253906
   vertex 1.2501840591430664 2.744201183319092 1.3805570602416992
  endloop
 endfacet
 facet normal -0.6969411643322868 -0.3805585779632855 -0.6078224923427222
  outer loop
   vertex 1.0465978384017944 2.3873202800750732 1.8374366760253906
   vertex 1.2501840591430664 2.744201183319092 1.3805570602416992
   vertex 1.4568920135498047 2.3656437397003174 1.3805570602416992
  endloop
 endfacet
 facet normal -0.16890962057847098 -0.4528647164549469 -0.8754330863442492
  outer loop
   vertex 3.390735626220703 1.9250357151031494 0.6349858641624451
   vertex 3.1016387939453125 2.032863140106201 0.6349858641624451
   vertex 3.419309377670288 2.443108081817627 0.3614720106124878
  endloop
 endfacet
 facet normal -0.1341456417574165 -0.45685862569266444 -0.8793663303354871
  outer loop
   vertex 3.390735626220703 1.9250357151031494 0.6349858641624451
   vertex 3.419309377670288 2.443108081817627 0.3614720106124878
   vertex 3.6467888355255127 2.376314163208008 0.3614720106124878
  endloop
 endfacet
 facet normal -0.8360355947071757 -0.24548217255052315 -0.4906964309453392
  outer loop
   vertex 0.5088579654693604 2.9749081134796143 2.3383400440216064
   vertex 0.711887001991272 3.284714698791504 1.8374366760253906
   vertex 0.8471509218215942 2.8240480422973633 1.8374366760253906
  endloop
 endfacet
 facet normal -0.8642609391695566 -0.1880084085152437 -0.46658961342203165
  outer loop
   vertex 0.5088579654693604 2.9749081134796143 2.3383400440216064
   vertex 0.3985069990158081 3.4821834564208984 2.3383400440216064
   vertex 0.711887001991272 3.284714698791504 1.8374366760253906
  endloop
 endfacet
 facet normal -0.32704755848336386 -0.5088959070592549 -0.7962818912096451
  outer loop
   vertex 2.7446346282958984 1.700969934463501 0.9770017266273499
   vertex 2.4302263259887695 1.903027892112732 0.9770017266273499
   vertex 2.8308300971984863 2.1807360649108887 0.6349858641624451
  endloop
 endfacet
 facet normal -0.28499607729297693 -0.5219306804921077 -0.8039686565337365
  outer loop
   vertex 2.7446346282958984 1.700969934463501 0.9770017266273499
   vertex 2.8308300971984863 2.1807360649108887 0.6349858641624451
   vertex 3.1016387939453125 2.032863140106201 0.6349858641624451
  endloop
 endfacet
 facet normal -0.9657585564138214 -0.01861075921137993 -0.2587741299957704
  outer loop
   vertex 0.17180681228637695 3.7262022495269775 2.8730697631835938
   vertex 0.0874096006155014 4 3.168353319168091
   vertex 0.1957739293575287 4 2.7639319896698
  endloop
 endfacet
 facet normal -0.9289541015586841 -0.06402214307334977 -0.36461684326645366
  outer loop
   vertex 0.17180681228637695 3.7262022495269775 2.8730697631835938
   vertex 0.1957739293575287 4 2.7639319896698
   vertex 0.3985069990158081 3.4821834564208984 2.3383400440216064
  endloop
 endfacet
 facet normal -0.45924353553884983 -0.5299948946169392 -0.7128820286314956
  outer loop
   vertex 2.020357131958008 1.7153702974319458 1.3805570602416992
   vertex 2.1477742195129395 2.1477742195129395 0.9770017266273499
   vertex 2.4302263259887695 1.903027892112732 0.9770017266273499
  endloop
 endfacet
 facet normal -0.5047939457927728 -0.5047939457927728 -0.7002614830061171
  outer loop
   vertex 2.020357131958008 1.7153702974319458 1.3805570602416992
   vertex 1.7153702974319458 2.020357131958008 1.3805570602416992
   vertex 2.1477742195129395 2.1477742195129395 0.9770017266273499
  endloop
 endfacet
 facet normal -0.6795261514559989 -0.4367048821098701 -0.5895193427096374
  outer loop
   vertex 1.3061673641204834 1.9834221601486206 1.8374366760253906
   vertex 1.0465978384017944 2.3873202800750732 1.8374366760253906
   vertex 1.4568920135498047 2.3656437397003174 1.3805570602416992
  endloop
 endfacet
 facet normal -0.6356881560431155 -0.4758701321565718 -0.6078224951314244
  outer loop
   vertex 1.3061673641204834 1.9834221601486206 1.8374366760253906
   vertex 1.4568920135498047 2.3656437397003174 1.3805570602416992
   vertex 1.7153702974319458 2.020357131958008 1.3805570602416992
  endloop
 endfacet
 facet normal -0.021283935526358603 -0.5445157355733612 -0.8384805351357367
  outer loop
   vertex 3.692235231399536 1.8594485521316528 0.6349858641624451
   vertex 4 2 0.5358983874320984
   vertex 4 1.6488590240478516 0.7639320492744446
  endloop
 endfacet
 facet normal -0.06791185461942345 -0.4712496130596873 -0.8793814770583043
  outer loop
   vertex 3.692235231399536 1.8594485521316528 0.6349858641624451
   vertex 3.8814585208892822 2.342573642730713 0.3614720106124878
   vertex 4 2 0.5358983874320984
  endloop
 endfacet
 facet normal -0.06776284886181691 -0.47129938118340914 -0.8793663000196597
  outer loop
   vertex 3.692235231399536 1.8594485521316528 0.6349858641624451
   vertex 3.6467888355255127 2.376314163208008 0.3614720106124878
   vertex 3.8814585208892822 2.342573642730713 0.3614720106124878
  endloop
 endfacet
 facet normal -0.10274107396888336 -0.4722935378487036 -0.8754330847221138
  outer loop
   vertex 3.692235231399536 1.8594485521316528 0.6349858641624451
   vertex 3.390735626220703 1.9250357151031494 0.6349858641624451
   vertex 3.6467888355255127 2.376314163208008 0.3614720106124878
  endloop
 endfacet
 facet normal -0.7925901837343363 -0.3619638638339798 -0.49069640504730333
  outer loop
   vertex 0.6902785301208496 2.4885008335113525 2.3383400440216064
   vertex 0.8471509218215942 2.8240480422973633 1.8374366760253906
   vertex 1.0465978384017944 2.3873202800750732 1.8374366760253906
  endloop
 endfacet
 facet normal -0.8287075966261087 -0.309092002325083 -0.46658959846191334
  outer loop
   vertex 0.6902785301208496 2.4885008335113525 2.3383400440216064
   vertex 0.5088579654693604 2.9749081134796143 2.3383400440216064
   vertex 0.8471509218215942 2.8240480422973633 1.8374366760253906
  endloop
 endfacet
 facet normal -0.20781627079482598 -0.5571775972612589 -0.8039686080333622
  outer loop
   vertex 3.0845985412597656 1.5457136631011963 0.9770017266273499
   vertex 3.1016387939453125 2.032863140106201 0.6349858641624451
   vertex 3.390735626220703 1.9250357151031494 0.6349858641624451
  endloop
 endfacet
 facet normal -0.251295239329797 -0.5502599806251145 -0.7962817694840368
  outer loop
   vertex 3.0845985412597656 1.5457136631011963 0.9770017266273499
   vertex 2.7446346282958984 1.700969934463501 0.9770017266273499
   vertex 3.1016387939453125 2.032863140106201 0.6349858641624451
  endloop
 endfacet
 facet normal -0.9328778442901665 -0.13412760088675194 -0.3342883699934778
  outer loop
   vertex 0.24973778426647186 3.184180498123169 2.8730697631835938
   vertex 0.17180681228637695 3.7262022495269775 2.8730697631835938
   vertex 0.3985069990158081 3.4821834564208984 2.3383400440216064
  endloop
 endfacet
 facet normal -0.9102654286061269 -0.19801606991879703 -0.3636020978190556
  outer loop
   vertex 0.24973778426647186 3.184180498123169 2.8730697631835938
   vertex 0.3985069990158081 3.4821834564208984 2.3383400440216064
   vertex 0.5088579654693604 2.9749081134796143 2.3383400440216064
  endloop
 endfacet
 facet normal -0.37914280107617976 -0.5899576824648998 -0.7128819462525001
  outer loop
   vertex 2.3656437397003174 1.4568920135498047 1.3805570602416992
   vertex 2.4302263259887695 1.903027892112732 0.9770017266273499
   vertex 2.7446346282958984 1.700969934463501 0.9770017266273499
  endloop
 endfacet
 facet normal -0.42781624566041754 -0.5714956706710881 -0.7002613500352768
  outer loop
   vertex 2.3656437397003174 1.4568920135498047 1.3805570602416992
   vertex 2.020357131958008 1.7153702974319458 1.3805570602416992
   vertex 2.4302263259887695 1.903027892112732 0.9770017266273499
  endloop
 endfacet
 facet normal -0.5614943692634028 -0.5614943692634028 -0.6078224630358661
  outer loop
   vertex 1.6205756664276123 1.6205756664276123 1.8374366760253906
   vertex 1.7153702974319458 2.020357131958008 1.3805570602416992
   vertex 2.020357131958008 1.7153702974319458 1.3805570602416992
  endloop
 endfacet
 facet normal -0.6104599299510055 -0.5289665837311405 -0.5895193187843971
  outer loop
   vertex 1.6205756664276123 1.6205756664276123 1.8374366760253906
   vertex 1.3061673641204834 1.9834221601486206 1.8374366760253906
   vertex 1.7153702974319458 2.020357131958008 1.3805570602416992
  endloop
 endfacet
 facet normal -0.7330099561446899 -0.4710768316975593 -0.4906964671062441
  outer loop
   vertex 0.9390754699707031 2.032863140106201 2.3383400440216064
   vertex 1.0465978384017944 2.3873202800750732 1.8374366760253906
   vertex 1.3061673641204834 1.9834221601486206 1.8374366760253906
  endloop
 endfacet
 facet normal -0.7762842167470896 -0.4238831430670936 -0.4665896439623572
  outer loop
   vertex 0.9390754699707031 2.032863140106201 2.3383400440216064
   vertex 0.6902785301208496 2.4885008335113525 2.3383400440216064
   vertex 1.0465978384017944 2.3873202800750732 1.8374366760253906
  endloop
 endfacet
 facet normal -0.17042733854031134 -0.5804220628391584 -0.7962818290326624
  outer loop
   vertex 3.443197250366211 1.4404195547103882 0.9770017266273499
   vertex 3.0845985412597656 1.5457136631011963 0.9770017266273499
   vertex 3.390735626220703 1.9250357151031494 0.6349858641624451
  endloop
 endfacet
 facet normal -0.1264064412582241 -0.5810815776248581 -0.8039686634150843
  outer loop
   vertex 3.443197250366211 1.4404195547103882 0.9770017266273499
   vertex 3.390735626220703 1.9250357151031494 0.6349858641624451
   vertex 3.692235231399536 1.8594485521316528 0.6349858641624451
  endloop
 endfacet
 facet normal -0.9042941893624759 -0.2655246532638394 -0.33428831507305234
  outer loop
   vertex 0.4040132761001587 2.658766269683838 2.8730697631835938
   vertex 0.24973778426647186 3.184180498123169 2.8730697631835938
   vertex 0.5088579654693604 2.9749081134796143 2.3383400440216064
  endloop
 endfacet
 facet normal -0.8728195655282588 -0.3255449187095565 -0.36360213411564324
  outer loop
   vertex 0.4040132761001587 2.658766269683838 2.8730697631835938
   vertex 0.5088579654693604 2.9749081134796143 2.3383400440216064
   vertex 0.6902785301208496 2.4885008335113525 2.3383400440216064
  endloop
 endfacet
 facet normal -0.2913238650271117 -0.6379104703812991 -0.7128819239141747
  outer loop
   vertex 2.744201183319092 1.2501840591430664 1.3805570602416992
   vertex 2.7446346282958984 1.700969934463501 0.9770017266273499
   vertex 3.0845985412597656 1.5457136631011963 0.9770017266273499
  endloop
 endfacet
 facet normal -0.342129374065933 -0.6265633154031593 -0.7002613106492845
  outer loop
   vertex 2.744201183319092 1.2501840591430664 1.3805570602416992
   vertex 2.3656437397003174 1.4568920135498047 1.3805570602416992
   vertex 2.7446346282958984 1.700969934463501 0.9770017266273499
  endloop
 endfacet
 facet normal -0.9858175573489001 -0.061519056976419906 -0.1561382376337714
  outer loop
   vertex 0.08101405203342438 3.436534881591797 3.4307405948638916
   vertex 0.02191241830587387 4 3.581886053085327
   vertex 0.0874096006155014 4 3.168353319168091
  endloop
 endfacet
 facet normal -0.9857586970416797 -0.15612891507244406 -0.06247842095469166
  outer loop
   vertex 0.08101405203342438 3.436534881591797 3.4307405948638916
   vertex 0.0874096006155014 3.168353319168091 4
   vertex 0.02191241830587387 3.581886053085327 4
  endloop
 endfacet
 facet normal -0.9758682686643615 -0.08297869296497672 -0.20197935223147337
  outer loop
   vertex 0.08101405203342438 3.436534881591797 3.4307405948638916
   vertex 0.0874096006155014 4 3.168353319168091
   vertex 0.17180681228637695 3.7262022495269775 2.8730697631835938
  endloop
 endfacet
 facet normal -0.9932293262358439 -0.08214470617480917 -0.08214470617480917
  outer loop
   vertex 0.08101405203342438 3.436534881591797 3.4307405948638916
   vertex 0.02191241830587387 3.581886053085327 4
   vertex 0.02191241830587387 4 3.581886053085327
  endloop
 endfacet
 facet normal -0.9635569579863994 -0.13853859203912372 -0.2288341041711519
  outer loop
   vertex 0.08101405203342438 3.436534881591797 3.4307405948638916
   vertex 0.17180681228637695 3.7262022495269775 2.8730697631835938
   vertex 0.24973778426647186 3.184180498123169 2.8730697631835938
  endloop
 endfacet
 facet normal -0.5289665837311405 -0.6104599299510055 -0.5895193187843971
  outer loop
   vertex 1.9834221601486206 1.3061673641204834 1.8374366760253906
   vertex 1.6205756664276123 1.6205756664276123 1.8374366760253906
   vertex 2.020357131958008 1.7153702974319458 1.3805570602416992
  endloop
 endfacet
 facet normal -0.4758701321565718 -0.6356881560431155 -0.6078224951314244
  outer loop
   vertex 1.9834221601486206 1.3061673641204834 1.8374366760253906
   vertex 2.020357131958008 1.7153702974319458 1.3805570602416992
   vertex 2.3656437397003174 1.4568920135498047 1.3805570602416992
  endloop
 endfacet
 facet normal -0.7080577426110034 -0.5300456763786868 -0.4665895563349768
  outer loop
   vertex 1.2501840591430664 1.6172709465026855 2.3383400440216064
   vertex 0.9390754699707031 2.032863140106201 2.3383400440216064
   vertex 1.3061673641204834 1.9834221601486206 1.8374366760253906
  endloop
 endfacet
 facet normal -0.6585077663462384 -0.5706002743743559 -0.4906962895168434
  outer loop
   vertex 1.2501840591430664 1.6172709465026855 2.3383400440216064
   vertex 1.3061673641204834 1.9834221601486206 1.8374366760253906
   vertex 1.6205756664276123 1.6205756664276123 1.8374366760253906
  endloop
 endfacet
 facet normal -0.005022190281543141 -0.6293123531897107 -0.777136242706261
  outer loop
   vertex 3.813131093978882 1.3872311115264893 0.9770017266273499
   vertex 4 1.6488590240478516 0.7639320492744446
   vertex 4 1.3234776258468628 1.0274206399917603
  endloop
 endfacet
 facet normal -0.05039354392434257 -0.7062083583230749 -0.7062083583230749
  outer loop
   vertex 3.813131093978882 1.3872311115264893 0.9770017266273499
   vertex 4 1.3234776258468628 1.0274206399917603
   vertex 4 1.0274206399917603 1.3234776258468628
  endloop
 endfacet
 facet normal -0.07417222754768468 -0.5973534540680149 -0.7985407513543855
  outer loop
   vertex 3.813131093978882 1.3872311115264893 0.9770017266273499
   vertex 3.692235231399536 1.8594485521316528 0.6349858641624451
   vertex 4 1.6488590240478516 0.7639320492744446
  endloop
 endfacet
 facet normal -0.08608989380686219 -0.5987685182299154 -0.7962818544718161
  outer loop
   vertex 3.813131093978882 1.3872311115264893 0.9770017266273499
   vertex 3.443197250366211 1.4404195547103882 0.9770017266273499
   vertex 3.692235231399536 1.8594485521316528 0.6349858641624451
  endloop
 endfacet
 facet normal -0.8573015808380157 -0.3915167003024114 -0.33428830801712306
  outer loop
   vertex 0.6314927339553833 2.160655975341797 2.8730697631835938
   vertex 0.4040132761001587 2.658766269683838 2.8730697631835938
   vertex 0.6902785301208496 2.4885008335113525 2.3383400440216064
  endloop
 endfacet
 facet normal -0.8176057822626415 -0.4464464191060955 -0.36360195224728714
  outer loop
   vertex 0.6314927339553833 2.160655975341797 2.8730697631835938
   vertex 0.6902785301208496 2.4885008335113525 2.3383400440216064
   vertex 0.9390754699707031 2.032863140106201 2.3383400440216064
  endloop
 endfacet
 facet normal -0.2494777786661121 -0.6688758563139968 -0.700261327499984
  outer loop
   vertex 3.1483230590820312 1.099454402923584 1.3805570602416992
   vertex 2.744201183319092 1.2501840591430664 1.3805570602416992
   vertex 3.0845985412597656 1.5457136631011963 0.9770017266273499
  endloop
 endfacet
 facet normal -0.1975746028662886 -0.6728771307612373 -0.712881927952135
  outer loop
   vertex 3.1483230590820312 1.099454402923584 1.3805570602416992
   vertex 3.0845985412597656 1.5457136631011963 0.9770017266273499
   vertex 3.443197250366211 1.4404195547103882 0.9770017266273499
  endloop
 endfacet
 facet normal -0.9582730046653174 -0.20845953821399546 -0.19559516726471604
  outer loop
   vertex 0.20109312236309052 2.884540319442749 3.4307405948638916
   vertex 0.08101405203342438 3.436534881591797 3.4307405948638916
   vertex 0.24973778426647186 3.184180498123169 2.8730697631835938
  endloop
 endfacet
 facet normal -0.9639622007675026 -0.2582927981282431 -0.06373151439088307
  outer loop
   vertex 0.20109312236309052 2.884540319442749 3.4307405948638916
   vertex 0.1957739293575287 2.7639319896698 4
   vertex 0.0874096006155014 3.168353319168091 4
  endloop
 endfacet
 facet normal -0.934033269140085 -0.2742568323922957 -0.2288340927956972
  outer loop
   vertex 0.20109312236309052 2.884540319442749 3.4307405948638916
   vertex 0.24973778426647186 3.184180498123169 2.8730697631835938
   vertex 0.4040132761001587 2.658766269683838 2.8730697631835938
  endloop
 endfacet
 facet normal -0.9732857195320066 -0.2117253545243917 -0.0888103733050627
  outer loop
   vertex 0.20109312236309052 2.884540319442749 3.4307405948638916
   vertex 0.0874096006155014 3.168353319168091 4
   vertex 0.08101405203342438 3.436534881591797 3.4307405948638916
  endloop
 endfacet
 facet normal -0.3805585779632855 -0.6969411643322868 -0.6078224923427222
  outer loop
   vertex 2.3873202800750732 1.0465978384017944 1.8374366760253906
   vertex 2.3656437397003174 1.4568920135498047 1.3805570602416992
   vertex 2.744201183319092 1.2501840591430664 1.3805570602416992
  endloop
 endfacet
 facet normal -0.4367048821098701 -0.6795261514559989 -0.5895193427096374
  outer loop
   vertex 2.3873202800750732 1.0465978384017944 1.8374366760253906
   vertex 1.9834221601486206 1.3061673641204834 1.8374366760253906
   vertex 2.3656437397003174 1.4568920135498047 1.3805570602416992
  endloop
 endfacet
 facet normal -0.6254175608097626 -0.6254175608097626 -0.4665894868742048
  outer loop
   vertex 1.6172709465026855 1.2501840591430664 2.3383400440216064
   vertex 1.2501840591430664 1.6172709465026855 2.3383400440216064
   vertex 1.6205756664276123 1.6205756664276123 1.8374366760253906
  endloop
 endfacet
 facet normal -0.5706002743743559 -0.6585077663462384 -0.4906962895168434
  outer loop
   vertex 1.6172709465026855 1.2501840591430664 2.3383400440216064
   vertex 1.6205756664276123 1.6205756664276123 1.8374366760253906
   vertex 1.9834221601486206 1.3061673641204834 1.8374366760253906
  endloop
 endfacet
 facet normal -0.7928570629226526 -0.5095381152659693 -0.3342881793675463
  outer loop
   vertex 0.9275451898574829 1.6999891996383667 2.8730697631835938
   vertex 0.6314927339553833 2.160655975341797 2.8730697631835938
   vertex 0.9390754699707031 2.032863140106201 2.3383400440216064
  endloop
 endfacet
 facet normal -0.7457475282145863 -0.5582599118860218 -0.36360211075136256
  outer loop
   vertex 0.9275451898574829 1.6999891996383667 2.8730697631835938
   vertex 0.9390754699707031 2.032863140106201 2.3383400440216064
   vertex 1.2501840591430664 1.6172709465026855 2.3383400440216064
  endloop
 endfacet
 facet normal -0.06090825532450184 -0.7085783359324377 -0.7029985250912998
  outer loop
   vertex 3.5697824954986572 1.0077714920043945 1.3805570602416992
   vertex 3.813131093978882 1.3872311115264893 0.9770017266273499
   vertex 4 1.0274206399917603 1.3234776258468628
  endloop
 endfacet
 facet normal -0.09980310016199494 -0.6941459880623778 -0.7128819596924587
  outer loop
   vertex 3.5697824954986572 1.0077714920043945 1.3805570602416992
   vertex 3.443197250366211 1.4404195547103882 0.9770017266273499
   vertex 3.813131093978882 1.3872311115264893 0.9770017266273499
  endloop
 endfacet
 facet normal -0.15174754690357045 -0.6975720442815727 -0.7002613262529753
  outer loop
   vertex 3.5697824954986572 1.0077714920043945 1.3805570602416992
   vertex 3.1483230590820312 1.099454402923584 1.3805570602416992
   vertex 3.443197250366211 1.4404195547103882 0.9770017266273499
  endloop
 endfacet
 facet normal -0.047946069581744445 -0.7762522679509669 -0.6285965247379617
  outer loop
   vertex 3.5697824954986572 1.0077714920043945 1.3805570602416992
   vertex 4 1.0274206399917603 1.3234776258468628
   vertex 4 0.7639320492744446 1.6488590240478516
  endloop
 endfacet
 facet normal -0.9188522993424564 -0.34271418014890087 -0.1955950989108565
  outer loop
   vertex 0.3985069990158081 2.355253219604492 3.4307405948638916
   vertex 0.20109312236309052 2.884540319442749 3.4307405948638916
   vertex 0.4040132761001587 2.658766269683838 2.8730697631835938
  endloop
 endfacet
 facet normal -0.930951637206506 -0.35735877162521545 -0.07499171637616885
  outer loop
   vertex 0.3985069990158081 2.355253219604492 3.4307405948638916
   vertex 0.3458181619644165 2.3730533123016357 4
   vertex 0.1957739293575287 2.7639319896698 4
  endloop
 endfacet
 facet normal -0.888937111385245 -0.45293624526801 -0.06811438706010356
  outer loop
   vertex 0.3985069990158081 2.355253219604492 3.4307405948638916
   vertex 0.5358983874320984 2 4
   vertex 0.3458181619644165 2.3730533123016357 4
  endloop
 endfacet
 facet normal -0.9337547069874514 -0.3482724906868992 -0.08251314688898162
  outer loop
   vertex 0.3985069990158081 2.355253219604492 3.4307405948638916
   vertex 0.1957739293575287 2.7639319896698 4
   vertex 0.20109312236309052 2.884540319442749 3.4307405948638916
  endloop
 endfacet
 facet normal -0.8854952248960842 -0.4043923122665533 -0.22883414182753373
  outer loop
   vertex 0.3985069990158081 2.355253219604492 3.4307405948638916
   vertex 0.4040132761001587 2.658766269683838 2.8730697631835938
   vertex 0.6314927339553833 2.160655975341797 2.8730697631835938
  endloop
 endfacet
 facet normal -0.3355532808525259 -0.7347590825960121 -0.5895193688520951
  outer loop
   vertex 2.8240480422973633 0.8471509218215942 1.8374366760253906
   vertex 2.3873202800750732 1.0465978384017944 1.8374366760253906
   vertex 2.744201183319092 1.2501840591430664 1.3805570602416992
  endloop
 endfacet
 facet normal -0.27750001726085866 -0.7440063907291738 -0.6078225324668141
  outer loop
   vertex 2.8240480422973633 0.8471509218215942 1.8374366760253906
   vertex 2.744201183319092 1.2501840591430664 1.3805570602416992
   vertex 3.1483230590820312 1.099454402923584 1.3805570602416992
  endloop
 endfacet
 facet normal -0.5300456763786868 -0.7080577426110034 -0.4665895563349768
  outer loop
   vertex 2.032863140106201 0.9390754699707031 2.3383400440216064
   vertex 1.6172709465026855 1.2501840591430664 2.3383400440216064
   vertex 1.9834221601486206 1.3061673641204834 1.8374366760253906
  endloop
 endfacet
 facet normal -0.4710768316975593 -0.7330099561446899 -0.4906964671062441
  outer loop
   vertex 2.032863140106201 0.9390754699707031 2.3383400440216064
   vertex 1.9834221601486206 1.3061673641204834 1.8374366760253906
   vertex 2.3873202800750732 1.0465978384017944 1.8374366760253906
  endloop
 endfacet
 facet normal -0.7122719608768193 -0.6171870594416671 -0.33428847932053946
  outer loop
   vertex 1.2861440181732178 1.2861440181732178 2.8730697631835938
   vertex 0.9275451898574829 1.6999891996383667 2.8730697631835938
   vertex 1.2501840591430664 1.6172709465026855 2.3383400440216064
  endloop
 endfacet
 facet normal -0.6587083494067226 -0.6587083494067226 -0.36360228388136123
  outer loop
   vertex 1.2861440181732178 1.2861440181732178 2.8730697631835938
   vertex 1.2501840591430664 1.6172709465026855 2.3383400440216064
   vertex 1.6172709465026855 1.2501840591430664 2.3383400440216064
  endloop
 endfacet
 facet normal -0.8607263527008655 -0.469992161969004 -0.1955952797333479
  outer loop
   vertex 0.6692368388175964 1.8594485521316528 3.4307405948638916
   vertex 0.3985069990158081 2.355253219604492 3.4307405948638916
   vertex 0.6314927339553833 2.160655975341797 2.8730697631835938
  endloop
 endfacet
 facet normal -0.8189313099998863 -0.5262950104669003 -0.2288341571084075
  outer loop
   vertex 0.6692368388175964 1.8594485521316528 3.4307405948638916
   vertex 0.6314927339553833 2.160655975341797 2.8730697631835938
   vertex 0.9275451898574829 1.6999891996383667 2.8730697631835938
  endloop
 endfacet
 facet normal -0.8370647574252871 -0.5435963185933486 -0.06185171208870644
  outer loop
   vertex 0.6692368388175964 1.8594485521316528 3.4307405948638916
   vertex 0.7639320492744446 1.6488590240478516 4
   vertex 0.5358983874320984 2 4
  endloop
 endfacet
 facet normal -0.8743570659246327 -0.4774350947398149 -0.08692210063298828
  outer loop
   vertex 0.6692368388175964 1.8594485521316528 3.4307405948638916
   vertex 0.5358983874320984 2 4
   vertex 0.3985069990158081 2.355253219604492 3.4307405948638916
  endloop
 endfacet
 facet normal -0.16879238287301493 -0.7759258715049222 -0.607822485116647
  outer loop
   vertex 3.284714698791504 0.711887001991272 1.8374366760253906
   vertex 3.1483230590820312 1.099454402923584 1.3805570602416992
   vertex 3.5697824954986572 1.0077714920043945 1.3805570602416992
  endloop
 endfacet
 facet normal -0.22757064431391913 -0.7750345248298034 -0.5895193696295215
  outer loop
   vertex 3.284714698791504 0.711887001991272 1.8374366760253906
   vertex 2.8240480422973633 0.8471509218215942 1.8374366760253906
   vertex 3.1483230590820312 1.099454402923584 1.3805570602416992
  endloop
 endfacet
 facet normal -0.4238831430670936 -0.7762842167470896 -0.4665896439623572
  outer loop
   vertex 2.4885008335113525 0.6902785301208496 2.3383400440216064
   vertex 2.032863140106201 0.9390754699707031 2.3383400440216064
   vertex 2.3873202800750732 1.0465978384017944 1.8374366760253906
  endloop
 endfacet
 facet normal -0.3619638638339798 -0.7925901837343363 -0.49069640504730333
  outer loop
   vertex 2.4885008335113525 0.6902785301208496 2.3383400440216064
   vertex 2.3873202800750732 1.0465978384017944 1.8374366760253906
   vertex 2.8240480422973633 0.8471509218215942 1.8374366760253906
  endloop
 endfacet
 facet normal -0.5582599118860218 -0.7457475282145863 -0.36360211075136256
  outer loop
   vertex 1.6999891996383667 0.9275451898574829 2.8730697631835938
   vertex 1.6172709465026855 1.2501840591430664 2.3383400440216064
   vertex 2.032863140106201 0.9390754699707031 2.3383400440216064
  endloop
 endfacet
 facet normal -0.6171870594416671 -0.7122719608768193 -0.33428847932053946
  outer loop
   vertex 1.6999891996383667 0.9275451898574829 2.8730697631835938
   vertex 1.2861440181732178 1.2861440181732178 2.8730697631835938
   vertex 1.6172709465026855 1.2501840591430664 2.3383400440216064
  endloop
 endfacet
 facet normal -0.7850785881322788 -0.5877024336646398 -0.1955951428867476
  outer loop
   vertex 1.0077714920043945 1.4072191715240479 3.4307405948638916
   vertex 0.6692368388175964 1.8594485521316528 3.4307405948638916
   vertex 0.9275451898574829 1.6999891996383667 2.8730697631835938
  endloop
 endfacet
 facet normal -0.7754715388433441 -0.6279643029409047 -0.06561041590997381
  outer loop
   vertex 1.0077714920043945 1.4072191715240479 3.4307405948638916
   vertex 1.0274206399917603 1.3234776258468628 4
   vertex 0.7639320492744446 1.6488590240478516 4
  endloop
 endfacet
 facet normal -0.7356961467202547 -0.6374842284650385 -0.22883408434781677
  outer loop
   vertex 1.0077714920043945 1.4072191715240479 3.4307405948638916
   vertex 0.9275451898574829 1.6999891996383667 2.8730697631835938
   vertex 1.2861440181732178 1.2861440181732178 2.8730697631835938
  endloop
 endfacet
 facet normal -0.797422724777358 -0.5969431380443898 -0.08818099540360531
  outer loop
   vertex 1.0077714920043945 1.4072191715240479 3.4307405948638916
   vertex 0.7639320492744446 1.6488590240478516 4
   vertex 0.6692368388175964 1.8594485521316528 3.4307405948638916
  endloop
 endfacet
 facet normal -0.007305845680859636 -0.8386481355273037 -0.5446245765621168
  outer loop
   vertex 3.7599425315856934 0.6435595154762268 1.8374366760253906
   vertex 4 0.7639320492744446 1.6488590240478516
   vertex 4 0.5358983874320984 2
  endloop
 endfacet
 facet normal -0.07473337856583356 -0.7946887758726772 -0.60239909663787
  outer loop
   vertex 3.7599425315856934 0.6435595154762268 1.8374366760253906
   vertex 3.5697824954986572 1.0077714920043945 1.3805570602416992
   vertex 4 0.7639320492744446 1.6488590240478516
  endloop
 endfacet
 facet normal -0.11495548275433716 -0.7995324828043304 -0.5895193346493908
  outer loop
   vertex 3.7599425315856934 0.6435595154762268 1.8374366760253906
   vertex 3.284714698791504 0.711887001991272 1.8374366760253906
   vertex 3.5697824954986572 1.0077714920043945 1.3805570602416992
  endloop
 endfacet
 facet normal -0.24548217255052315 -0.8360355947071757 -0.4906964309453392
  outer loop
   vertex 2.9749081134796143 0.5088579654693604 2.3383400440216064
   vertex 2.8240480422973633 0.8471509218215942 1.8374366760253906
   vertex 3.284714698791504 0.711887001991272 1.8374366760253906
  endloop
 endfacet
 facet normal -0.309092002325083 -0.8287075966261087 -0.46658959846191334
  outer loop
   vertex 2.9749081134796143 0.5088579654693604 2.3383400440216064
   vertex 2.4885008335113525 0.6902785301208496 2.3383400440216064
   vertex 2.8240480422973633 0.8471509218215942 1.8374366760253906
  endloop
 endfacet
 facet normal -0.4464464191060955 -0.8176057822626415 -0.36360195224728714
  outer loop
   vertex 2.160655975341797 0.6314927339553833 2.8730697631835938
   vertex 2.032863140106201 0.9390754699707031 2.3383400440216064
   vertex 2.4885008335113525 0.6902785301208496 2.3383400440216064
  endloop
 endfacet
 facet normal -0.5095381152659693 -0.7928570629226526 -0.3342881793675463
  outer loop
   vertex 2.160655975341797 0.6314927339553833 2.8730697631835938
   vertex 1.6999891996383667 0.9275451898574829 2.8730697631835938
   vertex 2.032863140106201 0.9390754699707031 2.3383400440216064
  endloop
 endfacet
 facet normal -0.7048765025509149 -0.7048765025509149 -0.07936140310742945
  outer loop
   vertex 1.4072191715240479 1.0077714920043945 3.4307405948638916
   vertex 1.3234776258468628 1.0274206399917603 4
   vertex 1.0274206399917603 1.3234776258468628 4
  endloop
 endfacet
 facet normal -0.6279643029409047 -0.7754715388433441 -0.06561041590997381
  outer loop
   vertex 1.4072191715240479 1.0077714920043945 3.4307405948638916
   vertex 1.6488590240478516 0.7639320492744446 4
   vertex 1.3234776258468628 1.0274206399917603 4
  endloop
 endfacet
 facet normal -0.6374842284650385 -0.7356961467202547 -0.22883408434781677
  outer loop
   vertex 1.4072191715240479 1.0077714920043945 3.4307405948638916
   vertex 1.2861440181732178 1.2861440181732178 2.8730697631835938
   vertex 1.6999891996383667 0.9275451898574829 2.8730697631835938
  endloop
 endfacet
 facet normal -0.7048765025509149 -0.7048765025509149 -0.07936140310742945
  outer loop
   vertex 1.4072191715240479 1.0077714920043945 3.4307405948638916
   vertex 1.0274206399917603 1.3234776258468628 4
   vertex 1.0077714920043945 1.4072191715240479 3.4307405948638916
  endloop
 endfacet
 facet normal -0.6934488297456445 -0.6934488297456445 -0.19559509464399222
  outer loop
   vertex 1.4072191715240479 1.0077714920043945 3.4307405948638916
   vertex 1.0077714920043945 1.4072191715240479 3.4307405948638916
   vertex 1.2861440181732178 1.2861440181732178 2.8730697631835938
  endloop
 endfacet
 facet normal -0.06011817827005796 -0.8893948645144562 -0.45316948222138853
  outer loop
   vertex 3.4821834564208984 0.3985069990158081 2.3383400440216064
   vertex 4 0.5358983874320984 2
   vertex 4 0.3458181619644165 2.3730533123016357
  endloop
 endfacet
 facet normal -0.07079138381037946 -0.9312382333878813 -0.357468785567117
  outer loop
   vertex 3.4821834564208984 0.3985069990158081 2.3383400440216064
   vertex 4 0.3458181619644165 2.3730533123016357
   vertex 4 0.1957739293575287 2.7639319896698
  endloop
 endfacet
 facet normal -0.07486411138704692 -0.8787321237610709 -0.4714076998698535
  outer loop
   vertex 3.4821834564208984 0.3985069990158081 2.3383400440216064
   vertex 3.7599425315856934 0.6435595154762268 1.8374366760253906
   vertex 4 0.5358983874320984 2
  endloop
 endfacet
 facet normal -0.12400334720338105 -0.8624617259660549 -0.4906963838525932
  outer loop
   vertex 3.4821834564208984 0.3985069990158081 2.3383400440216064
   vertex 3.284714698791504 0.711887001991272 1.8374366760253906
   vertex 3.7599425315856934 0.6435595154762268 1.8374366760253906
  endloop
 endfacet
 facet normal -0.1880084085152437 -0.8642609391695566 -0.46658961342203165
  outer loop
   vertex 3.4821834564208984 0.3985069990158081 2.3383400440216064
   vertex 2.9749081134796143 0.5088579654693604 2.3383400440216064
   vertex 3.284714698791504 0.711887001991272 1.8374366760253906
  endloop
 endfacet
 facet normal -0.3915167003024114 -0.8573015808380157 -0.33428830801712306
  outer loop
   vertex 2.658766269683838 0.4040132761001587 2.8730697631835938
   vertex 2.160655975341797 0.6314927339553833 2.8730697631835938
   vertex 2.4885008335113525 0.6902785301208496 2.3383400440216064
  endloop
 endfacet
 facet normal -0.3255449187095564 -0.8728195655282586 -0.3636021341156431
  outer loop
   vertex 2.658766269683838 0.4040132761001587 2.8730697631835938
   vertex 2.4885008335113525 0.6902785301208496 2.3383400440216064
   vertex 2.9749081134796143 0.5088579654693604 2.3383400440216064
  endloop
 endfacet
 facet normal -0.5435963185933486 -0.8370647574252871 -0.06185171208870644
  outer loop
   vertex 1.8594485521316528 0.6692368388175964 3.4307405948638916
   vertex 2 0.5358983874320984 4
   vertex 1.6488590240478516 0.7639320492744446 4
  endloop
 endfacet
 facet normal -0.5969431380443898 -0.797422724777358 -0.08818099540360531
  outer loop
   vertex 1.8594485521316528 0.6692368388175964 3.4307405948638916
   vertex 1.6488590240478516 0.7639320492744446 4
   vertex 1.4072191715240479 1.0077714920043945 3.4307405948638916
  endloop
 endfacet
 facet normal -0.5262950104669003 -0.8189313099998863 -0.2288341571084075
  outer loop
   vertex 1.8594485521316528 0.6692368388175964 3.4307405948638916
   vertex 1.6999891996383667 0.9275451898574829 2.8730697631835938
   vertex 2.160655975341797 0.6314927339553833 2.8730697631835938
  endloop
 endfacet
 facet normal -0.5877024336646398 -0.7850785881322788 -0.1955951428867476
  outer loop
   vertex 1.8594485521316528 0.6692368388175964 3.4307405948638916
   vertex 1.4072191715240479 1.0077714920043945 3.4307405948638916
   vertex 1.6999891996383667 0.9275451898574829 2.8730697631835938
  endloop
 endfacet
 facet normal -0.19801606991879703 -0.9102654286061269 -0.3636020978190556
  outer loop
   vertex 3.184180498123169 0.24973778426647186 2.8730697631835938
   vertex 2.9749081134796143 0.5088579654693604 2.3383400440216064
   vertex 3.4821834564208984 0.3985069990158081 2.3383400440216064
  endloop
 endfacet
 facet normal -0.2655246532638394 -0.9042941893624759 -0.33428831507305234
  outer loop
   vertex 3.184180498123169 0.24973778426647186 2.8730697631835938
   vertex 2.658766269683838 0.4040132761001587 2.8730697631835938
   vertex 2.9749081134796143 0.5088579654693604 2.3383400440216064
  endloop
 endfacet
 facet normal -0.45293624526801 -0.888937111385245 -0.06811438706010356
  outer loop
   vertex 2.355253219604492 0.3985069990158081 3.4307405948638916
   vertex 2.3730533123016357 0.3458181619644165 4
   vertex 2 0.5358983874320984 4
  endloop
 endfacet
 facet normal -0.35735877162521545 -0.930951637206506 -0.07499171637616885
  outer loop
   vertex 2.355253219604492 0.3985069990158081 3.4307405948638916
   vertex 2.7639319896698 0.1957739293575287 4
   vertex 2.3730533123016357 0.3458181619644165 4
  endloop
 endfacet
 facet normal -0.4774350947398149 -0.8743570659246327 -0.08692210063298828
  outer loop
   vertex 2.355253219604492 0.3985069990158081 3.4307405948638916
   vertex 2 0.5358983874320984 4
   vertex 1.8594485521316528 0.6692368388175964 3.4307405948638916
  endloop
 endfacet
 facet normal -0.4043923122665533 -0.8854952248960842 -0.22883414182753373
  outer loop
   vertex 2.355253219604492 0.3985069990158081 3.4307405948638916
   vertex 2.160655975341797 0.6314927339553833 2.8730697631835938
   vertex 2.658766269683838 0.4040132761001587 2.8730697631835938
  endloop
 endfacet
 facet normal -0.469992161969004 -0.8607263527008655 -0.1955952797333479
  outer loop
   vertex 2.355253219604492 0.3985069990158081 3.4307405948638916
   vertex 1.8594485521316528 0.6692368388175964 3.4307405948638916
   vertex 2.160655975341797 0.6314927339553833 2.8730697631835938
  endloop
 endfacet
 facet normal -0.01861075921137993 -0.9657585564138214 -0.2587741299957704
  outer loop
   vertex 3.7262022495269775 0.17180681228637695 2.8730697631835938
   vertex 4 0.1957739293575287 2.7639319896698
   vertex 4 0.0874096006155014 3.168353319168091
  endloop
 endfacet
 facet normal -0.13412760088675194 -0.9328778442901665 -0.3342883699934778
  outer loop
   vertex 3.7262022495269775 0.17180681228637695 2.8730697631835938
   vertex 3.184180498123169 0.24973778426647186 2.8730697631835938
   vertex 3.4821834564208984 0.3985069990158081 2.3383400440216064
  endloop
 endfacet
 facet normal -0.06402214307334977 -0.9289541015586841 -0.36461684326645366
  outer loop
   vertex 3.7262022495269775 0.17180681228637695 2.8730697631835938
   vertex 3.4821834564208984 0.3985069990158081 2.3383400440216064
   vertex 4 0.1957739293575287 2.7639319896698
  endloop
 endfacet
 facet normal -0.2582927981282431 -0.9639622007675026 -0.06373151439088307
  outer loop
   vertex 2.884540319442749 0.20109312236309052 3.4307405948638916
   vertex 3.168353319168091 0.0874096006155014 4
   vertex 2.7639319896698 0.1957739293575287 4
  endloop
 endfacet
 facet normal -0.3482724906868992 -0.9337547069874514 -0.08251314688898162
  outer loop
   vertex 2.884540319442749 0.20109312236309052 3.4307405948638916
   vertex 2.7639319896698 0.1957739293575287 4
   vertex 2.355253219604492 0.3985069990158081 3.4307405948638916
  endloop
 endfacet
 facet normal -0.2742568323922957 -0.934033269140085 -0.2288340927956972
  outer loop
   vertex 2.884540319442749 0.20109312236309052 3.4307405948638916
   vertex 2.658766269683838 0.4040132761001587 2.8730697631835938
   vertex 3.184180498123169 0.24973778426647186 2.8730697631835938
  endloop
 endfacet
 facet normal -0.34271418014890087 -0.9188522993424564 -0.1955950989108565
  outer loop
   vertex 2.884540319442749 0.20109312236309052 3.4307405948638916
   vertex 2.355253219604492 0.3985069990158081 3.4307405948638916
   vertex 2.658766269683838 0.4040132761001587 2.8730697631835938
  endloop
 endfacet
 facet normal -0.061519056976419906 -0.9858175573489001 -0.1561382376337714
  outer loop
   vertex 3.436534881591797 0.08101405203342438 3.4307405948638916
   vertex 4 0.0874096006155014 3.168353319168091
   vertex 4 0.02191241830587387 3.581886053085327
  endloop
 endfacet
 facet normal -0.08214470617480917 -0.9932293262358439 -0.08214470617480917
  outer loop
   vertex 3.436534881591797 0.08101405203342438 3.4307405948638916
   vertex 4 0.02191241830587387 3.581886053085327
   vertex 3.581886053085327 0.02191241830587387 4
  endloop
 endfacet
 facet normal -0.15612891507244406 -0.9857586970416797 -0.06247842095469166
  outer loop
   vertex 3.436534881591797 0.08101405203342438 3.4307405948638916
   vertex 3.581886053085327 0.02191241830587387 4
   vertex 3.168353319168091 0.0874096006155014 4
  endloop
 endfacet
 facet normal -0.20845953821399546 -0.9582730046653174 -0.19559516726471604
  outer loop
   vertex 3.436534881591797 0.08101405203342438 3.4307405948638916
   vertex 2.884540319442749 0.20109312236309052 3.4307405948638916
   vertex 3.184180498123169 0.24973778426647186 2.8730697631835938
  endloop
 endfacet
 facet normal -0.2117253545243917 -0.9732857195320066 -0.0888103733050627
  outer loop
   vertex 3.436534881591797 0.08101405203342438 3.4307405948638916
   vertex 3.168353319168091 0.0874096006155014 4
   vertex 2.884540319442749 0.20109312236309052 3.4307405948638916
  endloop
 endfacet
 facet normal -0.08297869296497672 -0.9758682686643615 -0.20197935223147337
  outer loop
   vertex 3.436534881591797 0.08101405203342438 3.4307405948638916
   vertex 3.7262022495269775 0.17180681228637695 2.8730697631835938
   vertex 4 0.0874096006155014 3.168353319168091
  endloop
 endfacet
 facet normal -0.13853859203912372 -0.9635569579863994 -0.2288341041711519
  outer loop
   vertex 3.436534881591797 0.08101405203342438 3.4307405948638916
   vertex 3.184180498123169 0.24973778426647186 2.8730697631835938
   vertex 3.7262022495269775 0.17180681228637695 2.8730697631835938
  endloop
 endfacet
 facet normal -0.9972646883586733 -0.05226441541652915 0.05226444521896664
  outer loop
   vertex 0.02191241830587387 3.581886053085327 26
   vertex 0.02191241830587387 4 26.418113708496094
   vertex -8.881784197001252e-16 4 26
  endloop
 endfacet
 facet normal -0.05226441541652915 -0.9972646883586733 0.05226444521896664
  outer loop
   vertex 4 -8.881784197001252e-16 26
   vertex 4 0.02191241830587387 26.418113708496094
   vertex 3.581886053085327 0.02191241830587387 26
  endloop
 endfacet
 facet normal -0.15533491546695402 0.11850536113100749 0.9807280680290963
  outer loop
   vertex 3.4321911334991455 3.9593894481658936 29.959285736083984
   vertex 3.581886053085327 4 29.97808837890625
   vertex 3.168353319168091 4 29.91259002685547
  endloop
 endfacet
 facet normal -0.05209735382046524 -0.09499973901877962 0.9941131300366516
  outer loop
   vertex 3.4437499046325684 3.878995180130005 29.959285736083984
   vertex 4 4 30
   vertex 3.581886053085327 4 29.97808837890625
  endloop
 endfacet
 facet normal -0.11999939464616091 -0.01725304020735748 0.9926240365254906
  outer loop
   vertex 3.4437499046325684 3.878995180130005 29.959285736083984
   vertex 3.581886053085327 4 29.97808837890625
   vertex 3.4321911334991455 3.9593894481658936 29.959285736083984
  endloop
 endfacet
 facet normal -0.06862341736643057 -0.020149754726945926 0.99743912795388
  outer loop
   vertex 3.466632604598999 3.8010642528533936 29.959285736083984
   vertex 4 4 30
   vertex 3.4437499046325684 3.878995180130005 29.959285736083984
  endloop
 endfacet
 facet normal -0.2588088609681941 0.008611604434362187 0.9658901665062193
  outer loop
   vertex 2.884540319442749 3.839621067047119 29.83797264099121
   vertex 3.168353319168091 4 29.91259002685547
   vertex 2.7639319896698 4 29.80422592163086
  endloop
 endfacet
 facet normal -0.1904495139166294 -0.11648722405437117 0.9747613601702861
  outer loop
   vertex 2.884540319442749 3.839621067047119 29.83797264099121
   vertex 3.4321911334991455 3.9593894481658936 29.959285736083984
   vertex 3.168353319168091 4 29.91259002685547
  endloop
 endfacet
 facet normal -0.20987924459398977 -0.0301756109382654 0.9772615490200968
  outer loop
   vertex 2.884540319442749 3.839621067047119 29.83797264099121
   vertex 3.4437499046325684 3.878995180130005 29.959285736083984
   vertex 3.4321911334991455 3.9593894481658936 29.959285736083984
  endloop
 endfacet
 facet normal -0.06505733106956504 -0.02971080217601235 0.9974391269186118
  outer loop
   vertex 3.500373125076294 3.7271831035614014 29.959285736083984
   vertex 4 4 30
   vertex 3.466632604598999 3.8010642528533936 29.959285736083984
  endloop
 endfacet
 facet normal -0.20873230752012606 -0.04540687251880566 0.9769181335840708
  outer loop
   vertex 2.9187183380126953 3.682507038116455 29.83797264099121
   vertex 3.4437499046325684 3.878995180130005 29.959285736083984
   vertex 2.884540319442749 3.839621067047119 29.83797264099121
  endloop
 endfacet
 facet normal -0.2034483226250527 -0.059738117946145156 0.9772615500905093
  outer loop
   vertex 2.9187183380126953 3.682507038116455 29.83797264099121
   vertex 3.466632604598999 3.8010642528533936 29.959285736083984
   vertex 3.4437499046325684 3.878995180130005 29.959285736083984
  endloop
 endfacet
 facet normal -0.3490797108588292 -0.0658204272050826 0.9347785977595211
  outer loop
   vertex 2.342573642730713 3.8814585208892822 29.63852882385254
   vertex 2.884540319442749 3.839621067047119 29.83797264099121
   vertex 2.7639319896698 4 29.80422592163086
  endloop
 endfacet
 facet normal -0.3581927342269233 -0.03112192169284469 0.9331288180831119
  outer loop
   vertex 2.342573642730713 3.8814585208892822 29.63852882385254
   vertex 2.7639319896698 4 29.80422592163086
   vertex 2.3730533123016357 4 29.65418243408203
  endloop
 endfacet
 facet normal -0.4539912260928822 -0.0009275481644112017 0.8910056712979353
  outer loop
   vertex 2.342573642730713 3.8814585208892822 29.63852882385254
   vertex 2.3730533123016357 4 29.65418243408203
   vertex 2 4 29.464101791381836
  endloop
 endfacet
 facet normal -0.060166970307454486 -0.03866682981833043 0.9974391269425027
  outer loop
   vertex 3.5442843437194824 3.658855676651001 29.959285736083984
   vertex 4 4 30
   vertex 3.500373125076294 3.7271831035614014 29.959285736083984
  endloop
 endfacet
 facet normal -0.19287583206860104 -0.08808378082704364 0.9772615622028005
  outer loop
   vertex 2.9749081134796143 3.5318562984466553 29.83797264099121
   vertex 3.500373125076294 3.7271831035614014 29.959285736083984
   vertex 3.466632604598999 3.8010642528533936 29.959285736083984
  endloop
 endfacet
 facet normal -0.20014558669999957 -0.07465038407390037 0.9769181461525487
  outer loop
   vertex 2.9749081134796143 3.5318562984466553 29.83797264099121
   vertex 3.466632604598999 3.8010642528533936 29.959285736083984
   vertex 2.9187183380126953 3.682507038116455 29.83797264099121
  endloop
 endfacet
 facet normal -0.3398751204313037 -0.07393520652882114 0.937559858220982
  outer loop
   vertex 2.376314163208008 3.6467888355255127 29.63852882385254
   vertex 2.9187183380126953 3.682507038116455 29.83797264099121
   vertex 2.884540319442749 3.839621067047119 29.83797264099121
  endloop
 endfacet
 facet normal -0.34832686769288657 -0.050082011206370895 0.9360342864429633
  outer loop
   vertex 2.376314163208008 3.6467888355255127 29.63852882385254
   vertex 2.884540319442749 3.839621067047119 29.83797264099121
   vertex 2.342573642730713 3.8814585208892822 29.63852882385254
  endloop
 endfacet
 facet normal -0.05405157969599738 -0.04683603874340809 0.9974391270685109
  outer loop
   vertex 3.597472906112671 3.597472906112671 29.959285736083984
   vertex 4 4 30
   vertex 3.5442843437194824 3.658855676651001 29.959285736083984
  endloop
 endfacet
 facet normal -0.18748441575577615 -0.1023743976799068 0.9769181524305868
  outer loop
   vertex 3.0519659519195557 3.390735626220703 29.83797264099121
   vertex 3.500373125076294 3.7271831035614014 29.959285736083984
   vertex 2.9749081134796143 3.5318562984466553 29.83797264099121
  endloop
 endfacet
 facet normal -0.17837739007865475 -0.11463579020788313 0.9772615526624086
  outer loop
   vertex 3.0519659519195557 3.390735626220703 29.83797264099121
   vertex 3.5442843437194824 3.658855676651001 29.959285736083984
   vertex 3.500373125076294 3.7271831035614014 29.959285736083984
  endloop
 endfacet
 facet normal -0.32589359212447194 -0.12155192737664756 0.9375598623891864
  outer loop
   vertex 2.443108081817627 3.419309377670288 29.63852882385254
   vertex 2.9749081134796143 3.5318562984466553 29.83797264099121
   vertex 2.9187183380126953 3.682507038116455 29.83797264099121
  endloop
 endfacet
 facet normal -0.3376541108234041 -0.0991440783672669 0.936034269227768
  outer loop
   vertex 2.443108081817627 3.419309377670288 29.63852882385254
   vertex 2.9187183380126953 3.682507038116455 29.83797264099121
   vertex 2.376314163208008 3.6467888355255127 29.63852882385254
  endloop
 endfacet
 facet normal -0.544514749338496 -0.021282653943504287 0.8384812081340619
  outer loop
   vertex 1.8594485521316528 3.692235231399536 29.365015029907227
   vertex 2 4 29.464101791381836
   vertex 1.6488590240478516 4 29.236068725585938
  endloop
 endfacet
 facet normal -0.47125034632758267 -0.06790941029613054 0.8793812728727883
  outer loop
   vertex 1.8594485521316528 3.692235231399536 29.365015029907227
   vertex 2.342573642730713 3.8814585208892822 29.63852882385254
   vertex 2 4 29.464101791381836
  endloop
 endfacet
 facet normal -0.47129930176205026 -0.06776283744271101 0.8793663434657462
  outer loop
   vertex 1.8594485521316528 3.692235231399536 29.365015029907227
   vertex 2.376314163208008 3.6467888355255127 29.63852882385254
   vertex 2.342573642730713 3.8814585208892822 29.63852882385254
  endloop
 endfacet
 facet normal -0.04683603874340809 -0.05405157969599738 0.9974391270685109
  outer loop
   vertex 3.658855676651001 3.5442843437194824 29.959285736083984
   vertex 4 4 30
   vertex 3.597472906112671 3.597472906112671 29.959285736083984
  endloop
 endfacet
 facet normal -0.16024708400951537 -0.13885512093078783 0.9772615450623972
  outer loop
   vertex 3.1483230590820312 3.2620177268981934 29.83797264099121
   vertex 3.597472906112671 3.597472906112671 29.959285736083984
   vertex 3.5442843437194824 3.658855676651001 29.959285736083984
  endloop
 endfacet
 facet normal -0.1710067893075782 -0.12801420478076142 0.9769181344335167
  outer loop
   vertex 3.1483230590820312 3.2620177268981934 29.83797264099121
   vertex 3.5442843437194824 3.658855676651001 29.959285736083984
   vertex 3.0519659519195557 3.390735626220703 29.83797264099121
  endloop
 endfacet
 facet normal -0.3052776771344036 -0.16669448602312845 0.9375598584479329
  outer loop
   vertex 2.541595935821533 3.203651189804077 29.63852882385254
   vertex 3.0519659519195557 3.390735626220703 29.83797264099121
   vertex 2.9749081134796143 3.5318562984466553 29.83797264099121
  endloop
 endfacet
 facet normal -0.32010754475978104 -0.14618830588249493 0.9360342616651759
  outer loop
   vertex 2.541595935821533 3.203651189804077 29.63852882385254
   vertex 2.9749081134796143 3.5318562984466553 29.83797264099121
   vertex 2.443108081817627 3.419309377670288 29.63852882385254
  endloop
 endfacet
 facet normal -0.45685854870479464 -0.1341456191517643 0.8793663737815648
  outer loop
   vertex 1.9250357151031494 3.390735626220703 29.365015029907227
   vertex 2.443108081817627 3.419309377670288 29.63852882385254
   vertex 2.376314163208008 3.6467888355255127 29.63852882385254
  endloop
 endfacet
 facet normal -0.472293458970189 -0.10274105680992891 0.875433129290612
  outer loop
   vertex 1.9250357151031494 3.390735626220703 29.365015029907227
   vertex 2.376314163208008 3.6467888355255127 29.63852882385254
   vertex 1.8594485521316528 3.692235231399536 29.365015029907227
  endloop
 endfacet
 facet normal -0.03866682981833043 -0.060166970307454486 0.9974391269425027
  outer loop
   vertex 3.7271831035614014 3.500373125076294 29.959285736083984
   vertex 4 4 30
   vertex 3.658855676651001 3.5442843437194824 29.959285736083984
  endloop
 endfacet
 facet normal -0.6293126098853706 -0.005022582505409789 0.7771360323033797
  outer loop
   vertex 1.3872311115264893 3.813131093978882 29.022998809814453
   vertex 1.6488590240478516 4 29.236068725585938
   vertex 1.3234776258468628 4 28.972579956054688
  endloop
 endfacet
 facet normal -0.7062080721299936 -0.05039359531252866 0.7062086408490874
  outer loop
   vertex 1.3872311115264893 3.813131093978882 29.022998809814453
   vertex 1.3234776258468628 4 28.972579956054688
   vertex 1.0274206399917603 4 28.676523208618164
  endloop
 endfacet
 facet normal -0.5973538582829863 -0.07417232532120467 0.7985404398969883
  outer loop
   vertex 1.3872311115264893 3.813131093978882 29.022998809814453
   vertex 1.8594485521316528 3.692235231399536 29.365015029907227
   vertex 1.6488590240478516 4 29.236068725585938
  endloop
 endfacet
 facet normal -0.15104792723333996 -0.15104792723333996 0.9769181374900475
  outer loop
   vertex 3.2620177268981934 3.1483230590820312 29.83797264099121
   vertex 3.597472906112671 3.597472906112671 29.959285736083984
   vertex 3.1483230590820312 3.2620177268981934 29.83797264099121
  endloop
 endfacet
 facet normal -0.13885512093078783 -0.16024708400951537 0.9772615450623972
  outer loop
   vertex 3.2620177268981934 3.1483230590820312 29.83797264099121
   vertex 3.658855676651001 3.5442843437194824 29.959285736083984
   vertex 3.597472906112671 3.597472906112671 29.959285736083984
  endloop
 endfacet
 facet normal -0.2960445773878629 -0.1902562066158667 0.936034285720017
  outer loop
   vertex 2.6697726249694824 3.004204273223877 29.63852882385254
   vertex 3.0519659519195557 3.390735626220703 29.83797264099121
   vertex 2.541595935821533 3.203651189804077 29.63852882385254
  endloop
 endfacet
 facet normal -0.27844726244835083 -0.20844321456496687 0.9375598905333155
  outer loop
   vertex 2.6697726249694824 3.004204273223877 29.63852882385254
   vertex 3.1483230590820312 3.2620177268981934 29.83797264099121
   vertex 3.0519659519195557 3.390735626220703 29.83797264099121
  endloop
 endfacet
 facet normal -0.45286464082127115 -0.16890959236859943 0.8754331309127469
  outer loop
   vertex 2.032863140106201 3.1016387939453125 29.365015029907227
   vertex 2.443108081817627 3.419309377670288 29.63852882385254
   vertex 1.9250357151031494 3.390735626220703 29.365015029907227
  endloop
 endfacet
 facet normal -0.4331173068427338 -0.19779816618581375 0.8793664105290959
  outer loop
   vertex 2.032863140106201 3.1016387939453125 29.365015029907227
   vertex 2.541595935821533 3.203651189804077 29.63852882385254
   vertex 2.443108081817627 3.419309377670288 29.63852882385254
  endloop
 endfacet
 facet normal -0.02971080217601235 -0.06505733106956504 0.9974391269186118
  outer loop
   vertex 3.8010642528533936 3.466632604598999 29.959285736083984
   vertex 4 4 30
   vertex 3.7271831035614014 3.500373125076294 29.959285736083984
  endloop
 endfacet
 facet normal -0.5987689152179827 -0.0860899508851145 0.7962815497832902
  outer loop
   vertex 1.4404195547103882 3.443197250366211 29.022998809814453
   vertex 1.8594485521316528 3.692235231399536 29.365015029907227
   vertex 1.3872311115264893 3.813131093978882 29.022998809814453
  endloop
 endfacet
 facet normal -0.5810819703604079 -0.12640652669253333 0.8039683661261781
  outer loop
   vertex 1.4404195547103882 3.443197250366211 29.022998809814453
   vertex 1.9250357151031494 3.390735626220703 29.365015029907227
   vertex 1.8594485521316528 3.692235231399536 29.365015029907227
  endloop
 endfacet
 facet normal -0.12801420478076142 -0.1710067893075782 0.9769181344335167
  outer loop
   vertex 3.390735626220703 3.0519659519195557 29.83797264099121
   vertex 3.658855676651001 3.5442843437194824 29.959285736083984
   vertex 3.2620177268981934 3.1483230590820312 29.83797264099121
  endloop
 endfacet
 facet normal -0.11463579020788313 -0.17837739007865475 0.9772615526624086
  outer loop
   vertex 3.390735626220703 3.0519659519195557 29.83797264099121
   vertex 3.7271831035614014 3.500373125076294 29.959285736083984
   vertex 3.658855676651001 3.5442843437194824 29.959285736083984
  endloop
 endfacet
 facet normal -0.24594858624680285 -0.24594858624680285 0.9375599105371335
  outer loop
   vertex 2.825028896331787 2.825028896331787 29.63852882385254
   vertex 3.2620177268981934 3.1483230590820312 29.83797264099121
   vertex 3.1483230590820312 3.2620177268981934 29.83797264099121
  endloop
 endfacet
 facet normal -0.26595493570388123 -0.23045115006318137 0.9360343154015783
  outer loop
   vertex 2.825028896331787 2.825028896331787 29.63852882385254
   vertex 3.1483230590820312 3.2620177268981934 29.83797264099121
   vertex 2.6697726249694824 3.004204273223877 29.63852882385254
  endloop
 endfacet
 facet normal -0.42421656888976145 -0.231640067493783 0.8754331395434342
  outer loop
   vertex 2.1807360649108887 2.8308300971984863 29.365015029907227
   vertex 2.541595935821533 3.203651189804077 29.63852882385254
   vertex 2.032863140106201 3.1016387939453125 29.365015029907227
  endloop
 endfacet
 facet normal -0.40055939960901066 -0.2574237723466028 0.8793663450551841
  outer loop
   vertex 2.1807360649108887 2.8308300971984863 29.365015029907227
   vertex 2.6697726249694824 3.004204273223877 29.63852882385254
   vertex 2.541595935821533 3.203651189804077 29.63852882385254
  endloop
 endfacet
 facet normal -0.09499973901877962 -0.05209735382046524 0.9941131300366516
  outer loop
   vertex 3.878995180130005 3.4437499046325684 29.959285736083984
   vertex 4 3.581886053085327 29.97808837890625
   vertex 4 4 30
  endloop
 endfacet
 facet normal -0.020149754726945926 -0.06862341736643057 0.99743912795388
  outer loop
   vertex 3.878995180130005 3.4437499046325684 29.959285736083984
   vertex 4 4 30
   vertex 3.8010642528533936 3.466632604598999 29.959285736083984
  endloop
 endfacet
 facet normal -0.5571779738407757 -0.20781641125156944 0.8039683107444013
  outer loop
   vertex 1.5457136631011963 3.0845985412597656 29.022998809814453
   vertex 2.032863140106201 3.1016387939453125 29.365015029907227
   vertex 1.9250357151031494 3.390735626220703 29.365015029907227
  endloop
 endfacet
 facet normal -0.5804224476633622 -0.17042745153492173 0.7962815243441127
  outer loop
   vertex 1.5457136631011963 3.0845985412597656 29.022998809814453
   vertex 1.9250357151031494 3.390735626220703 29.365015029907227
   vertex 1.4404195547103882 3.443197250366211 29.022998809814453
  endloop
 endfacet
 facet normal -0.08808378082704364 -0.19287583206860104 0.9772615622028005
  outer loop
   vertex 3.5318562984466553 2.9749081134796143 29.83797264099121
   vertex 3.8010642528533936 3.466632604598999 29.959285736083984
   vertex 3.7271831035614014 3.500373125076294 29.959285736083984
  endloop
 endfacet
 facet normal -0.1023743976799068 -0.18748441575577615 0.9769181524305868
  outer loop
   vertex 3.5318562984466553 2.9749081134796143 29.83797264099121
   vertex 3.7271831035614014 3.500373125076294 29.959285736083984
   vertex 3.390735626220703 3.0519659519195557 29.83797264099121
  endloop
 endfacet
 facet normal -0.7762529652831778 -0.04794851143910398 0.6285954773460017
  outer loop
   vertex 1.0077714920043945 3.5697824954986572 28.619441986083984
   vertex 1.0274206399917603 4 28.676523208618164
   vertex 0.7639320492744446 4 28.35114097595215
  endloop
 endfacet
 facet normal -0.7085786665016865 -0.060911085400451814 0.7029979466926134
  outer loop
   vertex 1.0077714920043945 3.5697824954986572 28.619441986083984
   vertex 1.3872311115264893 3.813131093978882 29.022998809814453
   vertex 1.0274206399917603 4 28.676523208618164
  endloop
 endfacet
 facet normal -0.694147290634878 -0.09980328744359843 0.7128806651324672
  outer loop
   vertex 1.0077714920043945 3.5697824954986572 28.619441986083984
   vertex 1.4404195547103882 3.443197250366211 29.022998809814453
   vertex 1.3872311115264893 3.813131093978882 29.022998809814453
  endloop
 endfacet
 facet normal -0.20844321456496687 -0.27844726244835083 0.9375598905333155
  outer loop
   vertex 3.004204273223877 2.6697726249694824 29.63852882385254
   vertex 3.390735626220703 3.0519659519195557 29.83797264099121
   vertex 3.2620177268981934 3.1483230590820312 29.83797264099121
  endloop
 endfacet
 facet normal -0.23045115006318137 -0.26595493570388123 0.9360343154015783
  outer loop
   vertex 3.004204273223877 2.6697726249694824 29.63852882385254
   vertex 3.2620177268981934 3.1483230590820312 29.83797264099121
   vertex 2.825028896331787 2.825028896331787 29.63852882385254
  endloop
 endfacet
 facet normal -0.3598470623269629 -0.31180910081863805 0.8793663493569261
  outer loop
   vertex 2.3656437397003174 2.583822250366211 29.365015029907227
   vertex 2.825028896331787 2.825028896331787 29.63852882385254
   vertex 2.6697726249694824 3.004204273223877 29.63852882385254
  endloop
 endfacet
 facet normal -0.38693311571176686 -0.28965437188671156 0.8754330978507147
  outer loop
   vertex 2.3656437397003174 2.583822250366211 29.365015029907227
   vertex 2.6697726249694824 3.004204273223877 29.63852882385254
   vertex 2.1807360649108887 2.8308300971984863 29.365015029907227
  endloop
 endfacet
 facet normal 0.11850536113100749 -0.15533491546695402 0.9807280680290963
  outer loop
   vertex 3.9593894481658936 3.4321911334991455 29.959285736083984
   vertex 4 3.168353319168091 29.91259002685547
   vertex 4 3.581886053085327 29.97808837890625
  endloop
 endfacet
 facet normal -0.01725304020735748 -0.11999939464616091 0.9926240365254906
  outer loop
   vertex 3.9593894481658936 3.4321911334991455 29.959285736083984
   vertex 4 3.581886053085327 29.97808837890625
   vertex 3.878995180130005 3.4437499046325684 29.959285736083984
  endloop
 endfacet
 facet normal -0.5219310332493401 -0.2849962699132448 0.8039683592448232
  outer loop
   vertex 1.700969934463501 2.7446346282958984 29.022998809814453
   vertex 2.1807360649108887 2.8308300971984863 29.365015029907227
   vertex 2.032863140106201 3.1016387939453125 29.365015029907227
  endloop
 endfacet
 facet normal -0.5502603454515756 -0.2512954059404104 0.7962814647954307
  outer loop
   vertex 1.700969934463501 2.7446346282958984 29.022998809814453
   vertex 2.032863140106201 3.1016387939453125 29.365015029907227
   vertex 1.5457136631011963 3.0845985412597656 29.022998809814453
  endloop
 endfacet
 facet normal -0.059738117946145156 -0.2034483226250527 0.9772615500905093
  outer loop
   vertex 3.682507038116455 2.9187183380126953 29.83797264099121
   vertex 3.878995180130005 3.4437499046325684 29.959285736083984
   vertex 3.8010642528533936 3.466632604598999 29.959285736083984
  endloop
 endfacet
 facet normal -0.07465038407390037 -0.20014558669999957 0.9769181461525487
  outer loop
   vertex 3.682507038116455 2.9187183380126953 29.83797264099121
   vertex 3.8010642528533936 3.466632604598999 29.959285736083984
   vertex 3.5318562984466553 2.9749081134796143 29.83797264099121
  endloop
 endfacet
 facet normal -0.672878393422383 -0.19757497361714788 0.7128806333920821
  outer loop
   vertex 1.099454402923584 3.1483230590820312 28.619441986083984
   vertex 1.5457136631011963 3.0845985412597656 29.022998809814453
   vertex 1.4404195547103882 3.443197250366211 29.022998809814453
  endloop
 endfacet
 facet normal -0.6975733073449617 -0.15174782166625972 0.7002600084963848
  outer loop
   vertex 1.099454402923584 3.1483230590820312 28.619441986083984
   vertex 1.4404195547103882 3.443197250366211 29.022998809814453
   vertex 1.0077714920043945 3.5697824954986572 28.619441986083984
  endloop
 endfacet
 facet normal -0.16669448602312845 -0.3052776771344036 0.9375598584479329
  outer loop
   vertex 3.203651189804077 2.541595935821533 29.63852882385254
   vertex 3.5318562984466553 2.9749081134796143 29.83797264099121
   vertex 3.390735626220703 3.0519659519195557 29.83797264099121
  endloop
 endfacet
 facet normal -0.1902562066158667 -0.2960445773878629 0.936034285720017
  outer loop
   vertex 3.203651189804077 2.541595935821533 29.63852882385254
   vertex 3.390735626220703 3.0519659519195557 29.83797264099121
   vertex 3.004204273223877 2.6697726249694824 29.63852882385254
  endloop
 endfacet
 facet normal -0.8386481355273037 -0.007305845680859636 0.5446245765621168
  outer loop
   vertex 0.6435595154762268 3.7599425315856934 28.16256332397461
   vertex 0.7639320492744446 4 28.35114097595215
   vertex 0.5358983874320984 4 28
  endloop
 endfacet
 facet normal -0.7946882780274919 -0.07473407613828267 0.6023996668570271
  outer loop
   vertex 0.6435595154762268 3.7599425315856934 28.16256332397461
   vertex 1.0077714920043945 3.5697824954986572 28.619441986083984
   vertex 0.7639320492744446 4 28.35114097595215
  endloop
 endfacet
 facet normal -0.31180910081863805 -0.3598470623269629 0.8793663493569261
  outer loop
   vertex 2.583822250366211 2.3656437397003174 29.365015029907227
   vertex 3.004204273223877 2.6697726249694824 29.63852882385254
   vertex 2.825028896331787 2.825028896331787 29.63852882385254
  endloop
 endfacet
 facet normal -0.3417725189074459 -0.3417725189074459 0.8754330874711779
  outer loop
   vertex 2.583822250366211 2.3656437397003174 29.365015029907227
   vertex 2.825028896331787 2.825028896331787 29.63852882385254
   vertex 2.3656437397003174 2.583822250366211 29.365015029907227
  endloop
 endfacet
 facet normal -0.4760595687152575 -0.35637356886143434 0.803968386475244
  outer loop
   vertex 1.903027892112732 2.4302263259887695 29.022998809814453
   vertex 2.3656437397003174 2.583822250366211 29.365015029907227
   vertex 2.1807360649108887 2.8308300971984863 29.365015029907227
  endloop
 endfacet
 facet normal -0.5088962444611307 -0.3270477753183948 0.7962815865211539
  outer loop
   vertex 1.903027892112732 2.4302263259887695 29.022998809814453
   vertex 2.1807360649108887 2.8308300971984863 29.365015029907227
   vertex 1.700969934463501 2.7446346282958984 29.022998809814453
  endloop
 endfacet
 facet normal 0.008611604434362187 -0.2588088609681941 0.9658901665062193
  outer loop
   vertex 3.839621067047119 2.884540319442749 29.83797264099121
   vertex 4 2.7639319896698 29.80422592163086
   vertex 4 3.168353319168091 29.91259002685547
  endloop
 endfacet
 facet normal -0.11648722405437117 -0.1904495139166294 0.9747613601702861
  outer loop
   vertex 3.839621067047119 2.884540319442749 29.83797264099121
   vertex 4 3.168353319168091 29.91259002685547
   vertex 3.9593894481658936 3.4321911334991455 29.959285736083984
  endloop
 endfacet
 facet normal -0.0301756109382654 -0.20987924459398977 0.9772615490200968
  outer loop
   vertex 3.839621067047119 2.884540319442749 29.83797264099121
   vertex 3.9593894481658936 3.4321911334991455 29.959285736083984
   vertex 3.878995180130005 3.4437499046325684 29.959285736083984
  endloop
 endfacet
 facet normal -0.04540687251880566 -0.20873230752012606 0.9769181335840708
  outer loop
   vertex 3.839621067047119 2.884540319442749 29.83797264099121
   vertex 3.878995180130005 3.4437499046325684 29.959285736083984
   vertex 3.682507038116455 2.9187183380126953 29.83797264099121
  endloop
 endfacet
 facet normal -0.6688770674184493 -0.24947823038468692 0.7002600097433956
  outer loop
   vertex 1.2501840591430664 2.744201183319092 28.619441986083984
   vertex 1.5457136631011963 3.0845985412597656 29.022998809814453
   vertex 1.099454402923584 3.1483230590820312 28.619441986083984
  endloop
 endfacet
 facet normal -0.6379116674271182 -0.2913244116994597 0.7128806293541138
  outer loop
   vertex 1.2501840591430664 2.744201183319092 28.619441986083984
   vertex 1.700969934463501 2.7446346282958984 29.022998809814453
   vertex 1.5457136631011963 3.0845985412597656 29.022998809814453
  endloop
 endfacet
 facet normal -0.14618830588249493 -0.32010754475978104 0.9360342616651759
  outer loop
   vertex 3.419309377670288 2.443108081817627 29.63852882385254
   vertex 3.5318562984466553 2.9749081134796143 29.83797264099121
   vertex 3.203651189804077 2.541595935821533 29.63852882385254
  endloop
 endfacet
 facet normal -0.12155192737664756 -0.32589359212447194 0.9375598623891864
  outer loop
   vertex 3.419309377670288 2.443108081817627 29.63852882385254
   vertex 3.682507038116455 2.9187183380126953 29.83797264099121
   vertex 3.5318562984466553 2.9749081134796143 29.83797264099121
  endloop
 endfacet
 facet normal -0.799531902799766 -0.11495539936222222 0.5895201375380299
  outer loop
   vertex 0.711887001991272 3.284714698791504 28.16256332397461
   vertex 1.0077714920043945 3.5697824954986572 28.619441986083984
   vertex 0.6435595154762268 3.7599425315856934 28.16256332397461
  endloop
 endfacet
 facet normal -0.7759252731306413 -0.16879225270462586 0.6078232851282004
  outer loop
   vertex 0.711887001991272 3.284714698791504 28.16256332397461
   vertex 1.099454402923584 3.1483230590820312 28.619441986083984
   vertex 1.0077714920043945 3.5697824954986572 28.619441986083984
  endloop
 endfacet
 facet normal -0.28965437188671156 -0.38693311571176686 0.8754330978507147
  outer loop
   vertex 2.8308300971984863 2.1807360649108887 29.365015029907227
   vertex 3.004204273223877 2.6697726249694824 29.63852882385254
   vertex 2.583822250366211 2.3656437397003174 29.365015029907227
  endloop
 endfacet
 facet normal -0.2574237723466028 -0.40055939960901066 0.8793663450551841
  outer loop
   vertex 2.8308300971984863 2.1807360649108887 29.365015029907227
   vertex 3.203651189804077 2.541595935821533 29.63852882385254
   vertex 3.004204273223877 2.6697726249694824 29.63852882385254
  endloop
 endfacet
 facet normal -0.457172613249345 -0.39614262211320195 0.796281498366025
  outer loop
   vertex 2.1477742195129395 2.1477742195129395 29.022998809814453
   vertex 2.3656437397003174 2.583822250366211 29.365015029907227
   vertex 1.903027892112732 2.4302263259887695 29.022998809814453
  endloop
 endfacet
 facet normal -0.42049673131887266 -0.42049673131887266 0.8039682816506429
  outer loop
   vertex 2.1477742195129395 2.1477742195129395 29.022998809814453
   vertex 2.583822250366211 2.3656437397003174 29.365015029907227
   vertex 2.3656437397003174 2.583822250366211 29.365015029907227
  endloop
 endfacet
 facet normal -0.5899587895268692 -0.37914351254174505 0.7128806516924828
  outer loop
   vertex 1.4568920135498047 2.3656437397003174 28.619441986083984
   vertex 1.903027892112732 2.4302263259887695 29.022998809814453
   vertex 1.700969934463501 2.7446346282958984 29.022998809814453
  endloop
 endfacet
 facet normal -0.6265644498940777 -0.3421299935446964 0.7002599928926667
  outer loop
   vertex 1.4568920135498047 2.3656437397003174 28.619441986083984
   vertex 1.700969934463501 2.7446346282958984 29.022998809814453
   vertex 1.2501840591430664 2.744201183319092 28.619441986083984
  endloop
 endfacet
 facet normal -0.07393520652882114 -0.3398751204313037 0.937559858220982
  outer loop
   vertex 3.6467888355255127 2.376314163208008 29.63852882385254
   vertex 3.839621067047119 2.884540319442749 29.83797264099121
   vertex 3.682507038116455 2.9187183380126953 29.83797264099121
  endloop
 endfacet
 facet normal -0.0991440783672669 -0.3376541108234041 0.936034269227768
  outer loop
   vertex 3.6467888355255127 2.376314163208008 29.63852882385254
   vertex 3.682507038116455 2.9187183380126953 29.83797264099121
   vertex 3.419309377670288 2.443108081817627 29.63852882385254
  endloop
 endfacet
 facet normal -0.7440058169702946 -0.2774998032598758 0.6078233324783566
  outer loop
   vertex 0.8471509218215942 2.8240480422973633 28.16256332397461
   vertex 1.2501840591430664 2.744201183319092 28.619441986083984
   vertex 1.099454402923584 3.1483230590820312 28.619441986083984
  endloop
 endfacet
 facet normal -0.7750339625967172 -0.22757047922740803 0.5895201725181576
  outer loop
   vertex 0.8471509218215942 2.8240480422973633 28.16256332397461
   vertex 1.099454402923584 3.1483230590820312 28.619441986083984
   vertex 0.711887001991272 3.284714698791504 28.16256332397461
  endloop
 endfacet
 facet normal -0.19779816618581375 -0.4331173068427338 0.8793664105290959
  outer loop
   vertex 3.1016387939453125 2.032863140106201 29.365015029907227
   vertex 3.419309377670288 2.443108081817627 29.63852882385254
   vertex 3.203651189804077 2.541595935821533 29.63852882385254
  endloop
 endfacet
 facet normal -0.231640067493783 -0.42421656888976145 0.8754331395434342
  outer loop
   vertex 3.1016387939453125 2.032863140106201 29.365015029907227
   vertex 3.203651189804077 2.541595935821533 29.63852882385254
   vertex 2.8308300971984863 2.1807360649108887 29.365015029907227
  endloop
 endfacet
 facet normal -0.8893944504966496 -0.06011934395842553 0.4531701401325679
  outer loop
   vertex 0.3985069990158081 3.4821834564208984 27.661659240722656
   vertex 0.5358983874320984 4 28
   vertex 0.3458181619644165 4 27.6269474029541
  endloop
 endfacet
 facet normal -0.9312381682853711 -0.07079236639870488 0.35746876057661037
  outer loop
   vertex 0.3985069990158081 3.4821834564208984 27.661659240722656
   vertex 0.3458181619644165 4 27.6269474029541
   vertex 0.1957739293575287 4 27.236068725585938
  endloop
 endfacet
 facet normal -0.8624620224985133 -0.12400338983833667 0.49069585188421494
  outer loop
   vertex 0.3985069990158081 3.4821834564208984 27.661659240722656
   vertex 0.711887001991272 3.284714698791504 28.16256332397461
   vertex 0.6435595154762268 3.7599425315856934 28.16256332397461
  endloop
 endfacet
 facet normal -0.8787323046782479 -0.07486445819639703 0.4714073075524125
  outer loop
   vertex 0.3985069990158081 3.4821834564208984 27.661659240722656
   vertex 0.6435595154762268 3.7599425315856934 28.16256332397461
   vertex 0.5358983874320984 4 28
  endloop
 endfacet
 facet normal -0.39614262211320195 -0.457172613249345 0.796281498366025
  outer loop
   vertex 2.4302263259887695 1.903027892112732 29.022998809814453
   vertex 2.583822250366211 2.3656437397003174 29.365015029907227
   vertex 2.1477742195129395 2.1477742195129395 29.022998809814453
  endloop
 endfacet
 facet normal -0.35637356886143434 -0.4760595687152575 0.803968386475244
  outer loop
   vertex 2.4302263259887695 1.903027892112732 29.022998809814453
   vertex 2.8308300971984863 2.1807360649108887 29.365015029907227
   vertex 2.583822250366211 2.3656437397003174 29.365015029907227
  endloop
 endfacet
 facet normal -0.5714967054535359 -0.4278170202887562 0.7002600322787275
  outer loop
   vertex 1.7153702974319458 2.020357131958008 28.619441986083984
   vertex 1.903027892112732 2.4302263259887695 29.022998809814453
   vertex 1.4568920135498047 2.3656437397003174 28.619441986083984
  endloop
 endfacet
 facet normal -0.5299958891583186 -0.45924439731450845 0.7128807340716378
  outer loop
   vertex 1.7153702974319458 2.020357131958008 28.619441986083984
   vertex 2.1477742195129395 2.1477742195129395 29.022998809814453
   vertex 1.903027892112732 2.4302263259887695 29.022998809814453
  endloop
 endfacet
 facet normal -0.03112192169284469 -0.3581927342269233 0.9331288180831119
  outer loop
   vertex 3.8814585208892822 2.342573642730713 29.63852882385254
   vertex 4 2.3730533123016357 29.65418243408203
   vertex 4 2.7639319896698 29.80422592163086
  endloop
 endfacet
 facet normal -0.0009275481644112017 -0.4539912260928822 0.8910056712979353
  outer loop
   vertex 3.8814585208892822 2.342573642730713 29.63852882385254
   vertex 4 2 29.464101791381836
   vertex 4 2.3730533123016357 29.65418243408203
  endloop
 endfacet
 facet normal -0.050082011206370895 -0.34832686769288657 0.9360342864429633
  outer loop
   vertex 3.8814585208892822 2.342573642730713 29.63852882385254
   vertex 3.839621067047119 2.884540319442749 29.83797264099121
   vertex 3.6467888355255127 2.376314163208008 29.63852882385254
  endloop
 endfacet
 facet normal -0.0658204272050826 -0.3490797108588292 0.9347785977595211
  outer loop
   vertex 3.8814585208892822 2.342573642730713 29.63852882385254
   vertex 4 2.7639319896698 29.80422592163086
   vertex 3.839621067047119 2.884540319442749 29.83797264099121
  endloop
 endfacet
 facet normal -0.7347585495799305 -0.33555303743220055 0.5895201717407312
  outer loop
   vertex 1.0465978384017944 2.3873202800750732 28.16256332397461
   vertex 1.2501840591430664 2.744201183319092 28.619441986083984
   vertex 0.8471509218215942 2.8240480422973633 28.16256332397461
  endloop
 endfacet
 facet normal -0.6969406268689886 -0.3805582844861903 0.6078232923542738
  outer loop
   vertex 1.0465978384017944 2.3873202800750732 28.16256332397461
   vertex 1.4568920135498047 2.3656437397003174 28.619441986083984
   vertex 1.2501840591430664 2.744201183319092 28.619441986083984
  endloop
 endfacet
 facet normal -0.16890959236859943 -0.45286464082127115 0.8754331309127469
  outer loop
   vertex 3.390735626220703 1.9250357151031494 29.365015029907227
   vertex 3.419309377670288 2.443108081817627 29.63852882385254
   vertex 3.1016387939453125 2.032863140106201 29.365015029907227
  endloop
 endfacet
 facet normal -0.1341456191517643 -0.45685854870479464 0.8793663737815648
  outer loop
   vertex 3.390735626220703 1.9250357151031494 29.365015029907227
   vertex 3.6467888355255127 2.376314163208008 29.63852882385254
   vertex 3.419309377670288 2.443108081817627 29.63852882385254
  endloop
 endfacet
 facet normal -0.8360358821538304 -0.245482256952467 0.4906958989769424
  outer loop
   vertex 0.5088579654693604 2.9749081134796143 27.661659240722656
   vertex 0.8471509218215942 2.8240480422973633 28.16256332397461
   vertex 0.711887001991272 3.284714698791504 28.16256332397461
  endloop
 endfacet
 facet normal -0.8642612078411122 -0.18800846696114734 0.4665890922127746
  outer loop
   vertex 0.5088579654693604 2.9749081134796143 27.661659240722656
   vertex 0.711887001991272 3.284714698791504 28.16256332397461
   vertex 0.3985069990158081 3.4821834564208984 27.661659240722656
  endloop
 endfacet
 facet normal -0.3270477753183948 -0.5088962444611307 0.7962815865211539
  outer loop
   vertex 2.7446346282958984 1.700969934463501 29.022998809814453
   vertex 2.8308300971984863 2.1807360649108887 29.365015029907227
   vertex 2.4302263259887695 1.903027892112732 29.022998809814453
  endloop
 endfacet
 facet normal -0.2849962699132448 -0.5219310332493401 0.8039683592448232
  outer loop
   vertex 2.7446346282958984 1.700969934463501 29.022998809814453
   vertex 3.1016387939453125 2.032863140106201 29.365015029907227
   vertex 2.8308300971984863 2.1807360649108887 29.365015029907227
  endloop
 endfacet
 facet normal -0.9657587795735896 -0.01861107466197645 0.25877327446329784
  outer loop
   vertex 0.17180681228637695 3.7262022495269775 27.126930236816406
   vertex 0.1957739293575287 4 27.236068725585938
   vertex 0.0874096006155014 4 26.831645965576172
  endloop
 endfacet
 facet normal -0.928954028643471 -0.06402310844512778 0.3646168595280374
  outer loop
   vertex 0.17180681228637695 3.7262022495269775 27.126930236816406
   vertex 0.3985069990158081 3.4821834564208984 27.661659240722656
   vertex 0.1957739293575287 4 27.236068725585938
  endloop
 endfacet
 facet normal -0.45924439731450845 -0.5299958891583186 0.7128807340716378
  outer loop
   vertex 2.020357131958008 1.7153702974319458 28.619441986083984
   vertex 2.4302263259887695 1.903027892112732 29.022998809814453
   vertex 2.1477742195129395 2.1477742195129395 29.022998809814453
  endloop
 endfacet
 facet normal -0.5047948598016446 -0.5047948598016446 0.700260165249799
  outer loop
   vertex 2.020357131958008 1.7153702974319458 28.619441986083984
   vertex 2.1477742195129395 2.1477742195129395 29.022998809814453
   vertex 1.7153702974319458 2.020357131958008 28.619441986083984
  endloop
 endfacet
 facet normal -0.6795256585075714 -0.4367045653111943 0.5895201455982758
  outer loop
   vertex 1.3061673641204834 1.9834221601486206 28.16256332397461
   vertex 1.4568920135498047 2.3656437397003174 28.619441986083984
   vertex 1.0465978384017944 2.3873202800750732 28.16256332397461
  endloop
 endfacet
 facet normal -0.6356876658165748 -0.475869765177627 0.6078232951429755
  outer loop
   vertex 1.3061673641204834 1.9834221601486206 28.16256332397461
   vertex 1.7153702974319458 2.020357131958008 28.619441986083984
   vertex 1.4568920135498047 2.3656437397003174 28.619441986083984
  endloop
 endfacet
 facet normal -0.021282653943504287 -0.544514749338496 0.8384812081340619
  outer loop
   vertex 3.692235231399536 1.8594485521316528 29.365015029907227
   vertex 4 1.6488590240478516 29.236068725585938
   vertex 4 2 29.464101791381836
  endloop
 endfacet
 facet normal -0.06790941029613054 -0.47125034632758267 0.8793812728727883
  outer loop
   vertex 3.692235231399536 1.8594485521316528 29.365015029907227
   vertex 4 2 29.464101791381836
   vertex 3.8814585208892822 2.342573642730713 29.63852882385254
  endloop
 endfacet
 facet normal -0.06776283744271101 -0.47129930176205026 0.8793663434657462
  outer loop
   vertex 3.692235231399536 1.8594485521316528 29.365015029907227
   vertex 3.8814585208892822 2.342573642730713 29.63852882385254
   vertex 3.6467888355255127 2.376314163208008 29.63852882385254
  endloop
 endfacet
 facet normal -0.10274105680992891 -0.472293458970189 0.875433129290612
  outer loop
   vertex 3.692235231399536 1.8594485521316528 29.365015029907227
   vertex 3.6467888355255127 2.376314163208008 29.63852882385254
   vertex 3.390735626220703 1.9250357151031494 29.365015029907227
  endloop
 endfacet
 facet normal -0.7925904562435143 -0.36196398828477044 0.49069587307891666
  outer loop
   vertex 0.6902785301208496 2.4885008335113525 27.661659240722656
   vertex 1.0465978384017944 2.3873202800750732 28.16256332397461
   vertex 0.8471509218215942 2.8240480422973633 28.16256332397461
  endloop
 endfacet
 facet normal -0.8287078542452311 -0.3090920984120631 0.4665890772526636
  outer loop
   vertex 0.6902785301208496 2.4885008335113525 27.661659240722656
   vertex 0.8471509218215942 2.8240480422973633 28.16256332397461
   vertex 0.5088579654693604 2.9749081134796143 27.661659240722656
  endloop
 endfacet
 facet normal -0.20781641125156944 -0.5571779738407757 0.8039683107444013
  outer loop
   vertex 3.0845985412597656 1.5457136631011963 29.022998809814453
   vertex 3.390735626220703 1.9250357151031494 29.365015029907227
   vertex 3.1016387939453125 2.032863140106201 29.365015029907227
  endloop
 endfacet
 facet normal -0.2512954059404104 -0.5502603454515756 0.7962814647954307
  outer loop
   vertex 3.0845985412597656 1.5457136631011963 29.022998809814453
   vertex 3.1016387939453125 2.032863140106201 29.365015029907227
   vertex 2.7446346282958984 1.700969934463501 29.022998809814453
  endloop
 endfacet
 facet normal -0.9328777048476805 -0.1341275808379468 0.3342887671709651
  outer loop
   vertex 0.24973778426647186 3.184180498123169 27.126930236816406
   vertex 0.3985069990158081 3.4821834564208984 27.661659240722656
   vertex 0.17180681228637695 3.7262022495269775 27.126930236816406
  endloop
 endfacet
 facet normal -0.9102652676347743 -0.19801603490163214 0.36360251987524567
  outer loop
   vertex 0.24973778426647186 3.184180498123169 27.126930236816406
   vertex 0.5088579654693604 2.9749081134796143 27.661659240722656
   vertex 0.3985069990158081 3.4821834564208984 27.661659240722656
  endloop
 endfacet
 facet normal -0.37914351254174505 -0.5899587895268692 0.7128806516924828
  outer loop
   vertex 2.3656437397003174 1.4568920135498047 28.619441986083984
   vertex 2.7446346282958984 1.700969934463501 29.022998809814453
   vertex 2.4302263259887695 1.903027892112732 29.022998809814453
  endloop
 endfacet
 facet normal -0.4278170202887562 -0.5714967054535359 0.7002600322787275
  outer loop
   vertex 2.3656437397003174 1.4568920135498047 28.619441986083984
   vertex 2.4302263259887695 1.903027892112732 29.022998809814453
   vertex 2.020357131958008 1.7153702974319458 28.619441986083984
  endloop
 endfacet
 facet normal -0.5614939362532695 -0.5614939362532695 0.6078232630474245
  outer loop
   vertex 1.6205756664276123 1.6205756664276123 28.16256332397461
   vertex 2.020357131958008 1.7153702974319458 28.619441986083984
   vertex 1.7153702974319458 2.020357131958008 28.619441986083984
  endloop
 endfacet
 facet normal -0.6104594871052996 -0.5289662000031206 0.5895201216730376
  outer loop
   vertex 1.6205756664276123 1.6205756664276123 28.16256332397461
   vertex 1.7153702974319458 2.020357131958008 28.619441986083984
   vertex 1.3061673641204834 1.9834221601486206 28.16256332397461
  endloop
 endfacet
 facet normal -0.7330102081689961 -0.4710769936637245 0.49069593513783283
  outer loop
   vertex 0.9390754699707031 2.032863140106201 27.661659240722656
   vertex 1.3061673641204834 1.9834221601486206 28.16256332397461
   vertex 1.0465978384017944 2.3873202800750732 28.16256332397461
  endloop
 endfacet
 facet normal -0.7762844580694795 -0.4238832748390541 0.46658912275308506
  outer loop
   vertex 0.9390754699707031 2.032863140106201 27.661659240722656
   vertex 1.0465978384017944 2.3873202800750732 28.16256332397461
   vertex 0.6902785301208496 2.4885008335113525 27.661659240722656
  endloop
 endfacet
 facet normal -0.17042745153492173 -0.5804224476633622 0.7962815243441127
  outer loop
   vertex 3.443197250366211 1.4404195547103882 29.022998809814453
   vertex 3.390735626220703 1.9250357151031494 29.365015029907227
   vertex 3.0845985412597656 1.5457136631011963 29.022998809814453
  endloop
 endfacet
 facet normal -0.12640652669253333 -0.5810819703604079 0.8039683661261781
  outer loop
   vertex 3.443197250366211 1.4404195547103882 29.022998809814453
   vertex 3.692235231399536 1.8594485521316528 29.365015029907227
   vertex 3.390735626220703 1.9250357151031494 29.365015029907227
  endloop
 endfacet
 facet normal -0.9042940541925939 -0.2655246135743927 0.33428871225049095
  outer loop
   vertex 0.4040132761001587 2.658766269683838 27.126930236816406
   vertex 0.5088579654693604 2.9749081134796143 27.661659240722656
   vertex 0.24973778426647186 3.184180498123169 27.126930236816406
  endloop
 endfacet
 facet normal -0.8728194111788024 -0.32554486114017644 0.3636025561718626
  outer loop
   vertex 0.4040132761001587 2.658766269683838 27.126930236816406
   vertex 0.6902785301208496 2.4885008335113525 27.661659240722656
   vertex 0.5088579654693604 2.9749081134796143 27.661659240722656
  endloop
 endfacet
 facet normal -0.2913244116994597 -0.6379116674271182 0.7128806293541138
  outer loop
   vertex 2.744201183319092 1.2501840591430664 28.619441986083984
   vertex 3.0845985412597656 1.5457136631011963 29.022998809814453
   vertex 2.7446346282958984 1.700969934463501 29.022998809814453
  endloop
 endfacet
 facet normal -0.3421299935446964 -0.6265644498940777 0.7002599928926667
  outer loop
   vertex 2.744201183319092 1.2501840591430664 28.619441986083984
   vertex 2.7446346282958984 1.700969934463501 29.022998809814453
   vertex 2.3656437397003174 1.4568920135498047 28.619441986083984
  endloop
 endfacet
 facet normal -0.9858175405787019 -0.061518875501886866 0.1561384150180299
  outer loop
   vertex 0.08101405203342438 3.436534881591797 26.569259643554688
   vertex 0.0874096006155014 4 26.831645965576172
   vertex 0.02191241830587387 4 26.418113708496094
  endloop
 endfacet
 facet normal -0.985758698653291 -0.15612891532769832 0.062478394889487206
  outer loop
   vertex 0.08101405203342438 3.436534881591797 26.569259643554688
   vertex 0.02191241830587387 3.581886053085327 26
   vertex 0.0874096006155014 3.168353319168091 26
  endloop
 endfacet
 facet normal -0.975868324598454 -0.08297829983980072 0.2019792434907671
  outer loop
   vertex 0.08101405203342438 3.436534881591797 26.569259643554688
   vertex 0.17180681228637695 3.7262022495269775 27.126930236816406
   vertex 0.0874096006155014 4 26.831645965576172
  endloop
 endfacet
 facet normal -0.9932293329749443 -0.08214464201240515 0.08214468885327267
  outer loop
   vertex 0.08101405203342438 3.436534881591797 26.569259643554688
   vertex 0.02191241830587387 4 26.418113708496094
   vertex 0.02191241830587387 3.581886053085327 26
  endloop
 endfacet
 facet normal -0.9635569364148509 -0.1385385889376029 0.2288341968806345
  outer loop
   vertex 0.08101405203342438 3.436534881591797 26.569259643554688
   vertex 0.24973778426647186 3.184180498123169 27.126930236816406
   vertex 0.17180681228637695 3.7262022495269775 27.126930236816406
  endloop
 endfacet
 facet normal -0.5289662000031206 -0.6104594871052996 0.5895201216730376
  outer loop
   vertex 1.9834221601486206 1.3061673641204834 28.16256332397461
   vertex 2.020357131958008 1.7153702974319458 28.619441986083984
   vertex 1.6205756664276123 1.6205756664276123 28.16256332397461
  endloop
 endfacet
 facet normal -0.475869765177627 -0.6356876658165748 0.6078232951429755
  outer loop
   vertex 1.9834221601486206 1.3061673641204834 28.16256332397461
   vertex 2.3656437397003174 1.4568920135498047 28.619441986083984
   vertex 2.020357131958008 1.7153702974319458 28.619441986083984
  endloop
 endfacet
 facet normal -0.7080579627238419 -0.5300458411531839 0.466589035125748
  outer loop
   vertex 1.2501840591430664 1.6172709465026855 27.661659240722656
   vertex 1.3061673641204834 1.9834221601486206 28.16256332397461
   vertex 0.9390754699707031 2.032863140106201 27.661659240722656
  endloop
 endfacet
 facet normal -0.6585079927549541 -0.5706004705586408 0.4906957575485025
  outer loop
   vertex 1.2501840591430664 1.6172709465026855 27.661659240722656
   vertex 1.6205756664276123 1.6205756664276123 28.16256332397461
   vertex 1.3061673641204834 1.9834221601486206 28.16256332397461
  endloop
 endfacet
 facet normal -0.005022582505409789 -0.6293126098853706 0.7771360323033797
  outer loop
   vertex 3.813131093978882 1.3872311115264893 29.022998809814453
   vertex 4 1.3234776258468628 28.972579956054688
   vertex 4 1.6488590240478516 29.236068725585938
  endloop
 endfacet
 facet normal -0.05039359531252866 -0.7062080721299936 0.7062086408490874
  outer loop
   vertex 3.813131093978882 1.3872311115264893 29.022998809814453
   vertex 4 1.0274206399917603 28.676523208618164
   vertex 4 1.3234776258468628 28.972579956054688
  endloop
 endfacet
 facet normal -0.07417232532120467 -0.5973538582829863 0.7985404398969883
  outer loop
   vertex 3.813131093978882 1.3872311115264893 29.022998809814453
   vertex 4 1.6488590240478516 29.236068725585938
   vertex 3.692235231399536 1.8594485521316528 29.365015029907227
  endloop
 endfacet
 facet normal -0.0860899508851145 -0.5987689152179827 0.7962815497832902
  outer loop
   vertex 3.813131093978882 1.3872311115264893 29.022998809814453
   vertex 3.692235231399536 1.8594485521316528 29.365015029907227
   vertex 3.443197250366211 1.4404195547103882 29.022998809814453
  endloop
 endfacet
 facet normal -0.8573014526923856 -0.3915166417802351 0.33428870519455534
  outer loop
   vertex 0.6314927339553833 2.160655975341797 27.126930236816406
   vertex 0.6902785301208496 2.4885008335113525 27.661659240722656
   vertex 0.4040132761001587 2.658766269683838 27.126930236816406
  endloop
 endfacet
 facet normal -0.8176056376773378 -0.4464463401565669 0.3636023743033596
  outer loop
   vertex 0.6314927339553833 2.160655975341797 27.126930236816406
   vertex 0.9390754699707031 2.032863140106201 27.661659240722656
   vertex 0.6902785301208496 2.4885008335113525 27.661659240722656
  endloop
 endfacet
 facet normal -0.24947823038468692 -0.6688770674184493 0.7002600097433956
  outer loop
   vertex 3.1483230590820312 1.099454402923584 28.619441986083984
   vertex 3.0845985412597656 1.5457136631011963 29.022998809814453
   vertex 2.744201183319092 1.2501840591430664 28.619441986083984
  endloop
 endfacet
 facet normal -0.19757497361714788 -0.672878393422383 0.7128806333920821
  outer loop
   vertex 3.1483230590820312 1.099454402923584 28.619441986083984
   vertex 3.443197250366211 1.4404195547103882 29.022998809814453
   vertex 3.0845985412597656 1.5457136631011963 29.022998809814453
  endloop
 endfacet
 facet normal -0.9582729889917475 -0.20845953480441895 0.19559524768753334
  outer loop
   vertex 0.20109312236309052 2.884540319442749 26.569259643554688
   vertex 0.24973778426647186 3.184180498123169 27.126930236816406
   vertex 0.08101405203342438 3.436534881591797 26.569259643554688
  endloop
 endfacet
 facet normal -0.96396220240733 -0.2582927985676333 0.06373148780712538
  outer loop
   vertex 0.20109312236309052 2.884540319442749 26.569259643554688
   vertex 0.0874096006155014 3.168353319168091 26
   vertex 0.1957739293575287 2.7639319896698 26
  endloop
 endfacet
 facet normal -0.9340332482294977 -0.2742568262523951 0.2288341855051757
  outer loop
   vertex 0.20109312236309052 2.884540319442749 26.569259643554688
   vertex 0.4040132761001587 2.658766269683838 27.126930236816406
   vertex 0.24973778426647186 3.184180498123169 27.126930236816406
  endloop
 endfacet
 facet normal -0.973285722747128 -0.2117253552237986 0.08881033640267959
  outer loop
   vertex 0.20109312236309052 2.884540319442749 26.569259643554688
   vertex 0.08101405203342438 3.436534881591797 26.569259643554688
   vertex 0.0874096006155014 3.168353319168091 26
  endloop
 endfacet
 facet normal -0.3805582844861903 -0.6969406268689886 0.6078232923542738
  outer loop
   vertex 2.3873202800750732 1.0465978384017944 28.16256332397461
   vertex 2.744201183319092 1.2501840591430664 28.619441986083984
   vertex 2.3656437397003174 1.4568920135498047 28.619441986083984
  endloop
 endfacet
 facet normal -0.4367045653111943 -0.6795256585075714 0.5895201455982758
  outer loop
   vertex 2.3873202800750732 1.0465978384017944 28.16256332397461
   vertex 2.3656437397003174 1.4568920135498047 28.619441986083984
   vertex 1.9834221601486206 1.3061673641204834 28.16256332397461
  endloop
 endfacet
 facet normal -0.625417755232315 -0.625417755232315 0.4665889656650104
  outer loop
   vertex 1.6172709465026855 1.2501840591430664 27.661659240722656
   vertex 1.6205756664276123 1.6205756664276123 28.16256332397461
   vertex 1.2501840591430664 1.6172709465026855 27.661659240722656
  endloop
 endfacet
 facet normal -0.5706004705586408 -0.6585079927549541 0.4906957575485025
  outer loop
   vertex 1.6172709465026855 1.2501840591430664 27.661659240722656
   vertex 1.9834221601486206 1.3061673641204834 28.16256332397461
   vertex 1.6205756664276123 1.6205756664276123 28.16256332397461
  endloop
 endfacet
 facet normal -0.7928569444099937 -0.5095380391025349 0.33428857654486416
  outer loop
   vertex 0.9275451898574829 1.6999891996383667 27.126930236816406
   vertex 0.9390754699707031 2.032863140106201 27.661659240722656
   vertex 0.6314927339553833 2.160655975341797 27.126930236816406
  endloop
 endfacet
 facet normal -0.7457473963365723 -0.5582598131633231 0.363602532807563
  outer loop
   vertex 0.9275451898574829 1.6999891996383667 27.126930236816406
   vertex 1.2501840591430664 1.6172709465026855 27.661659240722656
   vertex 0.9390754699707031 2.032863140106201 27.661659240722656
  endloop
 endfacet
 facet normal -0.060911085400451814 -0.7085786665016865 0.7029979466926134
  outer loop
   vertex 3.5697824954986572 1.0077714920043945 28.619441986083984
   vertex 4 1.0274206399917603 28.676523208618164
   vertex 3.813131093978882 1.3872311115264893 29.022998809814453
  endloop
 endfacet
 facet normal -0.09980328744359843 -0.694147290634878 0.7128806651324672
  outer loop
   vertex 3.5697824954986572 1.0077714920043945 28.619441986083984
   vertex 3.813131093978882 1.3872311115264893 29.022998809814453
   vertex 3.443197250366211 1.4404195547103882 29.022998809814453
  endloop
 endfacet
 facet normal -0.15174782166625972 -0.6975733073449617 0.7002600084963848
  outer loop
   vertex 3.5697824954986572 1.0077714920043945 28.619441986083984
   vertex 3.443197250366211 1.4404195547103882 29.022998809814453
   vertex 3.1483230590820312 1.099454402923584 28.619441986083984
  endloop
 endfacet
 facet normal -0.04794851143910398 -0.7762529652831778 0.6285954773460017
  outer loop
   vertex 3.5697824954986572 1.0077714920043945 28.619441986083984
   vertex 4 0.7639320492744446 28.35114097595215
   vertex 4 1.0274206399917603 28.676523208618164
  endloop
 endfacet
 facet normal -0.9188522843136642 -0.3427141745434513 0.1955951793336479
  outer loop
   vertex 0.3985069990158081 2.355253219604492 26.569259643554688
   vertex 0.4040132761001587 2.658766269683838 27.126930236816406
   vertex 0.20109312236309052 2.884540319442749 26.569259643554688
  endloop
 endfacet
 facet normal -0.9309516393992264 -0.35735877246692177 0.07499168514460479
  outer loop
   vertex 0.3985069990158081 2.355253219604492 26.569259643554688
   vertex 0.1957739293575287 2.7639319896698 26
   vertex 0.3458181619644165 2.3730533123016357 26
  endloop
 endfacet
 facet normal -0.8889371131125872 -0.4529362461481351 0.06811435866464251
  outer loop
   vertex 0.3985069990158081 2.355253219604492 26.569259643554688
   vertex 0.3458181619644165 2.3730533123016357 26
   vertex 0.5358983874320984 2 26
  endloop
 endfacet
 facet normal -0.9337547096500685 -0.348272491680004 0.08251311256593101
  outer loop
   vertex 0.3985069990158081 2.355253219604492 26.569259643554688
   vertex 0.20109312236309052 2.884540319442749 26.569259643554688
   vertex 0.1957739293575287 2.7639319896698 26
  endloop
 endfacet
 facet normal -0.8854952050721294 -0.4043923032132522 0.2288342345370299
  outer loop
   vertex 0.3985069990158081 2.355253219604492 26.569259643554688
   vertex 0.6314927339553833 2.160655975341797 27.126930236816406
   vertex 0.4040132761001587 2.658766269683838 27.126930236816406
  endloop
 endfacet
 facet normal -0.33555303743220055 -0.7347585495799305 0.5895201717407312
  outer loop
   vertex 2.8240480422973633 0.8471509218215942 28.16256332397461
   vertex 2.744201183319092 1.2501840591430664 28.619441986083984
   vertex 2.3873202800750732 1.0465978384017944 28.16256332397461
  endloop
 endfacet
 facet normal -0.2774998032598758 -0.7440058169702946 0.6078233324783566
  outer loop
   vertex 2.8240480422973633 0.8471509218215942 28.16256332397461
   vertex 3.1483230590820312 1.099454402923584 28.619441986083984
   vertex 2.744201183319092 1.2501840591430664 28.619441986083984
  endloop
 endfacet
 facet normal -0.5300458411531839 -0.7080579627238419 0.466589035125748
  outer loop
   vertex 2.032863140106201 0.9390754699707031 27.661659240722656
   vertex 1.9834221601486206 1.3061673641204834 28.16256332397461
   vertex 1.6172709465026855 1.2501840591430664 27.661659240722656
  endloop
 endfacet
 facet normal -0.4710769936637245 -0.7330102081689961 0.49069593513783283
  outer loop
   vertex 2.032863140106201 0.9390754699707031 27.661659240722656
   vertex 2.3873202800750732 1.0465978384017944 28.16256332397461
   vertex 1.9834221601486206 1.3061673641204834 28.16256332397461
  endloop
 endfacet
 facet normal -0.7122718544094631 -0.6171869671871938 0.334288876498124
  outer loop
   vertex 1.2861440181732178 1.2861440181732178 27.126930236816406
   vertex 1.2501840591430664 1.6172709465026855 27.661659240722656
   vertex 0.9275451898574829 1.6999891996383667 27.126930236816406
  endloop
 endfacet
 facet normal -0.6587082329206085 -0.6587082329206085 0.36360270593770144
  outer loop
   vertex 1.2861440181732178 1.2861440181732178 27.126930236816406
   vertex 1.6172709465026855 1.2501840591430664 27.661659240722656
   vertex 1.2501840591430664 1.6172709465026855 27.661659240722656
  endloop
 endfacet
 facet normal -0.860726338622758 -0.4699921542817755 0.1955953601562077
  outer loop
   vertex 0.6692368388175964 1.8594485521316528 26.569259643554688
   vertex 0.6314927339553833 2.160655975341797 27.126930236816406
   vertex 0.3985069990158081 2.355253219604492 26.569259643554688
  endloop
 endfacet
 facet normal -0.8189312916661236 -0.5262949986845106 0.22883424981790917
  outer loop
   vertex 0.6692368388175964 1.8594485521316528 26.569259643554688
   vertex 0.9275451898574829 1.6999891996383667 27.126930236816406
   vertex 0.6314927339553833 2.160655975341797 27.126930236816406
  endloop
 endfacet
 facet normal -0.8370647587664825 -0.5435963194643313 0.06185168628293849
  outer loop
   vertex 0.6692368388175964 1.8594485521316528 26.569259643554688
   vertex 0.5358983874320984 2 26
   vertex 0.7639320492744446 1.6488590240478516 26
  endloop
 endfacet
 facet normal -0.8743570686914396 -0.4774350962506059 0.08692206450313776
  outer loop
   vertex 0.6692368388175964 1.8594485521316528 26.569259643554688
   vertex 0.3985069990158081 2.355253219604492 26.569259643554688
   vertex 0.5358983874320984 2 26
  endloop
 endfacet
 facet normal -0.16879225270462586 -0.7759252731306413 0.6078232851282004
  outer loop
   vertex 3.284714698791504 0.711887001991272 28.16256332397461
   vertex 3.5697824954986572 1.0077714920043945 28.619441986083984
   vertex 3.1483230590820312 1.099454402923584 28.619441986083984
  endloop
 endfacet
 facet normal -0.22757047922740803 -0.7750339625967172 0.5895201725181576
  outer loop
   vertex 3.284714698791504 0.711887001991272 28.16256332397461
   vertex 3.1483230590820312 1.099454402923584 28.619441986083984
   vertex 2.8240480422973633 0.8471509218215942 28.16256332397461
  endloop
 endfacet
 facet normal -0.423883274839054 -0.7762844580694794 0.466589122753085
  outer loop
   vertex 2.4885008335113525 0.6902785301208496 27.661659240722656
   vertex 2.3873202800750732 1.0465978384017944 28.16256332397461
   vertex 2.032863140106201 0.9390754699707031 27.661659240722656
  endloop
 endfacet
 facet normal -0.36196398828477044 -0.7925904562435143 0.49069587307891666
  outer loop
   vertex 2.4885008335113525 0.6902785301208496 27.661659240722656
   vertex 2.8240480422973633 0.8471509218215942 28.16256332397461
   vertex 2.3873202800750732 1.0465978384017944 28.16256332397461
  endloop
 endfacet
 facet normal -0.5582598131633231 -0.7457473963365723 0.363602532807563
  outer loop
   vertex 1.6999891996383667 0.9275451898574829 27.126930236816406
   vertex 2.032863140106201 0.9390754699707031 27.661659240722656
   vertex 1.6172709465026855 1.2501840591430664 27.661659240722656
  endloop
 endfacet
 facet normal -0.6171869671871938 -0.7122718544094631 0.334288876498124
  outer loop
   vertex 1.6999891996383667 0.9275451898574829 27.126930236816406
   vertex 1.6172709465026855 1.2501840591430664 27.661659240722656
   vertex 1.2861440181732178 1.2861440181732178 27.126930236816406
  endloop
 endfacet
 facet normal -0.7850785752914903 -0.5877024240521465 0.19559522330955564
  outer loop
   vertex 1.0077714920043945 1.4072191715240479 26.569259643554688
   vertex 0.9275451898574829 1.6999891996383667 27.126930236816406
   vertex 0.6692368388175964 1.8594485521316528 26.569259643554688
  endloop
 endfacet
 facet normal -0.775471540241453 -0.6279643040730707 0.06561038854916468
  outer loop
   vertex 1.0077714920043945 1.4072191715240479 26.569259643554688
   vertex 0.7639320492744446 1.6488590240478516 26
   vertex 1.0274206399917603 1.3234776258468628 26
  endloop
 endfacet
 facet normal -0.7048765044102658 -0.7048765044102658 0.07936137007845415
  outer loop
   vertex 1.0077714920043945 1.4072191715240479 26.569259643554688
   vertex 1.0274206399917603 1.3234776258468628 26
   vertex 1.3234776258468628 1.0274206399917603 26
  endloop
 endfacet
 facet normal -0.7356961302499235 -0.6374842141934177 0.22883417705729225
  outer loop
   vertex 1.0077714920043945 1.4072191715240479 26.569259643554688
   vertex 1.2861440181732178 1.2861440181732178 27.126930236816406
   vertex 0.9275451898574829 1.6999891996383667 27.126930236816406
  endloop
 endfacet
 facet normal -0.7974227273743355 -0.5969431399884627 0.08818095875862653
  outer loop
   vertex 1.0077714920043945 1.4072191715240479 26.569259643554688
   vertex 0.6692368388175964 1.8594485521316528 26.569259643554688
   vertex 0.7639320492744446 1.6488590240478516 26
  endloop
 endfacet
 facet normal -0.007305845680859636 -0.8386481355273037 0.5446245765621168
  outer loop
   vertex 3.7599425315856934 0.6435595154762268 28.16256332397461
   vertex 4 0.5358983874320984 28
   vertex 4 0.7639320492744446 28.35114097595215
  endloop
 endfacet
 facet normal -0.07473407613828267 -0.7946882780274919 0.6023996668570271
  outer loop
   vertex 3.7599425315856934 0.6435595154762268 28.16256332397461
   vertex 4 0.7639320492744446 28.35114097595215
   vertex 3.5697824954986572 1.0077714920043945 28.619441986083984
  endloop
 endfacet
 facet normal -0.11495539936222222 -0.799531902799766 0.5895201375380299
  outer loop
   vertex 3.7599425315856934 0.6435595154762268 28.16256332397461
   vertex 3.5697824954986572 1.0077714920043945 28.619441986083984
   vertex 3.284714698791504 0.711887001991272 28.16256332397461
  endloop
 endfacet
 facet normal -0.245482256952467 -0.8360358821538304 0.4906958989769424
  outer loop
   vertex 2.9749081134796143 0.5088579654693604 27.661659240722656
   vertex 3.284714698791504 0.711887001991272 28.16256332397461
   vertex 2.8240480422973633 0.8471509218215942 28.16256332397461
  endloop
 endfacet
 facet normal -0.3090920984120631 -0.8287078542452311 0.4665890772526636
  outer loop
   vertex 2.9749081134796143 0.5088579654693604 27.661659240722656
   vertex 2.8240480422973633 0.8471509218215942 28.16256332397461
   vertex 2.4885008335113525 0.6902785301208496 27.661659240722656
  endloop
 endfacet
 facet normal -0.4464463401565669 -0.8176056376773378 0.3636023743033596
  outer loop
   vertex 2.160655975341797 0.6314927339553833 27.126930236816406
   vertex 2.4885008335113525 0.6902785301208496 27.661659240722656
   vertex 2.032863140106201 0.9390754699707031 27.661659240722656
  endloop
 endfacet
 facet normal -0.5095380391025349 -0.7928569444099937 0.33428857654486416
  outer loop
   vertex 2.160655975341797 0.6314927339553833 27.126930236816406
   vertex 2.032863140106201 0.9390754699707031 27.661659240722656
   vertex 1.6999891996383667 0.9275451898574829 27.126930236816406
  endloop
 endfacet
 facet normal -0.6279643040730707 -0.775471540241453 0.06561038854916468
  outer loop
   vertex 1.4072191715240479 1.0077714920043945 26.569259643554688
   vertex 1.3234776258468628 1.0274206399917603 26
   vertex 1.6488590240478516 0.7639320492744446 26
  endloop
 endfacet
 facet normal -0.7048765044102657 -0.7048765044102657 0.07936137007845413
  outer loop
   vertex 1.4072191715240479 1.0077714920043945 26.569259643554688
   vertex 1.0077714920043945 1.4072191715240479 26.569259643554688
   vertex 1.3234776258468628 1.0274206399917603 26
  endloop
 endfacet
 facet normal -0.6374842141934177 -0.7356961302499235 0.22883417705729225
  outer loop
   vertex 1.4072191715240479 1.0077714920043945 26.569259643554688
   vertex 1.6999891996383667 0.9275451898574829 27.126930236816406
   vertex 1.2861440181732178 1.2861440181732178 27.126930236816406
  endloop
 endfacet
 facet normal -0.6934488184035628 -0.6934488184035628 0.19559517506678198
  outer loop
   vertex 1.4072191715240479 1.0077714920043945 26.569259643554688
   vertex 1.2861440181732178 1.2861440181732178 27.126930236816406
   vertex 1.0077714920043945 1.4072191715240479 26.569259643554688
  endloop
 endfacet
 facet normal -0.06011934395842553 -0.8893944504966496 0.4531701401325679
  outer loop
   vertex 3.4821834564208984 0.3985069990158081 27.661659240722656
   vertex 4 0.3458181619644165 27.6269474029541
   vertex 4 0.5358983874320984 28
  endloop
 endfacet
 facet normal -0.07079236639870488 -0.9312381682853711 0.35746876057661037
  outer loop
   vertex 3.4821834564208984 0.3985069990158081 27.661659240722656
   vertex 4 0.1957739293575287 27.236068725585938
   vertex 4 0.3458181619644165 27.6269474029541
  endloop
 endfacet
 facet normal -0.07486445819639703 -0.8787323046782479 0.4714073075524125
  outer loop
   vertex 3.4821834564208984 0.3985069990158081 27.661659240722656
   vertex 4 0.5358983874320984 28
   vertex 3.7599425315856934 0.6435595154762268 28.16256332397461
  endloop
 endfacet
 facet normal -0.12400338983833667 -0.8624620224985133 0.49069585188421494
  outer loop
   vertex 3.4821834564208984 0.3985069990158081 27.661659240722656
   vertex 3.7599425315856934 0.6435595154762268 28.16256332397461
   vertex 3.284714698791504 0.711887001991272 28.16256332397461
  endloop
 endfacet
 facet normal -0.18800846696114734 -0.8642612078411122 0.4665890922127746
  outer loop
   vertex 3.4821834564208984 0.3985069990158081 27.661659240722656
   vertex 3.284714698791504 0.711887001991272 28.16256332397461
   vertex 2.9749081134796143 0.5088579654693604 27.661659240722656
  endloop
 endfacet
 facet normal -0.3915166417802351 -0.8573014526923856 0.33428870519455534
  outer loop
   vertex 2.658766269683838 0.4040132761001587 27.126930236816406
   vertex 2.4885008335113525 0.6902785301208496 27.661659240722656
   vertex 2.160655975341797 0.6314927339553833 27.126930236816406
  endloop
 endfacet
 facet normal -0.32554486114017633 -0.872819411178802 0.3636025561718625
  outer loop
   vertex 2.658766269683838 0.4040132761001587 27.126930236816406
   vertex 2.9749081134796143 0.5088579654693604 27.661659240722656
   vertex 2.4885008335113525 0.6902785301208496 27.661659240722656
  endloop
 endfacet
 facet normal -0.5435963194643313 -0.8370647587664825 0.06185168628293849
  outer loop
   vertex 1.8594485521316528 0.6692368388175964 26.569259643554688
   vertex 1.6488590240478516 0.7639320492744446 26
   vertex 2 0.5358983874320984 26
  endloop
 endfacet
 facet normal -0.5969431399884627 -0.7974227273743355 0.08818095875862653
  outer loop
   vertex 1.8594485521316528 0.6692368388175964 26.569259643554688
   vertex 1.4072191715240479 1.0077714920043945 26.569259643554688
   vertex 1.6488590240478516 0.7639320492744446 26
  endloop
 endfacet
 facet normal -0.5262949986845106 -0.8189312916661236 0.22883424981790917
  outer loop
   vertex 1.8594485521316528 0.6692368388175964 26.569259643554688
   vertex 2.160655975341797 0.6314927339553833 27.126930236816406
   vertex 1.6999891996383667 0.9275451898574829 27.126930236816406
  endloop
 endfacet
 facet normal -0.5877024240521465 -0.7850785752914903 0.19559522330955564
  outer loop
   vertex 1.8594485521316528 0.6692368388175964 26.569259643554688
   vertex 1.6999891996383667 0.9275451898574829 27.126930236816406
   vertex 1.4072191715240479 1.0077714920043945 26.569259643554688
  endloop
 endfacet
 facet normal -0.19801603490163214 -0.9102652676347743 0.36360251987524567
  outer loop
   vertex 3.184180498123169 0.24973778426647186 27.126930236816406
   vertex 3.4821834564208984 0.3985069990158081 27.661659240722656
   vertex 2.9749081134796143 0.5088579654693604 27.661659240722656
  endloop
 endfacet
 facet normal -0.2655246135743927 -0.9042940541925939 0.33428871225049095
  outer loop
   vertex 3.184180498123169 0.24973778426647186 27.126930236816406
   vertex 2.9749081134796143 0.5088579654693604 27.661659240722656
   vertex 2.658766269683838 0.4040132761001587 27.126930236816406
  endloop
 endfacet
 facet normal -0.452936246148135 -0.8889371131125869 0.0681143586646425
  outer loop
   vertex 2.355253219604492 0.3985069990158081 26.569259643554688
   vertex 2 0.5358983874320984 26
   vertex 2.3730533123016357 0.3458181619644165 26
  endloop
 endfacet
 facet normal -0.35735877246692177 -0.9309516393992264 0.07499168514460479
  outer loop
   vertex 2.355253219604492 0.3985069990158081 26.569259643554688
   vertex 2.3730533123016357 0.3458181619644165 26
   vertex 2.7639319896698 0.1957739293575287 26
  endloop
 endfacet
 facet normal -0.4774350962506059 -0.8743570686914396 0.08692206450313776
  outer loop
   vertex 2.355253219604492 0.3985069990158081 26.569259643554688
   vertex 1.8594485521316528 0.6692368388175964 26.569259643554688
   vertex 2 0.5358983874320984 26
  endloop
 endfacet
 facet normal -0.4043923032132522 -0.8854952050721294 0.2288342345370299
  outer loop
   vertex 2.355253219604492 0.3985069990158081 26.569259643554688
   vertex 2.658766269683838 0.4040132761001587 27.126930236816406
   vertex 2.160655975341797 0.6314927339553833 27.126930236816406
  endloop
 endfacet
 facet normal -0.4699921542817755 -0.860726338622758 0.1955953601562077
  outer loop
   vertex 2.355253219604492 0.3985069990158081 26.569259643554688
   vertex 2.160655975341797 0.6314927339553833 27.126930236816406
   vertex 1.8594485521316528 0.6692368388175964 26.569259643554688
  endloop
 endfacet
 facet normal -0.01861107466197645 -0.9657587795735896 0.25877327446329784
  outer loop
   vertex 3.7262022495269775 0.17180681228637695 27.126930236816406
   vertex 4 0.0874096006155014 26.831645965576172
   vertex 4 0.1957739293575287 27.236068725585938
  endloop
 endfacet
 facet normal -0.1341275808379468 -0.9328777048476805 0.3342887671709651
  outer loop
   vertex 3.7262022495269775 0.17180681228637695 27.126930236816406
   vertex 3.4821834564208984 0.3985069990158081 27.661659240722656
   vertex 3.184180498123169 0.24973778426647186 27.126930236816406
  endloop
 endfacet
 facet normal -0.06402310844512778 -0.928954028643471 0.3646168595280374
  outer loop
   vertex 3.7262022495269775 0.17180681228637695 27.126930236816406
   vertex 4 0.1957739293575287 27.236068725585938
   vertex 3.4821834564208984 0.3985069990158081 27.661659240722656
  endloop
 endfacet
 facet normal -0.2582927985676333 -0.96396220240733 0.06373148780712538
  outer loop
   vertex 2.884540319442749 0.20109312236309052 26.569259643554688
   vertex 2.7639319896698 0.1957739293575287 26
   vertex 3.168353319168091 0.0874096006155014 26
  endloop
 endfacet
 facet normal -0.3482724916800039 -0.9337547096500682 0.082513112565931
  outer loop
   vertex 2.884540319442749 0.20109312236309052 26.569259643554688
   vertex 2.355253219604492 0.3985069990158081 26.569259643554688
   vertex 2.7639319896698 0.1957739293575287 26
  endloop
 endfacet
 facet normal -0.2742568262523951 -0.9340332482294977 0.2288341855051757
  outer loop
   vertex 2.884540319442749 0.20109312236309052 26.569259643554688
   vertex 3.184180498123169 0.24973778426647186 27.126930236816406
   vertex 2.658766269683838 0.4040132761001587 27.126930236816406
  endloop
 endfacet
 facet normal -0.3427141745434513 -0.9188522843136642 0.1955951793336479
  outer loop
   vertex 2.884540319442749 0.20109312236309052 26.569259643554688
   vertex 2.658766269683838 0.4040132761001587 27.126930236816406
   vertex 2.355253219604492 0.3985069990158081 26.569259643554688
  endloop
 endfacet
 facet normal -0.061518875501886866 -0.9858175405787019 0.1561384150180299
  outer loop
   vertex 3.436534881591797 0.08101405203342438 26.569259643554688
   vertex 4 0.02191241830587387 26.418113708496094
   vertex 4 0.0874096006155014 26.831645965576172
  endloop
 endfacet
 facet normal -0.08214464201240515 -0.9932293329749443 0.08214468885327267
  outer loop
   vertex 3.436534881591797 0.08101405203342438 26.569259643554688
   vertex 3.581886053085327 0.02191241830587387 26
   vertex 4 0.02191241830587387 26.418113708496094
  endloop
 endfacet
 facet normal -0.15612891532769832 -0.985758698653291 0.062478394889487206
  outer loop
   vertex 3.436534881591797 0.08101405203342438 26.569259643554688
   vertex 3.168353319168091 0.0874096006155014 26
   vertex 3.581886053085327 0.02191241830587387 26
  endloop
 endfacet
 facet normal -0.20845953480441895 -0.9582729889917475 0.19559524768753334
  outer loop
   vertex 3.436534881591797 0.08101405203342438 26.569259643554688
   vertex 3.184180498123169 0.24973778426647186 27.126930236816406
   vertex 2.884540319442749 0.20109312236309052 26.569259643554688
  endloop
 endfacet
 facet normal -0.2117253552237986 -0.973285722747128 0.08881033640267959
  outer loop
   vertex 3.436534881591797 0.08101405203342438 26.569259643554688
   vertex 2.884540319442749 0.20109312236309052 26.569259643554688
   vertex 3.168353319168091 0.0874096006155014 26
  endloop
 endfacet
 facet normal -0.08297829983980072 -0.975868324598454 0.2019792434907671
  outer loop
   vertex 3.436534881591797 0.08101405203342438 26.569259643554688
   vertex 4 0.0874096006155014 26.831645965576172
   vertex 3.7262022495269775 0.17180681228637695 27.126930236816406
  endloop
 endfacet
 facet normal -0.1385385889376029 -0.9635569364148509 0.2288341968806345
  outer loop
   vertex 3.436534881591797 0.08101405203342438 26.569259643554688
   vertex 3.7262022495269775 0.17180681228637695 27.126930236816406
   vertex 3.184180498123169 0.24973778426647186 27.126930236816406
  endloop
 endfacet
 facet normal 0 -1 0
  outer loop
   vertex 56 -8.881784197001252e-16 26
   vertex 4 -8.881784197001252e-16 26
   vertex 4 -8.881784197001252e-16 4
  endloop
 endfacet
 facet normal 0 -1 0
  outer loop
   vertex 56 -8.881784197001252e-16 26
   vertex 4 -8.881784197001252e-16 4
   vertex 56 -8.881784197001252e-16 4
  endloop
 endfacet
 facet normal 0 0 -1
  outer loop
   vertex 56 4 0
   vertex 4 4 0
   vertex 4 36 0
  endloop
 endfacet
 facet normal 0 0 -1
  outer loop
   vertex 56 36 0
   vertex 56 4 0
   vertex 4 36 0
  endloop
 endfacet
 facet normal -0.9972646883586733 0.05226444521896664 -0.05226441541652915
  outer loop
   vertex 0.02191241830587387 36.418113708496094 4
   vertex 0.02191241830587387 36 3.581886053085327
   vertex -8.881784197001252e-16 36 4
  endloop
 endfacet
 facet normal -0.05226252441447253 0.9972648881233377 -0.05226252441447253
  outer loop
   vertex 4 40 4
   vertex 4 39.97808837890625 3.581886053085327
   vertex 3.581886053085327 39.97808837890625 4
  endloop
 endfacet
 facet normal -0.1553320672733519 -0.1185129635863742 -0.9807276004776054
  outer loop
   vertex 3.4321911334991455 36.040611267089844 0.04071423411369324
   vertex 3.581886053085327 36 0.02191241830587387
   vertex 3.168353319168091 36 0.0874096006155014
  endloop
 endfacet
 facet normal -0.05209929310422877 0.09498992497686584 -0.9941139662085674
  outer loop
   vertex 3.4437499046325684 36.12100601196289 0.04071423411369324
   vertex 4 36 0
   vertex 3.581886053085327 36 0.02191241830587387
  endloop
 endfacet
 facet normal -0.1199941425335087 0.017252182752571277 -0.9926246863482289
  outer loop
   vertex 3.4437499046325684 36.12100601196289 0.04071423411369324
   vertex 3.581886053085327 36 0.02191241830587387
   vertex 3.4321911334991455 36.040611267089844 0.04071423411369324
  endloop
 endfacet
 facet normal -0.06862330175774596 0.02014984407216207 -0.9974391341027948
  outer loop
   vertex 3.466632604598999 36.198936462402344 0.04071423411369324
   vertex 4 36 0
   vertex 3.4437499046325684 36.12100601196289 0.04071423411369324
  endloop
 endfacet
 facet normal -0.2588093717638676 -0.008605894396498018 -0.965890080531335
  outer loop
   vertex 2.884540319442749 36.160377502441406 0.16202810406684875
   vertex 3.168353319168091 36 0.0874096006155014
   vertex 2.7639319896698 36 0.1957739293575287
  endloop
 endfacet
 facet normal -0.19044954122085858 0.1164945950342698 -0.9747604739506861
  outer loop
   vertex 2.884540319442749 36.160377502441406 0.16202810406684875
   vertex 3.4321911334991455 36.040611267089844 0.04071423411369324
   vertex 3.168353319168091 36 0.0874096006155014
  endloop
 endfacet
 facet normal -0.20988067172907524 0.030175637147382257 -0.9772612417144668
  outer loop
   vertex 2.884540319442749 36.160377502441406 0.16202810406684875
   vertex 3.4437499046325684 36.12100601196289 0.04071423411369324
   vertex 3.4321911334991455 36.040611267089844 0.04071423411369324
  endloop
 endfacet
 facet normal -0.06505700513604804 0.029711420369840598 -0.9974391297629822
  outer loop
   vertex 3.500373125076294 36.2728157043457 0.04071423411369324
   vertex 4 36 0
   vertex 3.466632604598999 36.198936462402344 0.04071423411369324
  endloop
 endfacet
 facet normal -0.2087338217880428 0.045406650694972475 -0.9769178203484787
  outer loop
   vertex 2.9187183380126953 36.3174934387207 0.16202810406684875
   vertex 3.4437499046325684 36.12100601196289 0.04071423411369324
   vertex 2.884540319442749 36.160377502441406 0.16202810406684875
  endloop
 endfacet
 facet normal -0.20344951155774307 0.059738832574947096 -0.9772612588911412
  outer loop
   vertex 2.9187183380126953 36.3174934387207 0.16202810406684875
   vertex 3.466632604598999 36.198936462402344 0.04071423411369324
   vertex 3.4437499046325684 36.12100601196289 0.04071423411369324
  endloop
 endfacet
 facet normal -0.3490799423770146 0.06582650788259872 -0.9347780831245683
  outer loop
   vertex 2.342573642730713 36.1185417175293 0.3614720106124878
   vertex 2.884540319442749 36.160377502441406 0.16202810406684875
   vertex 2.7639319896698 36 0.1957739293575287
  endloop
 endfacet
 facet normal -0.35819426954232925 0.031123257394060216 -0.9331281841827627
  outer loop
   vertex 2.342573642730713 36.1185417175293 0.3614720106124878
   vertex 2.7639319896698 36 0.1957739293575287
   vertex 2.3730533123016357 36 0.3458181619644165
  endloop
 endfacet
 facet normal -0.45399043409734896 0.0009295949925637187 -0.8910060727072798
  outer loop
   vertex 2.342573642730713 36.1185417175293 0.3614720106124878
   vertex 2.3730533123016357 36 0.3458181619644165
   vertex 2 36 0.5358983874320984
  endloop
 endfacet
 facet normal -0.060167321851728905 0.03866624622001268 -0.9974391283604447
  outer loop
   vertex 3.5442843437194824 36.34114456176758 0.04071423411369324
   vertex 4 36 0
   vertex 3.500373125076294 36.2728157043457 0.04071423411369324
  endloop
 endfacet
 facet normal -0.19287614931672253 0.08808619978250355 -0.9772612815581256
  outer loop
   vertex 2.9749081134796143 36.468143463134766 0.16202810406684875
   vertex 3.500373125076294 36.2728157043457 0.04071423411369324
   vertex 3.466632604598999 36.198936462402344 0.04071423411369324
  endloop
 endfacet
 facet normal -0.20014676241625592 0.07465117701999131 -0.9769178446849154
  outer loop
   vertex 2.9749081134796143 36.468143463134766 0.16202810406684875
   vertex 3.466632604598999 36.198936462402344 0.04071423411369324
   vertex 2.9187183380126953 36.3174934387207 0.16202810406684875
  endloop
 endfacet
 facet normal -0.3398754689504926 0.0739343847883737 -0.9375597966805357
  outer loop
   vertex 2.376314163208008 36.35321044921875 0.3614720106124878
   vertex 2.9187183380126953 36.3174934387207 0.16202810406684875
   vertex 2.884540319442749 36.160377502441406 0.16202810406684875
  endloop
 endfacet
 facet normal -0.3483268782331347 0.050082216250992365 -0.936034271549791
  outer loop
   vertex 2.376314163208008 36.35321044921875 0.3614720106124878
   vertex 2.884540319442749 36.160377502441406 0.16202810406684875
   vertex 2.342573642730713 36.1185417175293 0.3614720106124878
  endloop
 endfacet
 facet normal -0.05405136026724639 0.04683621244274645 -0.9974391308031173
  outer loop
   vertex 3.597472906112671 36.40252685546875 0.04071423411369324
   vertex 4 36 0
   vertex 3.5442843437194824 36.34114456176758 0.04071423411369324
  endloop
 endfacet
 facet normal -0.18748546554832354 0.10237479795216853 -0.9769179090140485
  outer loop
   vertex 3.0519659519195557 36.6092643737793 0.16202810406684875
   vertex 3.500373125076294 36.2728157043457 0.04071423411369324
   vertex 2.9749081134796143 36.468143463134766 0.16202810406684875
  endloop
 endfacet
 facet normal -0.17837949121447905 0.11463474051407264 -0.9772612922761932
  outer loop
   vertex 3.0519659519195557 36.6092643737793 0.16202810406684875
   vertex 3.5442843437194824 36.34114456176758 0.04071423411369324
   vertex 3.500373125076294 36.2728157043457 0.04071423411369324
  endloop
 endfacet
 facet normal -0.3258932429976563 0.12155237426244343 -0.9375599258072166
  outer loop
   vertex 2.443108081817627 36.580692291259766 0.3614720106124878
   vertex 2.9749081134796143 36.468143463134766 0.16202810406684875
   vertex 2.9187183380126953 36.3174934387207 0.16202810406684875
  endloop
 endfacet
 facet normal -0.33765452433436877 0.09914316067694351 -0.9360342172631924
  outer loop
   vertex 2.443108081817627 36.580692291259766 0.3614720106124878
   vertex 2.9187183380126953 36.3174934387207 0.16202810406684875
   vertex 2.376314163208008 36.35321044921875 0.3614720106124878
  endloop
 endfacet
 facet normal -0.5445157365288003 0.021283853123046426 -0.8384805366069834
  outer loop
   vertex 1.8594485521316528 36.30776596069336 0.6349858641624451
   vertex 2 36 0.5358983874320984
   vertex 1.6488590240478516 36 0.7639320492744446
  endloop
 endfacet
 facet normal -0.4712495915299252 0.06791161117124879 -0.8793815073965359
  outer loop
   vertex 1.8594485521316528 36.30776596069336 0.6349858641624451
   vertex 2.342573642730713 36.1185417175293 0.3614720106124878
   vertex 2 36 0.5358983874320984
  endloop
 endfacet
 facet normal -0.47129919550812066 0.06776309754815561 -0.8793663803694552
  outer loop
   vertex 1.8594485521316528 36.30776596069336 0.6349858641624451
   vertex 2.376314163208008 36.35321044921875 0.3614720106124878
   vertex 2.342573642730713 36.1185417175293 0.3614720106124878
  endloop
 endfacet
 facet normal -0.046835906904541064 0.054051669833560446 -0.9974391283745754
  outer loop
   vertex 3.658855676651001 36.45571517944336 0.04071423411369324
   vertex 4 36 0
   vertex 3.597472906112671 36.40252685546875 0.04071423411369324
  endloop
 endfacet
 facet normal -0.16024727126827154 0.13885636186364828 -0.9772613380365891
  outer loop
   vertex 3.1483230590820312 36.73798370361328 0.16202810406684875
   vertex 3.597472906112671 36.40252685546875 0.04071423411369324
   vertex 3.5442843437194824 36.34114456176758 0.04071423411369324
  endloop
 endfacet
 facet normal -0.1710084302030494 0.1280140104521542 -0.9769178726625101
  outer loop
   vertex 3.1483230590820312 36.73798370361328 0.16202810406684875
   vertex 3.5442843437194824 36.34114456176758 0.04071423411369324
   vertex 3.0519659519195557 36.6092643737793 0.16202810406684875
  endloop
 endfacet
 facet normal -0.30527794440415246 0.16669435033924368 -0.9375597955465841
  outer loop
   vertex 2.541595935821533 36.796348571777344 0.3614720106124878
   vertex 3.0519659519195557 36.6092643737793 0.16202810406684875
   vertex 2.9749081134796143 36.468143463134766 0.16202810406684875
  endloop
 endfacet
 facet normal -0.32010697246474357 0.1461893374682884 -0.9360342962680579
  outer loop
   vertex 2.541595935821533 36.796348571777344 0.3614720106124878
   vertex 2.9749081134796143 36.468143463134766 0.16202810406684875
   vertex 2.443108081817627 36.580692291259766 0.3614720106124878
  endloop
 endfacet
 facet normal -0.45685909970341 0.13414437498774706 -0.8793662773141441
  outer loop
   vertex 1.9250357151031494 36.6092643737793 0.6349858641624451
   vertex 2.443108081817627 36.580692291259766 0.3614720106124878
   vertex 2.376314163208008 36.35321044921875 0.3614720106124878
  endloop
 endfacet
 facet normal -0.4722932498130872 0.10274141753774126 -0.8754331997950091
  outer loop
   vertex 1.9250357151031494 36.6092643737793 0.6349858641624451
   vertex 2.376314163208008 36.35321044921875 0.3614720106124878
   vertex 1.8594485521316528 36.30776596069336 0.6349858641624451
  endloop
 endfacet
 facet normal -0.03866668705192591 0.06016707483854161 -0.997439126171518
  outer loop
   vertex 3.7271831035614014 36.49962615966797 0.04071423411369324
   vertex 4 36 0
   vertex 3.658855676651001 36.45571517944336 0.04071423411369324
  endloop
 endfacet
 facet normal -0.6293123533314688 0.005022145429790023 -0.777136242881318
  outer loop
   vertex 1.3872311115264893 36.18687057495117 0.9770017266273499
   vertex 1.6488590240478516 36 0.7639320492744446
   vertex 1.3234776258468628 36 1.0274206399917603
  endloop
 endfacet
 facet normal -0.7062083743399558 0.0503930950055027 -0.7062083743399558
  outer loop
   vertex 1.3872311115264893 36.18687057495117 0.9770017266273499
   vertex 1.3234776258468628 36 1.0274206399917603
   vertex 1.0274206399917603 36 1.3234776258468628
  endloop
 endfacet
 facet normal -0.5973533564966261 0.07417182733202293 -0.7985408615170818
  outer loop
   vertex 1.3872311115264893 36.18687057495117 0.9770017266273499
   vertex 1.8594485521316528 36.30776596069336 0.6349858641624451
   vertex 1.6488590240478516 36 0.7639320492744446
  endloop
 endfacet
 facet normal -0.15104772251670098 0.15104962302991878 -0.9769179069425624
  outer loop
   vertex 3.2620177268981934 36.85167694091797 0.16202810406684875
   vertex 3.597472906112671 36.40252685546875 0.04071423411369324
   vertex 3.1483230590820312 36.73798370361328 0.16202810406684875
  endloop
 endfacet
 facet normal -0.13885554835437477 0.16024829559734552 -0.9772612856597522
  outer loop
   vertex 3.2620177268981934 36.85167694091797 0.16202810406684875
   vertex 3.658855676651001 36.45571517944336 0.04071423411369324
   vertex 3.597472906112671 36.40252685546875 0.04071423411369324
  endloop
 endfacet
 facet normal -0.2960449724706863 0.19025577822554535 -0.9360342478385194
  outer loop
   vertex 2.6697726249694824 36.99579620361328 0.3614720106124878
   vertex 3.0519659519195557 36.6092643737793 0.16202810406684875
   vertex 2.541595935821533 36.796348571777344 0.3614720106124878
  endloop
 endfacet
 facet normal -0.2784485485646552 0.20844186081363905 -0.9375598095389887
  outer loop
   vertex 2.6697726249694824 36.99579620361328 0.3614720106124878
   vertex 3.1483230590820312 36.73798370361328 0.16202810406684875
   vertex 3.0519659519195557 36.6092643737793 0.16202810406684875
  endloop
 endfacet
 facet normal -0.4528651250611612 0.16890977298054186 -0.8754328455655528
  outer loop
   vertex 2.032863140106201 36.89836120605469 0.6349858641624451
   vertex 2.443108081817627 36.580692291259766 0.3614720106124878
   vertex 1.9250357151031494 36.6092643737793 0.6349858641624451
  endloop
 endfacet
 facet normal -0.43311691578181066 0.1977997369970599 -0.8793662498115024
  outer loop
   vertex 2.032863140106201 36.89836120605469 0.6349858641624451
   vertex 2.541595935821533 36.796348571777344 0.3614720106124878
   vertex 2.443108081817627 36.580692291259766 0.3614720106124878
  endloop
 endfacet
 facet normal -0.029711150545494256 0.06505717447030639 -0.9974391267557149
  outer loop
   vertex 3.8010642528533936 36.53336715698242 0.04071423411369324
   vertex 4 36 0
   vertex 3.7271831035614014 36.49962615966797 0.04071423411369324
  endloop
 endfacet
 facet normal -0.5987685583670297 0.08609073184665061 -0.796281733685495
  outer loop
   vertex 1.4404195547103882 36.556800842285156 0.9770017266273499
   vertex 1.8594485521316528 36.30776596069336 0.6349858641624451
   vertex 1.3872311115264893 36.18687057495117 0.9770017266273499
  endloop
 endfacet
 facet normal -0.5810819060583666 0.1264070125024998 -0.8039683362183914
  outer loop
   vertex 1.4404195547103882 36.556800842285156 0.9770017266273499
   vertex 1.9250357151031494 36.6092643737793 0.6349858641624451
   vertex 1.8594485521316528 36.30776596069336 0.6349858641624451
  endloop
 endfacet
 facet normal -0.12801362720651807 0.17100897967929599 -0.9769178266970445
  outer loop
   vertex 3.390735626220703 36.94803237915039 0.16202810406684875
   vertex 3.658855676651001 36.45571517944336 0.04071423411369324
   vertex 3.2620177268981934 36.85167694091797 0.16202810406684875
  endloop
 endfacet
 facet normal -0.11463622573465754 0.17837903629350493 -0.9772612010922735
  outer loop
   vertex 3.390735626220703 36.94803237915039 0.16202810406684875
   vertex 3.7271831035614014 36.49962615966797 0.04071423411369324
   vertex 3.658855676651001 36.45571517944336 0.04071423411369324
  endloop
 endfacet
 facet normal -0.24594693249383542 0.2459500270482471 -0.9375599663977976
  outer loop
   vertex 2.825028896331787 37.17497253417969 0.3614720106124878
   vertex 3.2620177268981934 36.85167694091797 0.16202810406684875
   vertex 3.1483230590820312 36.73798370361328 0.16202810406684875
  endloop
 endfacet
 facet normal -0.265955784374896 0.2304506588496078 -0.93603419520513
  outer loop
   vertex 2.825028896331787 37.17497253417969 0.3614720106124878
   vertex 3.1483230590820312 36.73798370361328 0.16202810406684875
   vertex 2.6697726249694824 36.99579620361328 0.3614720106124878
  endloop
 endfacet
 facet normal -0.424216661325894 0.23163971009898374 -0.8754331893175916
  outer loop
   vertex 2.1807360649108887 37.16917037963867 0.6349858641624451
   vertex 2.541595935821533 36.796348571777344 0.3614720106124878
   vertex 2.032863140106201 36.89836120605469 0.6349858641624451
  endloop
 endfacet
 facet normal -0.40055976842231034 0.25742308619875953 -0.8793663779184254
  outer loop
   vertex 2.1807360649108887 37.16917037963867 0.6349858641624451
   vertex 2.6697726249694824 36.99579620361328 0.3614720106124878
   vertex 2.541595935821533 36.796348571777344 0.3614720106124878
  endloop
 endfacet
 facet normal -0.09499010649816593 0.05209932182462384 -0.994113947358592
  outer loop
   vertex 3.878995180130005 36.556251525878906 0.04071423411369324
   vertex 4 36.418113708496094 0.02191241830587387
   vertex 4 36 0
  endloop
 endfacet
 facet normal -0.020151072808984198 0.068622901366701 -0.9974391368262342
  outer loop
   vertex 3.878995180130005 36.556251525878906 0.04071423411369324
   vertex 4 36 0
   vertex 3.8010642528533936 36.53336715698242 0.04071423411369324
  endloop
 endfacet
 facet normal -0.5571775972612589 0.20781627079482598 -0.8039686080333622
  outer loop
   vertex 1.5457136631011963 36.915401458740234 0.9770017266273499
   vertex 2.032863140106201 36.89836120605469 0.6349858641624451
   vertex 1.9250357151031494 36.6092643737793 0.6349858641624451
  endloop
 endfacet
 facet normal -0.5804225275145518 0.17042656850044735 -0.796281655133899
  outer loop
   vertex 1.5457136631011963 36.915401458740234 0.9770017266273499
   vertex 1.9250357151031494 36.6092643737793 0.6349858641624451
   vertex 1.4404195547103882 36.556800842285156 0.9770017266273499
  endloop
 endfacet
 facet normal -0.08808511975767382 0.1928760380900789 -0.977261400858517
  outer loop
   vertex 3.5318562984466553 37.02509307861328 0.16202810406684875
   vertex 3.8010642528533936 36.53336715698242 0.04071423411369324
   vertex 3.7271831035614014 36.49962615966797 0.04071423411369324
  endloop
 endfacet
 facet normal -0.10237787599791165 0.1874838248626055 -0.9769179013208039
  outer loop
   vertex 3.5318562984466553 37.02509307861328 0.16202810406684875
   vertex 3.7271831035614014 36.49962615966797 0.04071423411369324
   vertex 3.390735626220703 36.94803237915039 0.16202810406684875
  endloop
 endfacet
 facet normal -0.7762522689398856 0.04794604307201634 -0.628596525538772
  outer loop
   vertex 1.0077714920043945 36.43021774291992 1.3805570602416992
   vertex 1.0274206399917603 36 1.3234776258468628
   vertex 0.7639320492744446 36 1.6488590240478516
  endloop
 endfacet
 facet normal -0.7085784667821158 0.06090819874605958 -0.7029983981050144
  outer loop
   vertex 1.0077714920043945 36.43021774291992 1.3805570602416992
   vertex 1.3872311115264893 36.18687057495117 0.9770017266273499
   vertex 1.0274206399917603 36 1.3234776258468628
  endloop
 endfacet
 facet normal -0.6941458083818794 0.09980403916808515 -0.7128820031895898
  outer loop
   vertex 1.0077714920043945 36.43021774291992 1.3805570602416992
   vertex 1.4404195547103882 36.556800842285156 0.9770017266273499
   vertex 1.3872311115264893 36.18687057495117 0.9770017266273499
  endloop
 endfacet
 facet normal -0.20844088539802452 0.27844897385698236 -0.9375599000877123
  outer loop
   vertex 3.004204273223877 37.33022689819336 0.3614720106124878
   vertex 3.390735626220703 36.94803237915039 0.16202810406684875
   vertex 3.2620177268981934 36.85167694091797 0.16202810406684875
  endloop
 endfacet
 facet normal -0.23044948638570834 0.26595628303312424 -0.9360343421796916
  outer loop
   vertex 3.004204273223877 37.33022689819336 0.3614720106124878
   vertex 3.2620177268981934 36.85167694091797 0.16202810406684875
   vertex 2.825028896331787 37.17497253417969 0.3614720106124878
  endloop
 endfacet
 facet normal -0.35984760030125856 0.3118079073549302 -0.879366552393463
  outer loop
   vertex 2.3656437397003174 37.41617965698242 0.6349858641624451
   vertex 2.825028896331787 37.17497253417969 0.3614720106124878
   vertex 2.6697726249694824 36.99579620361328 0.3614720106124878
  endloop
 endfacet
 facet normal -0.38693372852385094 0.2896531531460701 -0.8754332302369896
  outer loop
   vertex 2.3656437397003174 37.41617965698242 0.6349858641624451
   vertex 2.6697726249694824 36.99579620361328 0.3614720106124878
   vertex 2.1807360649108887 37.16917037963867 0.6349858641624451
  endloop
 endfacet
 facet normal 0.11852106397192153 0.15533209075244203 -0.9807266178591457
  outer loop
   vertex 3.9593894481658936 36.56781005859375 0.04071423411369324
   vertex 4 36.83164596557617 0.0874096006155014
   vertex 4 36.418113708496094 0.02191241830587387
  endloop
 endfacet
 facet normal -0.01725179357426234 0.11999319904402048 -0.9926248071661583
  outer loop
   vertex 3.9593894481658936 36.56781005859375 0.04071423411369324
   vertex 4 36.418113708496094 0.02191241830587387
   vertex 3.878995180130005 36.556251525878906 0.04071423411369324
  endloop
 endfacet
 facet normal -0.5219303080147486 0.28499537208778175 -0.8039691483285762
  outer loop
   vertex 1.700969934463501 37.255367279052734 0.9770017266273499
   vertex 2.1807360649108887 37.16917037963867 0.6349858641624451
   vertex 2.032863140106201 36.89836120605469 0.6349858641624451
  endloop
 endfacet
 facet normal -0.5502602063565384 0.2512939325472165 -0.7962820258962368
  outer loop
   vertex 1.700969934463501 37.255367279052734 0.9770017266273499
   vertex 2.032863140106201 36.89836120605469 0.6349858641624451
   vertex 1.5457136631011963 36.915401458740234 0.9770017266273499
  endloop
 endfacet
 facet normal -0.05974273859155799 0.2034492206249812 -0.9772610806804232
  outer loop
   vertex 3.682507038116455 37.08127975463867 0.16202810406684875
   vertex 3.878995180130005 36.556251525878906 0.04071423411369324
   vertex 3.8010642528533936 36.53336715698242 0.04071423411369324
  endloop
 endfacet
 facet normal -0.07464723856997607 0.20014819349329396 -0.9769178524396245
  outer loop
   vertex 3.682507038116455 37.08127975463867 0.16202810406684875
   vertex 3.8010642528533936 36.53336715698242 0.04071423411369324
   vertex 3.5318562984466553 37.02509307861328 0.16202810406684875
  endloop
 endfacet
 facet normal -0.6728771908686173 0.19757356964247727 -0.7128821575740886
  outer loop
   vertex 1.099454402923584 36.85167694091797 1.3805570602416992
   vertex 1.5457136631011963 36.915401458740234 0.9770017266273499
   vertex 1.4404195547103882 36.556800842285156 0.9770017266273499
  endloop
 endfacet
 facet normal -0.6975716542079583 0.15174754789144795 -0.7002617146142616
  outer loop
   vertex 1.099454402923584 36.85167694091797 1.3805570602416992
   vertex 1.4404195547103882 36.556800842285156 0.9770017266273499
   vertex 1.0077714920043945 36.43021774291992 1.3805570602416992
  endloop
 endfacet
 facet normal -0.16669914813054273 0.30527488081008564 -0.9375599400352703
  outer loop
   vertex 3.203651189804077 37.458404541015625 0.3614720106124878
   vertex 3.5318562984466553 37.02509307861328 0.16202810406684875
   vertex 3.390735626220703 36.94803237915039 0.16202810406684875
  endloop
 endfacet
 facet normal -0.19025684197655685 0.2960433633744361 -0.9360345405395355
  outer loop
   vertex 3.203651189804077 37.458404541015625 0.3614720106124878
   vertex 3.390735626220703 36.94803237915039 0.16202810406684875
   vertex 3.004204273223877 37.33022689819336 0.3614720106124878
  endloop
 endfacet
 facet normal -0.8386481357940467 0.007305802147633838 -0.5446245767353418
  outer loop
   vertex 0.6435595154762268 36.24005889892578 1.8374366760253906
   vertex 0.7639320492744446 36 1.6488590240478516
   vertex 0.5358983874320984 36 2
  endloop
 endfacet
 facet normal -0.794688651731664 0.07473314671911821 -0.6023992891682132
  outer loop
   vertex 0.6435595154762268 36.24005889892578 1.8374366760253906
   vertex 1.0077714920043945 36.43021774291992 1.3805570602416992
   vertex 0.7639320492744446 36 1.6488590240478516
  endloop
 endfacet
 facet normal -0.3118067074367606 0.35984872101594106 -0.879366519251579
  outer loop
   vertex 2.583822250366211 37.63435745239258 0.6349858641624451
   vertex 3.004204273223877 37.33022689819336 0.3614720106124878
   vertex 2.825028896331787 37.17497253417969 0.3614720106124878
  endloop
 endfacet
 facet normal -0.3417719712005044 0.34177309163699426 -0.8754330777018953
  outer loop
   vertex 2.583822250366211 37.63435745239258 0.6349858641624451
   vertex 2.825028896331787 37.17497253417969 0.3614720106124878
   vertex 2.3656437397003174 37.41617965698242 0.6349858641624451
  endloop
 endfacet
 facet normal -0.4760603321812112 0.3563720765054824 -0.8039685959107389
  outer loop
   vertex 1.903027892112732 37.56977462768555 0.9770017266273499
   vertex 2.3656437397003174 37.41617965698242 0.6349858641624451
   vertex 2.1807360649108887 37.16917037963867 0.6349858641624451
  endloop
 endfacet
 facet normal -0.5088950863355842 0.32704802304982117 -0.7962822249194704
  outer loop
   vertex 1.903027892112732 37.56977462768555 0.9770017266273499
   vertex 2.1807360649108887 37.16917037963867 0.6349858641624451
   vertex 1.700969934463501 37.255367279052734 0.9770017266273499
  endloop
 endfacet
 facet normal 0.008604969208642446 0.2588085196955214 -0.9658903170846737
  outer loop
   vertex 3.839621067047119 37.11545944213867 0.16202810406684875
   vertex 4 37.23606872558594 0.1957739293575287
   vertex 4 36.83164596557617 0.0874096006155014
  endloop
 endfacet
 facet normal -0.11649188068455982 0.1904502184154122 -0.9747606660304344
  outer loop
   vertex 3.839621067047119 37.11545944213867 0.16202810406684875
   vertex 4 36.83164596557617 0.0874096006155014
   vertex 3.9593894481658936 36.56781005859375 0.04071423411369324
  endloop
 endfacet
 facet normal -0.030175264256962077 0.20988116247770416 -0.9772611478330807
  outer loop
   vertex 3.839621067047119 37.11545944213867 0.16202810406684875
   vertex 3.9593894481658936 36.56781005859375 0.04071423411369324
   vertex 3.878995180130005 36.556251525878906 0.04071423411369324
  endloop
 endfacet
 facet normal -0.04540945745567555 0.20873399771185058 -0.9769176522987034
  outer loop
   vertex 3.839621067047119 37.11545944213867 0.16202810406684875
   vertex 3.878995180130005 36.556251525878906 0.04071423411369324
   vertex 3.682507038116455 37.08127975463867 0.16202810406684875
  endloop
 endfacet
 facet normal -0.6688758289649807 0.24947806283311616 -0.7002612523847408
  outer loop
   vertex 1.2501840591430664 37.25579833984375 1.3805570602416992
   vertex 1.5457136631011963 36.915401458740234 0.9770017266273499
   vertex 1.099454402923584 36.85167694091797 1.3805570602416992
  endloop
 endfacet
 facet normal -0.6379115576106045 0.2913227270979892 -0.712881416045476
  outer loop
   vertex 1.2501840591430664 37.25579833984375 1.3805570602416992
   vertex 1.700969934463501 37.255367279052734 0.9770017266273499
   vertex 1.5457136631011963 36.915401458740234 0.9770017266273499
  endloop
 endfacet
 facet normal -0.14618852038783423 0.3201080144606719 -0.9360340675343296
  outer loop
   vertex 3.419309377670288 37.55689239501953 0.3614720106124878
   vertex 3.5318562984466553 37.02509307861328 0.16202810406684875
   vertex 3.203651189804077 37.458404541015625 0.3614720106124878
  endloop
 endfacet
 facet normal -0.12154593384070818 0.32589549929389927 -0.9375599764851156
  outer loop
   vertex 3.419309377670288 37.55689239501953 0.3614720106124878
   vertex 3.682507038116455 37.08127975463867 0.16202810406684875
   vertex 3.5318562984466553 37.02509307861328 0.16202810406684875
  endloop
 endfacet
 facet normal -0.79953235345611 0.11495557950172837 -0.5895194912115763
  outer loop
   vertex 0.711887001991272 36.71528625488281 1.8374366760253906
   vertex 1.0077714920043945 36.43021774291992 1.3805570602416992
   vertex 0.6435595154762268 36.24005889892578 1.8374366760253906
  endloop
 endfacet
 facet normal -0.7759257062745262 0.16879244241480815 -0.6078226795094283
  outer loop
   vertex 0.711887001991272 36.71528625488281 1.8374366760253906
   vertex 1.099454402923584 36.85167694091797 1.3805570602416992
   vertex 1.0077714920043945 36.43021774291992 1.3805570602416992
  endloop
 endfacet
 facet normal -0.28965244546749364 0.386934034684851 -0.8754333290646427
  outer loop
   vertex 2.8308300971984863 37.81926345825195 0.6349858641624451
   vertex 3.004204273223877 37.33022689819336 0.3614720106124878
   vertex 2.583822250366211 37.63435745239258 0.6349858641624451
  endloop
 endfacet
 facet normal -0.2574253292852623 0.4005588419720072 -0.8793661432875491
  outer loop
   vertex 2.8308300971984863 37.81926345825195 0.6349858641624451
   vertex 3.203651189804077 37.458404541015625 0.3614720106124878
   vertex 3.004204273223877 37.33022689819336 0.3614720106124878
  endloop
 endfacet
 facet normal -0.45717248180514386 0.3961431769870998 -0.7962812977878437
  outer loop
   vertex 2.1477742195129395 37.85222625732422 0.9770017266273499
   vertex 2.3656437397003174 37.41617965698242 0.6349858641624451
   vertex 1.903027892112732 37.56977462768555 0.9770017266273499
  endloop
 endfacet
 facet normal -0.4204962037927155 0.4204975823121094 -0.8039681124681415
  outer loop
   vertex 2.1477742195129395 37.85222625732422 0.9770017266273499
   vertex 2.583822250366211 37.63435745239258 0.6349858641624451
   vertex 2.3656437397003174 37.41617965698242 0.6349858641624451
  endloop
 endfacet
 facet normal -0.589957253617856 0.3791436755048311 -0.7128818360909219
  outer loop
   vertex 1.4568920135498047 37.63435745239258 1.3805570602416992
   vertex 1.903027892112732 37.56977462768555 0.9770017266273499
   vertex 1.700969934463501 37.255367279052734 0.9770017266273499
  endloop
 endfacet
 facet normal -0.6265645262993175 0.34212852693766127 -0.7002606410750056
  outer loop
   vertex 1.4568920135498047 37.63435745239258 1.3805570602416992
   vertex 1.700969934463501 37.255367279052734 0.9770017266273499
   vertex 1.2501840591430664 37.25579833984375 1.3805570602416992
  endloop
 endfacet
 facet normal -0.0739383307627328 0.33987288615617123 -0.9375604217861883
  outer loop
   vertex 3.6467888355255127 37.623687744140625 0.3614720106124878
   vertex 3.839621067047119 37.11545944213867 0.16202810406684875
   vertex 3.682507038116455 37.08127975463867 0.16202810406684875
  endloop
 endfacet
 facet normal -0.09914558514948617 0.3376520110353278 -0.9360348670798353
  outer loop
   vertex 3.6467888355255127 37.623687744140625 0.3614720106124878
   vertex 3.682507038116455 37.08127975463867 0.16202810406684875
   vertex 3.419309377670288 37.55689239501953 0.3614720106124878
  endloop
 endfacet
 facet normal -0.74400595608287 0.27750018257809217 -0.6078229890209322
  outer loop
   vertex 0.8471509218215942 37.17595291137695 1.8374366760253906
   vertex 1.2501840591430664 37.25579833984375 1.3805570602416992
   vertex 1.099454402923584 36.85167694091797 1.3805570602416992
  endloop
 endfacet
 facet normal -0.77503430779286 0.22757058058612964 -0.5895196795661145
  outer loop
   vertex 0.8471509218215942 37.17595291137695 1.8374366760253906
   vertex 1.099454402923584 36.85167694091797 1.3805570602416992
   vertex 0.711887001991272 36.71528625488281 1.8374366760253906
  endloop
 endfacet
 facet normal -0.19779846219311178 0.4331179550079125 -0.8793660247040501
  outer loop
   vertex 3.1016387939453125 37.96713638305664 0.6349858641624451
   vertex 3.419309377670288 37.55689239501953 0.3614720106124878
   vertex 3.203651189804077 37.458404541015625 0.3614720106124878
  endloop
 endfacet
 facet normal -0.23164040612815517 0.4242171890515194 -0.8754327494228272
  outer loop
   vertex 3.1016387939453125 37.96713638305664 0.6349858641624451
   vertex 3.203651189804077 37.458404541015625 0.3614720106124878
   vertex 2.8308300971984863 37.81926345825195 0.6349858641624451
  endloop
 endfacet
 facet normal -0.889394852674154 0.060118398912520264 -0.45316947618845105
  outer loop
   vertex 0.3985069990158081 36.51781463623047 2.3383400440216064
   vertex 0.5358983874320984 36 2
   vertex 0.3458181619644165 36 2.3730533123016357
  endloop
 endfacet
 facet normal -0.9312382161977913 0.07079164326072093 -0.3574687789684612
  outer loop
   vertex 0.3985069990158081 36.51781463623047 2.3383400440216064
   vertex 0.3458181619644165 36 2.3730533123016357
   vertex 0.1957739293575287 36 2.7639319896698
  endloop
 endfacet
 facet normal -0.8624620331641308 0.12400351579526678 -0.49069580130749696
  outer loop
   vertex 0.3985069990158081 36.51781463623047 2.3383400440216064
   vertex 0.711887001991272 36.71528625488281 1.8374366760253906
   vertex 0.6435595154762268 36.24005889892578 1.8374366760253906
  endloop
 endfacet
 facet normal -0.8787323536765488 0.07486405224745356 -0.47140728068535753
  outer loop
   vertex 0.3985069990158081 36.51781463623047 2.3383400440216064
   vertex 0.6435595154762268 36.24005889892578 1.8374366760253906
   vertex 0.5358983874320984 36 2
  endloop
 endfacet
 facet normal -0.396143256562151 0.45717178671017966 -0.7962816572774711
  outer loop
   vertex 2.4302263259887695 38.09697341918945 0.9770017266273499
   vertex 2.583822250366211 37.63435745239258 0.6349858641624451
   vertex 2.1477742195129395 37.85222625732422 0.9770017266273499
  endloop
 endfacet
 facet normal -0.35637088629433394 0.4760602820236085 -0.8039691531902161
  outer loop
   vertex 2.4302263259887695 38.09697341918945 0.9770017266273499
   vertex 2.8308300971984863 37.81926345825195 0.6349858641624451
   vertex 2.583822250366211 37.63435745239258 0.6349858641624451
  endloop
 endfacet
 facet normal -0.571495842953024 0.4278154884160368 -0.7002616720617805
  outer loop
   vertex 1.7153702974319458 37.979644775390625 1.3805570602416992
   vertex 1.903027892112732 37.56977462768555 0.9770017266273499
   vertex 1.4568920135498047 37.63435745239258 1.3805570602416992
  endloop
 endfacet
 facet normal -0.5299939983599309 0.4592435342245406 -0.7128826958030379
  outer loop
   vertex 1.7153702974319458 37.979644775390625 1.3805570602416992
   vertex 2.1477742195129395 37.85222625732422 0.9770017266273499
   vertex 1.903027892112732 37.56977462768555 0.9770017266273499
  endloop
 endfacet
 facet normal -0.03112357119393096 0.35819578943358044 -0.9331275902834458
  outer loop
   vertex 3.8814585208892822 37.65742492675781 0.3614720106124878
   vertex 4 37.62694549560547 0.3458181619644165
   vertex 4 37.23606872558594 0.1957739293575287
  endloop
 endfacet
 facet normal -0.0009308835807129059 0.45398928183385007 -0.8910066584688041
  outer loop
   vertex 3.8814585208892822 37.65742492675781 0.3614720106124878
   vertex 4 38 0.5358983874320984
   vertex 4 37.62694549560547 0.3458181619644165
  endloop
 endfacet
 facet normal -0.0500771376938889 0.3483274308909302 -0.9360343376016242
  outer loop
   vertex 3.8814585208892822 37.65742492675781 0.3614720106124878
   vertex 3.839621067047119 37.11545944213867 0.16202810406684875
   vertex 3.6467888355255127 37.623687744140625 0.3614720106124878
  endloop
 endfacet
 facet normal -0.06582882640961046 0.34908090018024424 -0.9347775621734211
  outer loop
   vertex 3.8814585208892822 37.65742492675781 0.3614720106124878
   vertex 4 37.23606872558594 0.1957739293575287
   vertex 3.839621067047119 37.11545944213867 0.16202810406684875
  endloop
 endfacet
 facet normal -0.7347583458302267 0.33555459305758595 -0.5895195402281309
  outer loop
   vertex 1.0465978384017944 37.61267852783203 1.8374366760253906
   vertex 1.2501840591430664 37.25579833984375 1.3805570602416992
   vertex 0.8471509218215942 37.17595291137695 1.8374366760253906
  endloop
 endfacet
 facet normal -0.6969424168577026 0.3805575841457576 -0.6078216784005724
  outer loop
   vertex 1.0465978384017944 37.61267852783203 1.8374366760253906
   vertex 1.4568920135498047 37.63435745239258 1.3805570602416992
   vertex 1.2501840591430664 37.25579833984375 1.3805570602416992
  endloop
 endfacet
 facet normal -0.16890836065755116 0.45286634516495133 -0.8754324868982861
  outer loop
   vertex 3.390735626220703 38.0749626159668 0.6349858641624451
   vertex 3.419309377670288 37.55689239501953 0.3614720106124878
   vertex 3.1016387939453125 37.96713638305664 0.6349858641624451
  endloop
 endfacet
 facet normal -0.13414885042624625 0.45685976895698605 -0.8793652468899859
  outer loop
   vertex 3.390735626220703 38.0749626159668 0.6349858641624451
   vertex 3.6467888355255127 37.623687744140625 0.3614720106124878
   vertex 3.419309377670288 37.55689239501953 0.3614720106124878
  endloop
 endfacet
 facet normal -0.8360355467731635 0.24548215847582883 -0.4906965196552201
  outer loop
   vertex 0.5088579654693604 37.02509307861328 2.3383400440216064
   vertex 0.8471509218215942 37.17595291137695 1.8374366760253906
   vertex 0.711887001991272 36.71528625488281 1.8374366760253906
  endloop
 endfacet
 facet normal -0.8642613762408095 0.18800735487332004 -0.4665892283924689
  outer loop
   vertex 0.5088579654693604 37.02509307861328 2.3383400440216064
   vertex 0.711887001991272 36.71528625488281 1.8374366760253906
   vertex 0.3985069990158081 36.51781463623047 2.3383400440216064
  endloop
 endfacet
 facet normal -0.32704584449227736 0.5088959421634689 -0.7962825727402858
  outer loop
   vertex 2.7446346282958984 38.29903030395508 0.9770017266273499
   vertex 2.8308300971984863 37.81926345825195 0.6349858641624451
   vertex 2.4302263259887695 38.09697341918945 0.9770017266273499
  endloop
 endfacet
 facet normal -0.2849958271976072 0.5219302224772194 -0.8039690425288972
  outer loop
   vertex 2.7446346282958984 38.29903030395508 0.9770017266273499
   vertex 3.1016387939453125 37.96713638305664 0.6349858641624451
   vertex 2.8308300971984863 37.81926345825195 0.6349858641624451
  endloop
 endfacet
 facet normal -0.9657585543748602 0.018610872614380897 -0.25877412944943257
  outer loop
   vertex 0.17180681228637695 36.27379608154297 2.8730697631835938
   vertex 0.1957739293575287 36 2.7639319896698
   vertex 0.0874096006155014 36 3.168353319168091
  endloop
 endfacet
 facet normal -0.9289541242043503 0.06402248444820142 -0.36461672562954195
  outer loop
   vertex 0.17180681228637695 36.27379608154297 2.8730697631835938
   vertex 0.3985069990158081 36.51781463623047 2.3383400440216064
   vertex 0.1957739293575287 36 2.7639319896698
  endloop
 endfacet
 facet normal -0.4592447630126913 0.5299945041746923 -0.7128815281588093
  outer loop
   vertex 2.020357131958008 38.284629821777344 1.3805570602416992
   vertex 2.4302263259887695 38.09697341918945 0.9770017266273499
   vertex 2.1477742195129395 37.85222625732422 0.9770017266273499
  endloop
 endfacet
 facet normal -0.5047922287862937 0.5047951884030197 -0.7002618249784333
  outer loop
   vertex 2.020357131958008 38.284629821777344 1.3805570602416992
   vertex 2.1477742195129395 37.85222625732422 0.9770017266273499
   vertex 1.7153702974319458 37.979644775390625 1.3805570602416992
  endloop
 endfacet
 facet normal -0.679527672953984 0.43670366875743016 -0.5895184877368512
  outer loop
   vertex 1.3061673641204834 38.016578674316406 1.8374366760253906
   vertex 1.4568920135498047 37.63435745239258 1.3805570602416992
   vertex 1.0465978384017944 37.61267852783203 1.8374366760253906
  endloop
 endfacet
 facet normal -0.6356889168075801 0.47586971590106686 -0.6078220253793405
  outer loop
   vertex 1.3061673641204834 38.016578674316406 1.8374366760253906
   vertex 1.7153702974319458 37.979644775390625 1.3805570602416992
   vertex 1.4568920135498047 37.63435745239258 1.3805570602416992
  endloop
 endfacet
 facet normal -0.021283422596617668 0.5445136611511691 -0.8384818952978791
  outer loop
   vertex 3.692235231399536 38.14055252075195 0.6349858641624451
   vertex 4 38.35114288330078 0.7639320492744446
   vertex 4 38 0.5358983874320984
  endloop
 endfacet
 facet normal -0.06791128510246658 0.4712479298318345 -0.8793824230588999
  outer loop
   vertex 3.692235231399536 38.14055252075195 0.6349858641624451
   vertex 4 38 0.5358983874320984
   vertex 3.8814585208892822 37.65742492675781 0.3614720106124878
  endloop
 endfacet
 facet normal -0.06775619534707818 0.47129972955846283 -0.8793666259929408
  outer loop
   vertex 3.692235231399536 38.14055252075195 0.6349858641624451
   vertex 3.8814585208892822 37.65742492675781 0.3614720106124878
   vertex 3.6467888355255127 37.623687744140625 0.3614720106124878
  endloop
 endfacet
 facet normal -0.10274551742594158 0.47229422026584356 -0.8754321950627327
  outer loop
   vertex 3.692235231399536 38.14055252075195 0.6349858641624451
   vertex 3.6467888355255127 37.623687744140625 0.3614720106124878
   vertex 3.390735626220703 38.0749626159668 0.6349858641624451
  endloop
 endfacet
 facet normal -0.7925899472458582 0.36196553427250155 -0.49069555482358956
  outer loop
   vertex 0.6902785301208496 37.511497497558594 2.3383400440216064
   vertex 1.0465978384017944 37.61267852783203 1.8374366760253906
   vertex 0.8471509218215942 37.17595291137695 1.8374366760253906
  endloop
 endfacet
 facet normal -0.8287072857669671 0.3090937044540909 -0.46658902299946303
  outer loop
   vertex 0.6902785301208496 37.511497497558594 2.3383400440216064
   vertex 0.8471509218215942 37.17595291137695 1.8374366760253906
   vertex 0.5088579654693604 37.02509307861328 2.3383400440216064
  endloop
 endfacet
 facet normal -0.20781441608561896 0.5571787845131477 -0.8039682646444722
  outer loop
   vertex 3.0845985412597656 38.45428466796875 0.9770017266273499
   vertex 3.390735626220703 38.0749626159668 0.6349858641624451
   vertex 3.1016387939453125 37.96713638305664 0.6349858641624451
  endloop
 endfacet
 facet normal -0.25129276163328046 0.5502613152749979 -0.7962816291128088
  outer loop
   vertex 3.0845985412597656 38.45428466796875 0.9770017266273499
   vertex 3.1016387939453125 37.96713638305664 0.6349858641624451
   vertex 2.7446346282958984 38.29903030395508 0.9770017266273499
  endloop
 endfacet
 facet normal -0.9328778215849403 0.1341273616283459 -0.3342885293538432
  outer loop
   vertex 0.24973778426647186 36.815818786621094 2.8730697631835938
   vertex 0.3985069990158081 36.51781463623047 2.3383400440216064
   vertex 0.17180681228637695 36.27379608154297 2.8730697631835938
  endloop
 endfacet
 facet normal -0.91026572373557 0.1980149242532955 -0.36360198289492374
  outer loop
   vertex 0.24973778426647186 36.815818786621094 2.8730697631835938
   vertex 0.5088579654693604 37.02509307861328 2.3383400440216064
   vertex 0.3985069990158081 36.51781463623047 2.3383400440216064
  endloop
 endfacet
 facet normal -0.3791409288642067 0.5899579017939157 -0.7128827604668996
  outer loop
   vertex 2.3656437397003174 38.54310989379883 1.3805570602416992
   vertex 2.7446346282958984 38.29903030395508 0.9770017266273499
   vertex 2.4302263259887695 38.09697341918945 0.9770017266273499
  endloop
 endfacet
 facet normal -0.42781826880749424 0.5714944197108124 -0.7002611349446436
  outer loop
   vertex 2.3656437397003174 38.54310989379883 1.3805570602416992
   vertex 2.4302263259887695 38.09697341918945 0.9770017266273499
   vertex 2.020357131958008 38.284629821777344 1.3805570602416992
  endloop
 endfacet
 facet normal -0.5614928482365958 0.5614961402912877 -0.6078222320852882
  outer loop
   vertex 1.6205756664276123 38.379425048828125 1.8374366760253906
   vertex 2.020357131958008 38.284629821777344 1.3805570602416992
   vertex 1.7153702974319458 37.979644775390625 1.3805570602416992
  endloop
 endfacet
 facet normal -0.6104603158047409 0.5289670918617475 -0.5895184632858426
  outer loop
   vertex 1.6205756664276123 38.379425048828125 1.8374366760253906
   vertex 1.7153702974319458 37.979644775390625 1.3805570602416992
   vertex 1.3061673641204834 38.016578674316406 1.8374366760253906
  endloop
 endfacet
 facet normal -0.7330111319662269 0.4710752237331843 -0.4906962543145414
  outer loop
   vertex 0.9390754699707031 37.96713638305664 2.3383400440216064
   vertex 1.3061673641204834 38.016578674316406 1.8374366760253906
   vertex 1.0465978384017944 37.61267852783203 1.8374366760253906
  endloop
 endfacet
 facet normal -0.7762846466871351 0.423882268821439 -0.4665897228793397
  outer loop
   vertex 0.9390754699707031 37.96713638305664 2.3383400440216064
   vertex 1.0465978384017944 37.61267852783203 1.8374366760253906
   vertex 0.6902785301208496 37.511497497558594 2.3383400440216064
  endloop
 endfacet
 facet normal -0.17043143621750126 0.5804195901136868 -0.7962827544039239
  outer loop
   vertex 3.443197250366211 38.5595817565918 0.9770017266273499
   vertex 3.390735626220703 38.0749626159668 0.6349858641624451
   vertex 3.0845985412597656 38.45428466796875 0.9770017266273499
  endloop
 endfacet
 facet normal -0.12641120890981056 0.5810792026810848 -0.8039696303178839
  outer loop
   vertex 3.443197250366211 38.5595817565918 0.9770017266273499
   vertex 3.692235231399536 38.14055252075195 0.6349858641624451
   vertex 3.390735626220703 38.0749626159668 0.6349858641624451
  endloop
 endfacet
 facet normal -0.904294431640646 0.2655250858671315 -0.33428731606056145
  outer loop
   vertex 0.4040132761001587 37.34123229980469 2.8730697631835938
   vertex 0.5088579654693604 37.02509307861328 2.3383400440216064
   vertex 0.24973778426647186 36.815818786621094 2.8730697631835938
  endloop
 endfacet
 facet normal -0.872819168871281 0.32554668561322153 -0.36360150431082144
  outer loop
   vertex 0.4040132761001587 37.34123229980469 2.8730697631835938
   vertex 0.6902785301208496 37.511497497558594 2.3383400440216064
   vertex 0.5088579654693604 37.02509307861328 2.3383400440216064
  endloop
 endfacet
 facet normal -0.2913203557989843 0.6379106230774118 -0.712883221335824
  outer loop
   vertex 2.744201183319092 38.74981689453125 1.3805570602416992
   vertex 3.0845985412597656 38.45428466796875 0.9770017266273499
   vertex 2.7446346282958984 38.29903030395508 0.9770017266273499
  endloop
 endfacet
 facet normal -0.3421277147192016 0.6265631672673192 -0.700262253905608
  outer loop
   vertex 2.744201183319092 38.74981689453125 1.3805570602416992
   vertex 2.7446346282958984 38.29903030395508 0.9770017266273499
   vertex 2.3656437397003174 38.54310989379883 1.3805570602416992
  endloop
 endfacet
 facet normal -0.9858175573489001 0.061519056976419906 -0.1561382376337714
  outer loop
   vertex 0.08101405203342438 36.5634651184082 3.4307405948638916
   vertex 0.0874096006155014 36 3.168353319168091
   vertex 0.02191241830587387 36 3.581886053085327
  endloop
 endfacet
 facet normal -0.9857586761925056 0.1561290917999055 -0.06247830827523577
  outer loop
   vertex 0.08101405203342438 36.5634651184082 3.4307405948638916
   vertex 0.02191241830587387 36.418113708496094 4
   vertex 0.0874096006155014 36.83164596557617 4
  endloop
 endfacet
 facet normal -0.9758681917492437 0.08297883895808313 -0.20197966387047492
  outer loop
   vertex 0.08101405203342438 36.5634651184082 3.4307405948638916
   vertex 0.17180681228637695 36.27379608154297 2.8730697631835938
   vertex 0.0874096006155014 36 3.168353319168091
  endloop
 endfacet
 facet normal -0.993229328440895 0.08214471626437277 -0.08214466942348962
  outer loop
   vertex 0.08101405203342438 36.5634651184082 3.4307405948638916
   vertex 0.02191241830587387 36 3.581886053085327
   vertex 0.02191241830587387 36.418113708496094 4
  endloop
 endfacet
 facet normal -0.9635569270251245 0.13853834383265923 -0.22883438480701063
  outer loop
   vertex 0.08101405203342438 36.5634651184082 3.4307405948638916
   vertex 0.24973778426647186 36.815818786621094 2.8730697631835938
   vertex 0.17180681228637695 36.27379608154297 2.8730697631835938
  endloop
 endfacet
 facet normal -0.5289656176492503 0.6104606667039182 -0.5895194227100197
  outer loop
   vertex 1.9834221601486206 38.69383239746094 1.8374366760253906
   vertex 2.020357131958008 38.284629821777344 1.3805570602416992
   vertex 1.6205756664276123 38.379425048828125 1.8374366760253906
  endloop
 endfacet
 facet normal -0.4758727456520213 0.6356872496133783 -0.6078213969782448
  outer loop
   vertex 1.9834221601486206 38.69383239746094 1.8374366760253906
   vertex 2.3656437397003174 38.54310989379883 1.3805570602416992
   vertex 2.020357131958008 38.284629821777344 1.3805570602416992
  endloop
 endfacet
 facet normal -0.708058201033155 0.5300460195493985 -0.46658847082791355
  outer loop
   vertex 1.2501840591430664 38.382728576660156 2.3383400440216064
   vertex 1.3061673641204834 38.016578674316406 1.8374366760253906
   vertex 0.9390754699707031 37.96713638305664 2.3383400440216064
  endloop
 endfacet
 facet normal -0.6585081343027243 0.5706007806752046 -0.49069520697678726
  outer loop
   vertex 1.2501840591430664 38.382728576660156 2.3383400440216064
   vertex 1.6205756664276123 38.379425048828125 1.8374366760253906
   vertex 1.3061673641204834 38.016578674316406 1.8374366760253906
  endloop
 endfacet
 facet normal -0.005016510972005403 0.6293158523422637 -0.7771334458176395
  outer loop
   vertex 3.813131093978882 38.612770080566406 0.9770017266273499
   vertex 4 38.67652130126953 1.0274206399917603
   vertex 4 38.35114288330078 0.7639320492744446
  endloop
 endfacet
 facet normal -0.05038379289395515 0.706206715681638 -0.7062106967044418
  outer loop
   vertex 3.813131093978882 38.612770080566406 0.9770017266273499
   vertex 4 38.97257995605469 1.3234776258468628
   vertex 4 38.67652130126953 1.0274206399917603
  endloop
 endfacet
 facet normal -0.0741740417996699 0.5973535783557578 -0.798540489861768
  outer loop
   vertex 3.813131093978882 38.612770080566406 0.9770017266273499
   vertex 4 38.35114288330078 0.7639320492744446
   vertex 3.692235231399536 38.14055252075195 0.6349858641624451
  endloop
 endfacet
 facet normal -0.08608968330456368 0.5987683961513419 -0.7962819690278495
  outer loop
   vertex 3.813131093978882 38.612770080566406 0.9770017266273499
   vertex 3.692235231399536 38.14055252075195 0.6349858641624451
   vertex 3.443197250366211 38.5595817565918 0.9770017266273499
  endloop
 endfacet
 facet normal -0.8573018056037207 0.3915156785646643 -0.3342889282441924
  outer loop
   vertex 0.6314927339553833 37.8393440246582 2.8730697631835938
   vertex 0.6902785301208496 37.511497497558594 2.3383400440216064
   vertex 0.4040132761001587 37.34123229980469 2.8730697631835938
  endloop
 endfacet
 facet normal -0.8176060072807085 0.4464453739323557 -0.3636027295729467
  outer loop
   vertex 0.6314927339553833 37.8393440246582 2.8730697631835938
   vertex 0.9390754699707031 37.96713638305664 2.3383400440216064
   vertex 0.6902785301208496 37.511497497558594 2.3383400440216064
  endloop
 endfacet
 facet normal -0.2494776430797959 0.6688733767947967 -0.7002637441839151
  outer loop
   vertex 3.1483230590820312 38.90054702758789 1.3805570602416992
   vertex 3.0845985412597656 38.45428466796875 0.9770017266273499
   vertex 2.744201183319092 38.74981689453125 1.3805570602416992
  endloop
 endfacet
 facet normal -0.19757937316456564 0.6728743319439341 -0.712883247601528
  outer loop
   vertex 3.1483230590820312 38.90054702758789 1.3805570602416992
   vertex 3.443197250366211 38.5595817565918 0.9770017266273499
   vertex 3.0845985412597656 38.45428466796875 0.9770017266273499
  endloop
 endfacet
 facet normal -0.9582729442026026 0.20845961509942434 -0.19559538154536155
  outer loop
   vertex 0.20109312236309052 37.11545944213867 3.4307405948638916
   vertex 0.24973778426647186 36.815818786621094 2.8730697631835938
   vertex 0.08101405203342438 36.5634651184082 3.4307405948638916
  endloop
 endfacet
 facet normal -0.963962413553826 0.2582919415187772 -0.06373176760410017
  outer loop
   vertex 0.20109312236309052 37.11545944213867 3.4307405948638916
   vertex 0.0874096006155014 36.83164596557617 4
   vertex 0.1957739293575287 37.23606872558594 4
  endloop
 endfacet
 facet normal -0.9340330805010696 0.27425715035403786 -0.22883448168788945
  outer loop
   vertex 0.20109312236309052 37.11545944213867 3.4307405948638916
   vertex 0.4040132761001587 37.34123229980469 2.8730697631835938
   vertex 0.24973778426647186 36.815818786621094 2.8730697631835938
  endloop
 endfacet
 facet normal -0.9732857199579763 0.21172544606592766 -0.08881015039998451
  outer loop
   vertex 0.20109312236309052 37.11545944213867 3.4307405948638916
   vertex 0.08101405203342438 36.5634651184082 3.4307405948638916
   vertex 0.0874096006155014 36.83164596557617 4
  endloop
 endfacet
 facet normal -0.38055726752905733 0.6969419798840407 -0.6078223776779945
  outer loop
   vertex 2.3873202800750732 38.95340347290039 1.8374366760253906
   vertex 2.744201183319092 38.74981689453125 1.3805570602416992
   vertex 2.3656437397003174 38.54310989379883 1.3805570602416992
  endloop
 endfacet
 facet normal -0.4367072522255671 0.6795257824221514 -0.5895180123432685
  outer loop
   vertex 2.3873202800750732 38.95340347290039 1.8374366760253906
   vertex 2.3656437397003174 38.54310989379883 1.3805570602416992
   vertex 1.9834221601486206 38.69383239746094 1.8374366760253906
  endloop
 endfacet
 facet normal -0.625418953146848 0.625416515943196 -0.4665890211204872
  outer loop
   vertex 1.6172709465026855 38.74981689453125 2.3383400440216064
   vertex 1.6205756664276123 38.379425048828125 1.8374366760253906
   vertex 1.2501840591430664 38.382728576660156 2.3383400440216064
  endloop
 endfacet
 facet normal -0.5705990225564358 0.6585083190820494 -0.4906970034118547
  outer loop
   vertex 1.6172709465026855 38.74981689453125 2.3383400440216064
   vertex 1.9834221601486206 38.69383239746094 1.8374366760253906
   vertex 1.6205756664276123 38.379425048828125 1.8374366760253906
  endloop
 endfacet
 facet normal -0.7928568975776669 0.5095381408612397 -0.33428853251523394
  outer loop
   vertex 0.9275451898574829 38.300010681152344 2.8730697631835938
   vertex 0.9390754699707031 37.96713638305664 2.3383400440216064
   vertex 0.6314927339553833 37.8393440246582 2.8730697631835938
  endloop
 endfacet
 facet normal -0.7457474269746582 0.5582598360987194 -0.36360243475492254
  outer loop
   vertex 0.9275451898574829 38.300010681152344 2.8730697631835938
   vertex 1.2501840591430664 38.382728576660156 2.3383400440216064
   vertex 0.9390754699707031 37.96713638305664 2.3383400440216064
  endloop
 endfacet
 facet normal -0.06090759332232362 0.7085787851486187 -0.702998129665357
  outer loop
   vertex 3.5697824954986572 38.99222946166992 1.3805570602416992
   vertex 4 38.97257995605469 1.3234776258468628
   vertex 3.813131093978882 38.612770080566406 0.9770017266273499
  endloop
 endfacet
 facet normal -0.09980291747931154 0.6941462732404341 -0.7128817075848097
  outer loop
   vertex 3.5697824954986572 38.99222946166992 1.3805570602416992
   vertex 3.813131093978882 38.612770080566406 0.9770017266273499
   vertex 3.443197250366211 38.5595817565918 0.9770017266273499
  endloop
 endfacet
 facet normal -0.15174681523082142 0.6975723088675542 -0.7002612212371127
  outer loop
   vertex 3.5697824954986572 38.99222946166992 1.3805570602416992
   vertex 3.443197250366211 38.5595817565918 0.9770017266273499
   vertex 3.1483230590820312 38.90054702758789 1.3805570602416992
  endloop
 endfacet
 facet normal -0.047945469399541245 0.7762520817056421 -0.6285968005102434
  outer loop
   vertex 3.5697824954986572 38.99222946166992 1.3805570602416992
   vertex 4 39.23606872558594 1.6488590240478516
   vertex 4 38.97257995605469 1.3234776258468628
  endloop
 endfacet
 facet normal -0.9188519060090156 0.34271511408073957 -0.19559531028177687
  outer loop
   vertex 0.3985069990158081 37.644744873046875 3.4307405948638916
   vertex 0.4040132761001587 37.34123229980469 2.8730697631835938
   vertex 0.20109312236309052 37.11545944213867 3.4307405948638916
  endloop
 endfacet
 facet normal -0.9309510295339296 0.35736028215243115 -0.07499206191091891
  outer loop
   vertex 0.3985069990158081 37.644744873046875 3.4307405948638916
   vertex 0.1957739293575287 37.23606872558594 4
   vertex 0.3458181619644165 37.62694549560547 4
  endloop
 endfacet
 facet normal -0.8889376569367926 0.4529350758852153 -0.06811504321792375
  outer loop
   vertex 0.3985069990158081 37.644744873046875 3.4307405948638916
   vertex 0.3458181619644165 37.62694549560547 4
   vertex 0.5358983874320984 38 4
  endloop
 endfacet
 facet normal -0.9337542869825236 0.34827343219708723 -0.08251392589993399
  outer loop
   vertex 0.3985069990158081 37.644744873046875 3.4307405948638916
   vertex 0.20109312236309052 37.11545944213867 3.4307405948638916
   vertex 0.1957739293575287 37.23606872558594 4
  endloop
 endfacet
 facet normal -0.8854958389075229 0.4043914313138837 -0.22883332265509446
  outer loop
   vertex 0.3985069990158081 37.644744873046875 3.4307405948638916
   vertex 0.6314927339553833 37.8393440246582 2.8730697631835938
   vertex 0.4040132761001587 37.34123229980469 2.8730697631835938
  endloop
 endfacet
 facet normal -0.3355493453879427 0.7347618834658569 -0.5895181179704568
  outer loop
   vertex 2.8240480422973633 39.15284729003906 1.8374366760253906
   vertex 2.744201183319092 38.74981689453125 1.3805570602416992
   vertex 2.3873202800750732 38.95340347290039 1.8374366760253906
  endloop
 endfacet
 facet normal -0.27750160651705147 0.7440082980007646 -0.6078194722830628
  outer loop
   vertex 2.8240480422973633 39.15284729003906 1.8374366760253906
   vertex 3.1483230590820312 38.90054702758789 1.3805570602416992
   vertex 2.744201183319092 38.74981689453125 1.3805570602416992
  endloop
 endfacet
 facet normal -0.5300443850459736 0.7080581880796223 -0.4665903472797504
  outer loop
   vertex 2.032863140106201 39.0609245300293 2.3383400440216064
   vertex 1.9834221601486206 38.69383239746094 1.8374366760253906
   vertex 1.6172709465026855 38.74981689453125 2.3383400440216064
  endloop
 endfacet
 facet normal -0.4710790035768422 0.7330089593356661 -0.49069587110825874
  outer loop
   vertex 2.032863140106201 39.0609245300293 2.3383400440216064
   vertex 2.3873202800750732 38.95340347290039 1.8374366760253906
   vertex 1.9834221601486206 38.69383239746094 1.8374366760253906
  endloop
 endfacet
 facet normal -0.7122717909872949 0.6171870900140904 -0.3342887848607706
  outer loop
   vertex 1.2861440181732178 38.7138557434082 2.8730697631835938
   vertex 1.2501840591430664 38.382728576660156 2.3383400440216064
   vertex 0.9275451898574829 38.300010681152344 2.8730697631835938
  endloop
 endfacet
 facet normal -0.6587097735581429 0.6587072066230386 -0.3636017741456354
  outer loop
   vertex 1.2861440181732178 38.7138557434082 2.8730697631835938
   vertex 1.6172709465026855 38.74981689453125 2.3383400440216064
   vertex 1.2501840591430664 38.382728576660156 2.3383400440216064
  endloop
 endfacet
 facet normal -0.8607276001940685 0.4699900180888864 -0.19559494155260745
  outer loop
   vertex 0.6692368388175964 38.14055252075195 3.4307405948638916
   vertex 0.6314927339553833 37.8393440246582 2.8730697631835938
   vertex 0.3985069990158081 37.644744873046875 3.4307405948638916
  endloop
 endfacet
 facet normal -0.8189310477697648 0.526294978134156 -0.22883516991381253
  outer loop
   vertex 0.6692368388175964 38.14055252075195 3.4307405948638916
   vertex 0.9275451898574829 38.300010681152344 2.8730697631835938
   vertex 0.6314927339553833 37.8393440246582 2.8730697631835938
  endloop
 endfacet
 facet normal -0.8370661162866543 0.5435942483205447 -0.06185151701938322
  outer loop
   vertex 0.6692368388175964 38.14055252075195 3.4307405948638916
   vertex 0.5358983874320984 38 4
   vertex 0.7639320492744446 38.35114288330078 4
  endloop
 endfacet
 facet normal -0.8743582784525806 0.4774328870288826 -0.0869220299159299
  outer loop
   vertex 0.6692368388175964 38.14055252075195 3.4307405948638916
   vertex 0.3985069990158081 37.644744873046875 3.4307405948638916
   vertex 0.5358983874320984 38 4
  endloop
 endfacet
 facet normal -0.16879181468236745 0.7759272951252567 -0.6078208255529224
  outer loop
   vertex 3.284714698791504 39.28811264038086 1.8374366760253906
   vertex 3.5697824954986572 38.99222946166992 1.3805570602416992
   vertex 3.1483230590820312 38.90054702758789 1.3805570602416992
  endloop
 endfacet
 facet normal -0.22757342972962047 0.7750358145344961 -0.5895165988078264
  outer loop
   vertex 3.284714698791504 39.28811264038086 1.8374366760253906
   vertex 3.1483230590820312 38.90054702758789 1.3805570602416992
   vertex 2.8240480422973633 39.15284729003906 1.8374366760253906
  endloop
 endfacet
 facet normal -0.42388520319048956 0.776283526173405 -0.46658892133005236
  outer loop
   vertex 2.4885008335113525 39.309722900390625 2.3383400440216064
   vertex 2.3873202800750732 38.95340347290039 1.8374366760253906
   vertex 2.032863140106201 39.0609245300293 2.3383400440216064
  endloop
 endfacet
 facet normal -0.36195874049705234 0.7925912822063876 -0.4906984099711571
  outer loop
   vertex 2.4885008335113525 39.309722900390625 2.3383400440216064
   vertex 2.8240480422973633 39.15284729003906 1.8374366760253906
   vertex 2.3873202800750732 38.95340347290039 1.8374366760253906
  endloop
 endfacet
 facet normal -0.5582585114544794 0.7457479434787353 -0.363603409205505
  outer loop
   vertex 1.6999891996383667 39.07245635986328 2.8730697631835938
   vertex 2.032863140106201 39.0609245300293 2.3383400440216064
   vertex 1.6172709465026855 38.74981689453125 2.3383400440216064
  endloop
 endfacet
 facet normal -0.6171888991219879 0.7122705322716898 -0.33428812670807234
  outer loop
   vertex 1.6999891996383667 39.07245635986328 2.8730697631835938
   vertex 1.6172709465026855 38.74981689453125 2.3383400440216064
   vertex 1.2861440181732178 38.7138557434082 2.8730697631835938
  endloop
 endfacet
 facet normal -0.7850779424799323 0.5877030347797977 -0.19559592823495076
  outer loop
   vertex 1.0077714920043945 38.59278106689453 3.4307405948638916
   vertex 0.9275451898574829 38.300010681152344 2.8730697631835938
   vertex 0.6692368388175964 38.14055252075195 3.4307405948638916
  endloop
 endfacet
 facet normal -0.7754687684976402 0.6279678112405093 -0.065609581088108
  outer loop
   vertex 1.0077714920043945 38.59278106689453 3.4307405948638916
   vertex 0.7639320492744446 38.35114288330078 4
   vertex 1.0274206399917603 38.67652130126953 4
  endloop
 endfacet
 facet normal -0.7356959755450542 0.6374842637700765 -0.22883453631900574
  outer loop
   vertex 1.0077714920043945 38.59278106689453 3.4307405948638916
   vertex 1.2861440181732178 38.7138557434082 2.8730697631835938
   vertex 0.9275451898574829 38.300010681152344 2.8730697631835938
  endloop
 endfacet
 facet normal -0.7974221102625351 0.5969437795200591 -0.08818220997884063
  outer loop
   vertex 1.0077714920043945 38.59278106689453 3.4307405948638916
   vertex 0.6692368388175964 38.14055252075195 3.4307405948638916
   vertex 0.7639320492744446 38.35114288330078 4
  endloop
 endfacet
 facet normal -0.007300340018562292 0.8386509002870337 -0.5446203930109127
  outer loop
   vertex 3.7599425315856934 39.356441497802734 1.8374366760253906
   vertex 4 39.4640998840332 2
   vertex 4 39.23606872558594 1.6488590240478516
  endloop
 endfacet
 facet normal -0.07473283346655425 0.7946886516372913 -0.6023993281544758
  outer loop
   vertex 3.7599425315856934 39.356441497802734 1.8374366760253906
   vertex 4 39.23606872558594 1.6488590240478516
   vertex 3.5697824954986572 38.99222946166992 1.3805570602416992
  endloop
 endfacet
 facet normal -0.11495781670287812 0.7995326741256273 -0.5895186200489605
  outer loop
   vertex 3.7599425315856934 39.356441497802734 1.8374366760253906
   vertex 3.5697824954986572 38.99222946166992 1.3805570602416992
   vertex 3.284714698791504 39.28811264038086 1.8374366760253906
  endloop
 endfacet
 facet normal -0.24548429899093763 0.83603399504906 -0.49069809258976765
  outer loop
   vertex 2.9749081134796143 39.49114227294922 2.3383400440216064
   vertex 3.284714698791504 39.28811264038086 1.8374366760253906
   vertex 2.8240480422973633 39.15284729003906 1.8374366760253906
  endloop
 endfacet
 facet normal -0.3090895936026501 0.8287065839245114 -0.4665929927535512
  outer loop
   vertex 2.9749081134796143 39.49114227294922 2.3383400440216064
   vertex 2.8240480422973633 39.15284729003906 1.8374366760253906
   vertex 2.4885008335113525 39.309722900390625 2.3383400440216064
  endloop
 endfacet
 facet normal -0.44644854440889176 0.8176049734696053 -0.3636011613745867
  outer loop
   vertex 2.160655975341797 39.368507385253906 2.8730697631835938
   vertex 2.4885008335113525 39.309722900390625 2.3383400440216064
   vertex 2.032863140106201 39.0609245300293 2.3383400440216064
  endloop
 endfacet
 facet normal -0.5095361620914648 0.7928578547744104 -0.33428927838568273
  outer loop
   vertex 2.160655975341797 39.368507385253906 2.8730697631835938
   vertex 2.032863140106201 39.0609245300293 2.3383400440216064
   vertex 1.6999891996383667 39.07245635986328 2.8730697631835938
  endloop
 endfacet
 facet normal -0.704878493890843 0.7048745203778798 -0.07936132163863487
  outer loop
   vertex 1.4072191715240479 38.99222946166992 3.4307405948638916
   vertex 1.0274206399917603 38.67652130126953 4
   vertex 1.3234776258468628 38.97257995605469 4
  endloop
 endfacet
 facet normal -0.6279645785395014 0.77547135291337 -0.06560997569283056
  outer loop
   vertex 1.4072191715240479 38.99222946166992 3.4307405948638916
   vertex 1.3234776258468628 38.97257995605469 4
   vertex 1.6488590240478516 39.23606872558594 4
  endloop
 endfacet
 facet normal -0.6374859866957425 0.7356945073144844 -0.2288344569199611
  outer loop
   vertex 1.4072191715240479 38.99222946166992 3.4307405948638916
   vertex 1.6999891996383667 39.07245635986328 2.8730697631835938
   vertex 1.2861440181732178 38.7138557434082 2.8730697631835938
  endloop
 endfacet
 facet normal -0.7048772308706158 0.704875968711373 -0.07935967573885361
  outer loop
   vertex 1.4072191715240479 38.99222946166992 3.4307405948638916
   vertex 1.0077714920043945 38.59278106689453 3.4307405948638916
   vertex 1.0274206399917603 38.67652130126953 4
  endloop
 endfacet
 facet normal -0.6934493098535018 0.6934480681571928 -0.19559609258049923
  outer loop
   vertex 1.4072191715240479 38.99222946166992 3.4307405948638916
   vertex 1.2861440181732178 38.7138557434082 2.8730697631835938
   vertex 1.0077714920043945 38.59278106689453 3.4307405948638916
  endloop
 endfacet
 facet normal -0.060117249079423285 0.8893926725752229 -0.4531739073828337
  outer loop
   vertex 3.4821834564208984 39.60149383544922 2.3383400440216064
   vertex 4 39.65418243408203 2.3730533123016357
   vertex 4 39.4640998840332 2
  endloop
 endfacet
 facet normal -0.07079112050562504 0.9312388447001667 -0.3574672451834664
  outer loop
   vertex 3.4821834564208984 39.60149383544922 2.3383400440216064
   vertex 4 39.80422592163086 2.7639319896698
   vertex 4 39.65418243408203 2.3730533123016357
  endloop
 endfacet
 facet normal -0.07485716015642584 0.878734364088577 -0.471404627621706
  outer loop
   vertex 3.4821834564208984 39.60149383544922 2.3383400440216064
   vertex 4 39.4640998840332 2
   vertex 3.7599425315856934 39.356441497802734 1.8374366760253906
  endloop
 endfacet
 facet normal -0.12400573170507467 0.862461006312598 -0.4906970461441049
  outer loop
   vertex 3.4821834564208984 39.60149383544922 2.3383400440216064
   vertex 3.7599425315856934 39.356441497802734 1.8374366760253906
   vertex 3.284714698791504 39.28811264038086 1.8374366760253906
  endloop
 endfacet
 facet normal -0.18800924280882617 0.8642601061673093 -0.46659082021201764
  outer loop
   vertex 3.4821834564208984 39.60149383544922 2.3383400440216064
   vertex 3.284714698791504 39.28811264038086 1.8374366760253906
   vertex 2.9749081134796143 39.49114227294922 2.3383400440216064
  endloop
 endfacet
 facet normal -0.3915150883451069 0.8573034423242704 -0.33428542202297645
  outer loop
   vertex 2.658766269683838 39.595985412597656 2.8730697631835938
   vertex 2.4885008335113525 39.309722900390625 2.3383400440216064
   vertex 2.160655975341797 39.368507385253906 2.8730697631835938
  endloop
 endfacet
 facet normal -0.32554345540912205 0.8728213774737771 -0.36359909469780993
  outer loop
   vertex 2.658766269683838 39.595985412597656 2.8730697631835938
   vertex 2.9749081134796143 39.49114227294922 2.3383400440216064
   vertex 2.4885008335113525 39.309722900390625 2.3383400440216064
  endloop
 endfacet
 facet normal -0.5435922297899732 0.8370676507026472 -0.06184849116280718
  outer loop
   vertex 1.8594485521316528 39.33076477050781 3.4307405948638916
   vertex 1.6488590240478516 39.23606872558594 4
   vertex 2 39.4640998840332 4
  endloop
 endfacet
 facet normal -0.5969439212077489 0.7974222265675834 -0.08818019907617716
  outer loop
   vertex 1.8594485521316528 39.33076477050781 3.4307405948638916
   vertex 1.4072191715240479 38.99222946166992 3.4307405948638916
   vertex 1.6488590240478516 39.23606872558594 4
  endloop
 endfacet
 facet normal -0.5262930737008558 0.8189322533739768 -0.22883523539509032
  outer loop
   vertex 1.8594485521316528 39.33076477050781 3.4307405948638916
   vertex 2.160655975341797 39.368507385253906 2.8730697631835938
   vertex 1.6999891996383667 39.07245635986328 2.8730697631835938
  endloop
 endfacet
 facet normal -0.5877032065176448 0.7850781000567547 -0.1955947797364611
  outer loop
   vertex 1.8594485521316528 39.33076477050781 3.4307405948638916
   vertex 1.6999891996383667 39.07245635986328 2.8730697631835938
   vertex 1.4072191715240479 38.99222946166992 3.4307405948638916
  endloop
 endfacet
 facet normal -0.19801703453298594 0.910264946189018 -0.3636027802070097
  outer loop
   vertex 3.184180498123169 39.75026321411133 2.8730697631835938
   vertex 3.4821834564208984 39.60149383544922 2.3383400440216064
   vertex 2.9749081134796143 39.49114227294922 2.3383400440216064
  endloop
 endfacet
 facet normal -0.2655283722146886 0.9042933166478183 -0.33428772190301326
  outer loop
   vertex 3.184180498123169 39.75026321411133 2.8730697631835938
   vertex 2.9749081134796143 39.49114227294922 2.3383400440216064
   vertex 2.658766269683838 39.595985412597656 2.8730697631835938
  endloop
 endfacet
 facet normal -0.4529406648852082 0.8889349141629628 -0.06811367318998023
  outer loop
   vertex 2.355253219604492 39.60149383544922 3.4307405948638916
   vertex 2 39.4640998840332 4
   vertex 2.3730533123016357 39.65418243408203 4
  endloop
 endfacet
 facet normal -0.3573572327014177 0.9309522508987319 -0.07499143139432145
  outer loop
   vertex 2.355253219604492 39.60149383544922 3.4307405948638916
   vertex 2.3730533123016357 39.65418243408203 4
   vertex 2.7639319896698 39.80422592163086 4
  endloop
 endfacet
 facet normal -0.4774342384976948 0.8743580003489088 -0.08691740410288404
  outer loop
   vertex 2.355253219604492 39.60149383544922 3.4307405948638916
   vertex 1.8594485521316528 39.33076477050781 3.4307405948638916
   vertex 2 39.4640998840332 4
  endloop
 endfacet
 facet normal -0.40438999788506824 0.8854957255766929 -0.22883629431521754
  outer loop
   vertex 2.355253219604492 39.60149383544922 3.4307405948638916
   vertex 2.658766269683838 39.595985412597656 2.8730697631835938
   vertex 2.160655975341797 39.368507385253906 2.8730697631835938
  endloop
 endfacet
 facet normal -0.46999096929944456 0.8607266319897413 -0.19559691654155717
  outer loop
   vertex 2.355253219604492 39.60149383544922 3.4307405948638916
   vertex 2.160655975341797 39.368507385253906 2.8730697631835938
   vertex 1.8594485521316528 39.33076477050781 3.4307405948638916
  endloop
 endfacet
 facet normal -0.018608342321695462 0.9657587333058266 -0.25877364363389815
  outer loop
   vertex 3.7262022495269775 39.82819366455078 2.8730697631835938
   vertex 4 39.91259002685547 3.168353319168091
   vertex 4 39.80422592163086 2.7639319896698
  endloop
 endfacet
 facet normal -0.13412672901540082 0.9328780234303206 -0.33428821990068297
  outer loop
   vertex 3.7262022495269775 39.82819366455078 2.8730697631835938
   vertex 3.4821834564208984 39.60149383544922 2.3383400440216064
   vertex 3.184180498123169 39.75026321411133 2.8730697631835938
  endloop
 endfacet
 facet normal -0.06402013828798334 0.9289541212209544 -0.36461714518134203
  outer loop
   vertex 3.7262022495269775 39.82819366455078 2.8730697631835938
   vertex 4 39.80422592163086 2.7639319896698
   vertex 3.4821834564208984 39.60149383544922 2.3383400440216064
  endloop
 endfacet
 facet normal -0.25829234471440166 0.9639624969182756 -0.06372887255412972
  outer loop
   vertex 2.884540319442749 39.79890823364258 3.4307405948638916
   vertex 2.7639319896698 39.80422592163086 4
   vertex 3.168353319168091 39.91259002685547 4
  endloop
 endfacet
 facet normal -0.3482733645139037 0.933754582955626 -0.08251086219117053
  outer loop
   vertex 2.884540319442749 39.79890823364258 3.4307405948638916
   vertex 2.355253219604492 39.60149383544922 3.4307405948638916
   vertex 2.7639319896698 39.80422592163086 4
  endloop
 endfacet
 facet normal -0.2742604534367037 0.9340316177703426 -0.22883649334406958
  outer loop
   vertex 2.884540319442749 39.79890823364258 3.4307405948638916
   vertex 3.184180498123169 39.75026321411133 2.8730697631835938
   vertex 2.658766269683838 39.595985412597656 2.8730697631835938
  endloop
 endfacet
 facet normal -0.3427147091799874 0.918851290249451 -0.1955989123655746
  outer loop
   vertex 2.884540319442749 39.79890823364258 3.4307405948638916
   vertex 2.658766269683838 39.595985412597656 2.8730697631835938
   vertex 2.355253219604492 39.60149383544922 3.4307405948638916
  endloop
 endfacet
 facet normal -0.061517363016684284 0.9858172296141123 -0.15614097426181933
  outer loop
   vertex 3.436534881591797 39.91898727416992 3.4307405948638916
   vertex 4 39.97808837890625 3.581886053085327
   vertex 4 39.91259002685547 3.168353319168091
  endloop
 endfacet
 facet normal -0.0821439808580588 0.9932294462094755 -0.0821439808580588
  outer loop
   vertex 3.436534881591797 39.91898727416992 3.4307405948638916
   vertex 3.581886053085327 39.97808837890625 4
   vertex 4 39.97808837890625 3.581886053085327
  endloop
 endfacet
 facet normal -0.15613165135190502 0.9857583681572325 -0.06247677211665929
  outer loop
   vertex 3.436534881591797 39.91898727416992 3.4307405948638916
   vertex 3.168353319168091 39.91259002685547 4
   vertex 3.581886053085327 39.97808837890625 4
  endloop
 endfacet
 facet normal -0.2084594648016768 0.9582729050272821 -0.1955957336578997
  outer loop
   vertex 3.436534881591797 39.91898727416992 3.4307405948638916
   vertex 3.184180498123169 39.75026321411133 2.8730697631835938
   vertex 2.884540319442749 39.79890823364258 3.4307405948638916
  endloop
 endfacet
 facet normal -0.21172535940909695 0.9732859835456544 -0.08880746824821029
  outer loop
   vertex 3.436534881591797 39.91898727416992 3.4307405948638916
   vertex 2.884540319442749 39.79890823364258 3.4307405948638916
   vertex 3.168353319168091 39.91259002685547 4
  endloop
 endfacet
 facet normal -0.08297574656740485 0.9758685198614634 -0.20197934900622574
  outer loop
   vertex 3.436534881591797 39.91898727416992 3.4307405948638916
   vertex 4 39.91259002685547 3.168353319168091
   vertex 3.7262022495269775 39.82819366455078 2.8730697631835938
  endloop
 endfacet
 facet normal -0.13853765142860983 0.9635568643484975 -0.22883506790598424
  outer loop
   vertex 3.436534881591797 39.91898727416992 3.4307405948638916
   vertex 3.7262022495269775 39.82819366455078 2.8730697631835938
   vertex 3.184180498123169 39.75026321411133 2.8730697631835938
  endloop
 endfacet
 facet normal 0 0 1
  outer loop
   vertex 56 4 30
   vertex 4 36 30
   vertex 4 4 30
  endloop
 endfacet
 facet normal 0 0 1
  outer loop
   vertex 56 36 30
   vertex 4 36 30
   vertex 56 4 30
  endloop
 endfacet
 facet normal -0.9972646868053268 0.05226444513755917 0.05226444513755917
  outer loop
   vertex 0.02191241830587387 36 26.418113708496094
   vertex 0.02191241830587387 36.418113708496094 26
   vertex -8.881784197001252e-16 36 26
  endloop
 endfacet
 facet normal -0.05226252433307392 0.052262554134433065 0.9972648865701028
  outer loop
   vertex 4 36 30
   vertex 4 36.418113708496094 29.97808837890625
   vertex 3.581886053085327 36 29.97808837890625
  endloop
 endfacet
 facet normal -0.15533495388685387 0.9807283105983475 -0.11850330329522414
  outer loop
   vertex 3.4321911334991455 39.959285736083984 26.040611267089844
   vertex 3.581886053085327 39.97808837890625 26
   vertex 3.168353319168091 39.91259002685547 26
  endloop
 endfacet
 facet normal -0.05209735104124486 0.9941130770040258 0.09500029549466008
  outer loop
   vertex 3.4437499046325684 39.959285736083984 26.121004104614258
   vertex 4 40 26
   vertex 3.581886053085327 39.97808837890625 26
  endloop
 endfacet
 facet normal -0.11999923685249167 0.9926240506595619 0.0172533245208832
  outer loop
   vertex 3.4437499046325684 39.959285736083984 26.121004104614258
   vertex 3.581886053085327 39.97808837890625 26
   vertex 3.4321911334991455 39.959285736083984 26.040611267089844
  endloop
 endfacet
 facet normal -0.06862351734860694 0.9974391279538514 0.020149414218921316
  outer loop
   vertex 3.466632604598999 39.959285736083984 26.198936462402344
   vertex 4 40 26
   vertex 3.4437499046325684 39.959285736083984 26.121004104614258
  endloop
 endfacet
 facet normal -0.25880888661002505 0.9658902622030677 -0.008600092613922299
  outer loop
   vertex 2.884540319442749 39.83797073364258 26.16037940979004
   vertex 3.168353319168091 39.91259002685547 26
   vertex 2.7639319896698 39.80422592163086 26
  endloop
 endfacet
 facet normal -0.19045087789862977 0.974760107761914 0.11649547383320408
  outer loop
   vertex 2.884540319442749 39.83797073364258 26.16037940979004
   vertex 3.4321911334991455 39.959285736083984 26.040611267089844
   vertex 3.168353319168091 39.91259002685547 26
  endloop
 endfacet
 facet normal -0.20988229609618372 0.9772608635390535 0.03017658662435373
  outer loop
   vertex 2.884540319442749 39.83797073364258 26.16037940979004
   vertex 3.4437499046325684 39.959285736083984 26.121004104614258
   vertex 3.4321911334991455 39.959285736083984 26.040611267089844
  endloop
 endfacet
 facet normal -0.06505729719984885 0.9974391295884838 0.029710786708171576
  outer loop
   vertex 3.500373125076294 39.959285736083984 26.272817611694336
   vertex 4 40 26
   vertex 3.466632604598999 39.959285736083984 26.198936462402344
  endloop
 endfacet
 facet normal -0.20873534857817577 0.9769174530658025 0.04540753405959361
  outer loop
   vertex 2.9187183380126953 39.83797073364258 26.317493438720703
   vertex 3.4437499046325684 39.959285736083984 26.121004104614258
   vertex 2.884540319442749 39.83797073364258 26.16037940979004
  endloop
 endfacet
 facet normal -0.203451627267039 0.9772608698333295 0.059737991722168315
  outer loop
   vertex 2.9187183380126953 39.83797073364258 26.317493438720703
   vertex 3.466632604598999 39.959285736083984 26.198936462402344
   vertex 3.4437499046325684 39.959285736083984 26.121004104614258
  endloop
 endfacet
 facet normal -0.34908025687598765 0.9347775808011831 0.06583197316564467
  outer loop
   vertex 2.342573642730713 39.638526916503906 26.118541717529297
   vertex 2.884540319442749 39.83797073364258 26.16037940979004
   vertex 2.7639319896698 39.80422592163086 26
  endloop
 endfacet
 facet normal -0.3581925675124587 0.933128383774829 0.031136858746641467
  outer loop
   vertex 2.342573642730713 39.638526916503906 26.118541717529297
   vertex 2.7639319896698 39.80422592163086 26
   vertex 2.3730533123016357 39.65418243408203 26
  endloop
 endfacet
 facet normal -0.453994837104139 0.8910038175836476 0.0009407093877361214
  outer loop
   vertex 2.342573642730713 39.638526916503906 26.118541717529297
   vertex 2.3730533123016357 39.65418243408203 26
   vertex 2 39.4640998840332 26
  endloop
 endfacet
 facet normal -0.060166820399757154 0.9974391292589647 0.03866700332456129
  outer loop
   vertex 3.5442843437194824 39.959285736083984 26.341144561767578
   vertex 4 40 26
   vertex 3.500373125076294 39.959285736083984 26.272817611694336
  endloop
 endfacet
 facet normal -0.192878858742669 0.9772608402557581 0.08808516306810711
  outer loop
   vertex 2.9749081134796143 39.83797073364258 26.468143463134766
   vertex 3.500373125076294 39.959285736083984 26.272817611694336
   vertex 3.466632604598999 39.959285736083984 26.198936462402344
  endloop
 endfacet
 facet normal -0.20014854556521766 0.9769174285367154 0.0746518421027895
  outer loop
   vertex 2.9749081134796143 39.83797073364258 26.468143463134766
   vertex 3.466632604598999 39.959285736083984 26.198936462402344
   vertex 2.9187183380126953 39.83797073364258 26.317493438720703
  endloop
 endfacet
 facet normal -0.33987526124968864 0.9375598047571488 0.07393523716194417
  outer loop
   vertex 2.376314163208008 39.638526916503906 26.35321044921875
   vertex 2.9187183380126953 39.83797073364258 26.317493438720703
   vertex 2.884540319442749 39.83797073364258 26.16037940979004
  endloop
 endfacet
 facet normal -0.34832689758276747 0.9360342642003484 0.05008221903307021
  outer loop
   vertex 2.376314163208008 39.638526916503906 26.35321044921875
   vertex 2.884540319442749 39.83797073364258 26.16037940979004
   vertex 2.342573642730713 39.638526916503906 26.118541717529297
  endloop
 endfacet
 facet normal -0.05405139962980032 0.9974391270684551 0.046836246550915596
  outer loop
   vertex 3.597472906112671 39.959285736083984 26.40252685546875
   vertex 4 40 26
   vertex 3.5442843437194824 39.959285736083984 26.341144561767578
  endloop
 endfacet
 facet normal -0.18748743070560261 0.9769174194181098 0.1023758710091055
  outer loop
   vertex 3.0519659519195557 39.83797073364258 26.609264373779297
   vertex 3.500373125076294 39.959285736083984 26.272817611694336
   vertex 2.9749081134796143 39.83797073364258 26.468143463134766
  endloop
 endfacet
 facet normal -0.17837978321176987 0.9772608415892362 0.1146381282018331
  outer loop
   vertex 3.0519659519195557 39.83797073364258 26.609264373779297
   vertex 3.5442843437194824 39.959285736083984 26.341144561767578
   vertex 3.500373125076294 39.959285736083984 26.272817611694336
  endloop
 endfacet
 facet normal -0.3258934697593539 0.9375598360200981 0.12155245884051716
  outer loop
   vertex 2.443108081817627 39.638526916503906 26.580690383911133
   vertex 2.9749081134796143 39.83797073364258 26.468143463134766
   vertex 2.9187183380126953 39.83797073364258 26.317493438720703
  endloop
 endfacet
 facet normal -0.33765431683589864 0.9360342105185397 0.09914393103471716
  outer loop
   vertex 2.443108081817627 39.638526916503906 26.580690383911133
   vertex 2.9187183380126953 39.83797073364258 26.317493438720703
   vertex 2.376314163208008 39.638526916503906 26.35321044921875
  endloop
 endfacet
 facet normal -0.5445115205314719 0.8384832495635733 0.02128483520760654
  outer loop
   vertex 1.8594485521316528 39.365013122558594 26.307764053344727
   vertex 2 39.4640998840332 26
   vertex 1.6488590240478516 39.23606872558594 26
  endloop
 endfacet
 facet normal -0.47125041099847964 0.8793812293904131 0.06790952458653907
  outer loop
   vertex 1.8594485521316528 39.365013122558594 26.307764053344727
   vertex 2.342573642730713 39.638526916503906 26.118541717529297
   vertex 2 39.4640998840332 26
  endloop
 endfacet
 facet normal -0.47129931193096486 0.8793663166823469 0.06776311428735786
  outer loop
   vertex 1.8594485521316528 39.365013122558594 26.307764053344727
   vertex 2.376314163208008 39.638526916503906 26.35321044921875
   vertex 2.342573642730713 39.638526916503906 26.118541717529297
  endloop
 endfacet
 facet normal -0.04683594101248753 0.9974391246399096 0.05405170919633963
  outer loop
   vertex 3.658855676651001 39.959285736083984 26.45571517944336
   vertex 4 40 26
   vertex 3.597472906112671 39.959285736083984 26.40252685546875
  endloop
 endfacet
 facet normal -0.16024904184232533 0.9772608297083611 0.13885789608928326
  outer loop
   vertex 3.1483230590820312 39.83797073364258 26.73798179626465
   vertex 3.597472906112671 39.959285736083984 26.40252685546875
   vertex 3.5442843437194824 39.959285736083984 26.341144561767578
  endloop
 endfacet
 facet normal -0.1710092118254334 0.9769174105931362 0.12801649249548183
  outer loop
   vertex 3.1483230590820312 39.83797073364258 26.73798179626465
   vertex 3.5442843437194824 39.959285736083984 26.341144561767578
   vertex 3.0519659519195557 39.83797073364258 26.609264373779297
  endloop
 endfacet
 facet normal -0.30527782411014137 0.9375598463940057 0.16669428465375152
  outer loop
   vertex 2.541595935821533 39.638526916503906 26.796348571777344
   vertex 3.0519659519195557 39.83797073364258 26.609264373779297
   vertex 2.9749081134796143 39.83797073364258 26.468143463134766
  endloop
 endfacet
 facet normal -0.320107544759781 0.9360342616651757 0.1461883058824949
  outer loop
   vertex 2.541595935821533 39.638526916503906 26.796348571777344
   vertex 2.9749081134796143 39.83797073364258 26.468143463134766
   vertex 2.443108081817627 39.638526916503906 26.580690383911133
  endloop
 endfacet
 facet normal -0.4568585307621701 0.8793664268023028 0.13414533269100848
  outer loop
   vertex 1.9250357151031494 39.365013122558594 26.609264373779297
   vertex 2.443108081817627 39.638526916503906 26.580690383911133
   vertex 2.376314163208008 39.638526916503906 26.35321044921875
  endloop
 endfacet
 facet normal -0.4722934540526257 0.8754331606739159 0.10274081200534874
  outer loop
   vertex 1.9250357151031494 39.365013122558594 26.609264373779297
   vertex 2.376314163208008 39.638526916503906 26.35321044921875
   vertex 1.8594485521316528 39.365013122558594 26.307764053344727
  endloop
 endfacet
 facet normal -0.038666715210690705 0.9974391224368491 0.060167118654824776
  outer loop
   vertex 3.7271831035614014 39.959285736083984 26.49962615966797
   vertex 4 40 26
   vertex 3.658855676651001 39.959285736083984 26.45571517944336
  endloop
 endfacet
 facet normal -0.629312609865116 0.7771360322783674 0.005022588913368874
  outer loop
   vertex 1.3872311115264893 39.02299880981445 26.18686866760254
   vertex 1.6488590240478516 39.23606872558594 26
   vertex 1.3234776258468628 38.97257995605469 26
  endloop
 endfacet
 facet normal -0.7062102952441704 0.7062063142236297 0.05039504580628672
  outer loop
   vertex 1.3872311115264893 39.02299880981445 26.18686866760254
   vertex 1.3234776258468628 38.97257995605469 26
   vertex 1.0274206399917603 38.67652130126953 26
  endloop
 endfacet
 facet normal -0.5973521533842386 0.798541384684321 0.07417588417848525
  outer loop
   vertex 1.3872311115264893 39.02299880981445 26.18686866760254
   vertex 1.8594485521316528 39.365013122558594 26.307764053344727
   vertex 1.6488590240478516 39.23606872558594 26
  endloop
 endfacet
 facet normal -0.15105051047209528 0.9769174366109385 0.15104987696662434
  outer loop
   vertex 3.2620177268981934 39.83797073364258 26.85167694091797
   vertex 3.597472906112671 39.959285736083984 26.40252685546875
   vertex 3.1483230590820312 39.83797073364258 26.73798179626465
  endloop
 endfacet
 facet normal -0.13885678631719392 0.9772608754880785 0.16024972428661385
  outer loop
   vertex 3.2620177268981934 39.83797073364258 26.85167694091797
   vertex 3.658855676651001 39.959285736083984 26.45571517944336
   vertex 3.597472906112671 39.959285736083984 26.40252685546875
  endloop
 endfacet
 facet normal -0.2960448561942278 0.9360342998025483 0.19025570349950657
  outer loop
   vertex 2.6697726249694824 39.638526916503906 26.99579620361328
   vertex 3.0519659519195557 39.83797073364258 26.609264373779297
   vertex 2.541595935821533 39.638526916503906 26.796348571777344
  endloop
 endfacet
 facet normal -0.2784466968455858 0.9375599809704211 0.20844356334155803
  outer loop
   vertex 2.6697726249694824 39.638526916503906 26.99579620361328
   vertex 3.1483230590820312 39.83797073364258 26.73798179626465
   vertex 3.0519659519195557 39.83797073364258 26.609264373779297
  endloop
 endfacet
 facet normal -0.4528645824490098 0.8754331653096408 0.1689095705968955
  outer loop
   vertex 2.032863140106201 39.365013122558594 26.898361206054688
   vertex 2.443108081817627 39.638526916503906 26.580690383911133
   vertex 1.9250357151031494 39.365013122558594 26.609264373779297
  endloop
 endfacet
 facet normal -0.43311724117402506 0.8793664496188318 0.19779813619590117
  outer loop
   vertex 2.032863140106201 39.365013122558594 26.898361206054688
   vertex 2.541595935821533 39.638526916503906 26.796348571777344
   vertex 2.443108081817627 39.638526916503906 26.580690383911133
  endloop
 endfacet
 facet normal -0.029711172182447523 0.9974391230210465 0.06505722184777302
  outer loop
   vertex 3.8010642528533936 39.959285736083984 26.533367156982422
   vertex 4 40 26
   vertex 3.7271831035614014 39.959285736083984 26.49962615966797
  endloop
 endfacet
 facet normal -0.5987667342249713 0.7962832296911041 0.08608958182188603
  outer loop
   vertex 1.4404195547103882 39.02299880981445 26.55680274963379
   vertex 1.8594485521316528 39.365013122558594 26.307764053344727
   vertex 1.3872311115264893 39.02299880981445 26.18686866760254
  endloop
 endfacet
 facet normal -0.5810798763033163 0.8039699984089623 0.1264057712828646
  outer loop
   vertex 1.4404195547103882 39.02299880981445 26.55680274963379
   vertex 1.9250357151031494 39.365013122558594 26.609264373779297
   vertex 1.8594485521316528 39.365013122558594 26.307764053344727
  endloop
 endfacet
 facet normal -0.12801622356306874 0.9769174718948129 0.17100906295076276
  outer loop
   vertex 3.390735626220703 39.83797073364258 26.948034286499023
   vertex 3.658855676651001 39.959285736083984 26.45571517944336
   vertex 3.2620177268981934 39.83797073364258 26.85167694091797
  endloop
 endfacet
 facet normal -0.11463693357628293 0.9772609170149734 0.1783801377263738
  outer loop
   vertex 3.390735626220703 39.83797073364258 26.948034286499023
   vertex 3.7271831035614014 39.959285736083984 26.49962615966797
   vertex 3.658855676651001 39.959285736083984 26.45571517944336
  endloop
 endfacet
 facet normal -0.24594916979821024 0.9375598749670556 0.24594813828799453
  outer loop
   vertex 2.825028896331787 39.638526916503906 27.174970626831055
   vertex 3.2620177268981934 39.83797073364258 26.85167694091797
   vertex 3.1483230590820312 39.83797073364258 26.73798179626465
  endloop
 endfacet
 facet normal -0.26595419148730126 0.9360343836334643 0.23045173179270417
  outer loop
   vertex 2.825028896331787 39.638526916503906 27.174970626831055
   vertex 3.1483230590820312 39.83797073364258 26.73798179626465
   vertex 2.6697726249694824 39.638526916503906 26.99579620361328
  endloop
 endfacet
 facet normal -0.42421659047676014 0.8754332338860603 0.23163967141244848
  outer loop
   vertex 2.1807360649108887 39.365013122558594 27.169170379638672
   vertex 2.541595935821533 39.638526916503906 26.796348571777344
   vertex 2.032863140106201 39.365013122558594 26.898361206054688
  endloop
 endfacet
 facet normal -0.4005597009216769 0.8793664213644896 0.25742304281891276
  outer loop
   vertex 2.1807360649108887 39.365013122558594 27.169170379638672
   vertex 2.6697726249694824 39.638526916503906 26.99579620361328
   vertex 2.541595935821533 39.638526916503906 26.796348571777344
  endloop
 endfacet
 facet normal -0.09499980698710192 0.9941131220066629 0.052097383106821445
  outer loop
   vertex 3.878995180130005 39.959285736083984 26.556249618530273
   vertex 4 39.97808837890625 26.418113708496094
   vertex 4 40 26
  endloop
 endfacet
 facet normal -0.020149573561804753 0.9974391248705543 0.06862351537731175
  outer loop
   vertex 3.878995180130005 39.959285736083984 26.556249618530273
   vertex 4 40 26
   vertex 3.8010642528533936 39.959285736083984 26.533367156982422
  endloop
 endfacet
 facet normal -0.5571759654118583 0.8039698962857444 0.207815662147137
  outer loop
   vertex 1.5457136631011963 39.02299880981445 26.915401458740234
   vertex 2.032863140106201 39.365013122558594 26.898361206054688
   vertex 1.9250357151031494 39.365013122558594 26.609264373779297
  endloop
 endfacet
 facet normal -0.5804203952625042 0.7962831493500715 0.17042684889550078
  outer loop
   vertex 1.5457136631011963 39.02299880981445 26.915401458740234
   vertex 1.9250357151031494 39.365013122558594 26.609264373779297
   vertex 1.4404195547103882 39.02299880981445 26.55680274963379
  endloop
 endfacet
 facet normal -0.08808616612366899 0.9772608543451133 0.19287832927079243
  outer loop
   vertex 3.5318562984466553 39.83797073364258 27.02509117126465
   vertex 3.8010642528533936 39.959285736083984 26.533367156982422
   vertex 3.7271831035614014 39.959285736083984 26.49962615966797
  endloop
 endfacet
 facet normal -0.1023748841050955 0.9769174851795381 0.18748762693829935
  outer loop
   vertex 3.5318562984466553 39.83797073364258 27.02509117126465
   vertex 3.7271831035614014 39.959285736083984 26.49962615966797
   vertex 3.390735626220703 39.83797073364258 26.948034286499023
  endloop
 endfacet
 facet normal -0.7762494376295984 0.6285999902604956 0.047946457890409674
  outer loop
   vertex 1.0077714920043945 38.619441986083984 26.430217742919922
   vertex 1.0274206399917603 38.67652130126953 26
   vertex 0.7639320492744446 38.35114288330078 26
  endloop
 endfacet
 facet normal -0.7085798035033151 0.7029970879973455 0.06090776908125877
  outer loop
   vertex 1.0077714920043945 38.619441986083984 26.430217742919922
   vertex 1.3872311115264893 39.02299880981445 26.18686866760254
   vertex 1.0274206399917603 38.67652130126953 26
  endloop
 endfacet
 facet normal -0.6941472559294086 0.7128807086296121 0.09980321813155309
  outer loop
   vertex 1.0077714920043945 38.619441986083984 26.430217742919922
   vertex 1.4404195547103882 39.02299880981445 26.55680274963379
   vertex 1.3872311115264893 39.02299880981445 26.18686866760254
  endloop
 endfacet
 facet normal -0.20844370772095874 0.9375597898582388 0.27844723225867163
  outer loop
   vertex 3.004204273223877 39.638526916503906 27.33022689819336
   vertex 3.390735626220703 39.83797073364258 26.948034286499023
   vertex 3.2620177268981934 39.83797073364258 26.85167694091797
  endloop
 endfacet
 facet normal -0.23045128722349154 0.9360342366574719 0.2659550939953953
  outer loop
   vertex 3.004204273223877 39.638526916503906 27.33022689819336
   vertex 3.2620177268981934 39.83797073364258 26.85167694091797
   vertex 2.825028896331787 39.638526916503906 27.174970626831055
  endloop
 endfacet
 facet normal -0.35984624095677004 0.8793663493563567 0.3118100487299218
  outer loop
   vertex 2.3656437397003174 39.365013122558594 27.41617774963379
   vertex 2.825028896331787 39.638526916503906 27.174970626831055
   vertex 2.6697726249694824 39.638526916503906 26.99579620361328
  endloop
 endfacet
 facet normal -0.38693293298065806 0.8754330388650831 0.28965479426108487
  outer loop
   vertex 2.3656437397003174 39.365013122558594 27.41617774963379
   vertex 2.6697726249694824 39.638526916503906 26.99579620361328
   vertex 2.1807360649108887 39.365013122558594 27.169170379638672
  endloop
 endfacet
 facet normal 0.11850421051071659 0.9807281759848764 0.15533511167990707
  outer loop
   vertex 3.9593894481658936 39.959285736083984 26.567808151245117
   vertex 4 39.91259002685547 26.831645965576172
   vertex 4 39.97808837890625 26.418113708496094
  endloop
 endfacet
 facet normal -0.01725274972042656 0.9926239865954002 0.11999984942715337
  outer loop
   vertex 3.9593894481658936 39.959285736083984 26.567808151245117
   vertex 4 39.97808837890625 26.418113708496094
   vertex 3.878995180130005 39.959285736083984 26.556249618530273
  endloop
 endfacet
 facet normal -0.5219294463152689 0.8039698745296867 0.2849949015644953
  outer loop
   vertex 1.700969934463501 39.02299880981445 27.2553653717041
   vertex 2.1807360649108887 39.365013122558594 27.169170379638672
   vertex 2.032863140106201 39.365013122558594 26.898361206054688
  endloop
 endfacet
 facet normal -0.5502583997056096 0.7962830898016894 0.2512945173482623
  outer loop
   vertex 1.700969934463501 39.02299880981445 27.2553653717041
   vertex 2.032863140106201 39.365013122558594 26.898361206054688
   vertex 1.5457136631011963 39.02299880981445 26.915401458740234
  endloop
 endfacet
 facet normal -0.0597384069111629 0.9772608862424166 0.20345142653813636
  outer loop
   vertex 3.682507038116455 39.83797073364258 27.081281661987305
   vertex 3.878995180130005 39.959285736083984 26.556249618530273
   vertex 3.8010642528533936 39.959285736083984 26.533367156982422
  endloop
 endfacet
 facet normal -0.07465235276048628 0.9769174362987463 0.20014831721203438
  outer loop
   vertex 3.682507038116455 39.83797073364258 27.081281661987305
   vertex 3.8010642528533936 39.959285736083984 26.533367156982422
   vertex 3.5318562984466553 39.83797073364258 27.02509117126465
  endloop
 endfacet
 facet normal -0.672878393422383 0.7128806333920821 0.19757497361714788
  outer loop
   vertex 1.099454402923584 38.619441986083984 26.85167694091797
   vertex 1.5457136631011963 39.02299880981445 26.915401458740234
   vertex 1.4404195547103882 39.02299880981445 26.55680274963379
  endloop
 endfacet
 facet normal -0.6975732676180204 0.700260031341204 0.15174789886760817
  outer loop
   vertex 1.099454402923584 38.619441986083984 26.85167694091797
   vertex 1.4404195547103882 39.02299880981445 26.55680274963379
   vertex 1.0077714920043945 38.619441986083984 26.430217742919922
  endloop
 endfacet
 facet normal -0.16669272572766874 0.9375599908977943 0.30527823154821876
  outer loop
   vertex 3.203651189804077 39.638526916503906 27.458404541015625
   vertex 3.5318562984466553 39.83797073364258 27.02509117126465
   vertex 3.390735626220703 39.83797073364258 26.948034286499023
  endloop
 endfacet
 facet normal -0.19025727144413768 0.9360342418930476 0.29604403163438286
  outer loop
   vertex 3.203651189804077 39.638526916503906 27.458404541015625
   vertex 3.390735626220703 39.83797073364258 26.948034286499023
   vertex 3.004204273223877 39.638526916503906 27.33022689819336
  endloop
 endfacet
 facet normal -0.8386494743643563 0.544622487700116 0.007307875185407787
  outer loop
   vertex 0.6435595154762268 38.16256332397461 26.24005699157715
   vertex 0.7639320492744446 38.35114288330078 26
   vertex 0.5358983874320984 38 26
  endloop
 endfacet
 facet normal -0.7946888444638125 0.6023984602225029 0.07473777897641976
  outer loop
   vertex 0.6435595154762268 38.16256332397461 26.24005699157715
   vertex 1.0077714920043945 38.619441986083984 26.430217742919922
   vertex 0.7639320492744446 38.35114288330078 26
  endloop
 endfacet
 facet normal -0.31180918682638176 0.8793662782423016 0.3598471615852392
  outer loop
   vertex 2.583822250366211 39.365013122558594 27.634355545043945
   vertex 3.004204273223877 39.638526916503906 27.33022689819336
   vertex 2.825028896331787 39.638526916503906 27.174970626831055
  endloop
 endfacet
 facet normal -0.34177191412061053 0.8754331222703953 0.34177303455691327
  outer loop
   vertex 2.583822250366211 39.365013122558594 27.634355545043945
   vertex 2.825028896331787 39.638526916503906 27.174970626831055
   vertex 2.3656437397003174 39.365013122558594 27.41617774963379
  endloop
 endfacet
 facet normal -0.47605799805380505 0.8039695327549529 0.35637308104118337
  outer loop
   vertex 1.903027892112732 39.02299880981445 27.569772720336914
   vertex 2.3656437397003174 39.365013122558594 27.41617774963379
   vertex 2.1807360649108887 39.365013122558594 27.169170379638672
  endloop
 endfacet
 facet normal -0.5088943633371593 0.7962828778170861 0.32704755840551253
  outer loop
   vertex 1.903027892112732 39.02299880981445 27.569772720336914
   vertex 2.1807360649108887 39.365013122558594 27.169170379638672
   vertex 1.700969934463501 39.02299880981445 27.2553653717041
  endloop
 endfacet
 facet normal 0.008599269749256486 0.9658904979004352 0.25880803431390875
  outer loop
   vertex 3.839621067047119 39.83797073364258 27.115459442138672
   vertex 4 39.80422592163086 27.236068725585938
   vertex 4 39.91259002685547 26.831645965576172
  endloop
 endfacet
 facet normal -0.11649574274046852 0.9747601285239667 0.19045060714864256
  outer loop
   vertex 3.839621067047119 39.83797073364258 27.115459442138672
   vertex 4 39.91259002685547 26.831645965576172
   vertex 3.9593894481658936 39.959285736083984 26.567808151245117
  endloop
 endfacet
 facet normal -0.030175435973743066 0.9772608860238899 0.2098823568373394
  outer loop
   vertex 3.839621067047119 39.83797073364258 27.115459442138672
   vertex 3.9593894481658936 39.959285736083984 26.567808151245117
   vertex 3.878995180130005 39.959285736083984 26.556249618530273
  endloop
 endfacet
 facet normal -0.04540722411533195 0.9769174607841232 0.20873537987902444
  outer loop
   vertex 3.839621067047119 39.83797073364258 27.115459442138672
   vertex 3.878995180130005 39.959285736083984 26.556249618530273
   vertex 3.682507038116455 39.83797073364258 27.081281661987305
  endloop
 endfacet
 facet normal -0.6688770400691237 0.7002599346280217 0.2494785145521086
  outer loop
   vertex 1.2501840591430664 38.619441986083984 27.25579833984375
   vertex 1.5457136631011963 39.02299880981445 26.915401458740234
   vertex 1.099454402923584 38.619441986083984 26.85167694091797
  endloop
 endfacet
 facet normal -0.6379118239650851 0.7128804600638331 0.2913244831879328
  outer loop
   vertex 1.2501840591430664 38.619441986083984 27.25579833984375
   vertex 1.700969934463501 39.02299880981445 27.2553653717041
   vertex 1.5457136631011963 39.02299880981445 26.915401458740234
  endloop
 endfacet
 facet normal -0.14618804407077213 0.9360344986086336 0.3201069714724222
  outer loop
   vertex 3.419309377670288 39.638526916503906 27.55689239501953
   vertex 3.5318562984466553 39.83797073364258 27.02509117126465
   vertex 3.203651189804077 39.638526916503906 27.458404541015625
  endloop
 endfacet
 facet normal -0.12155313029153017 0.9375600273491528 0.32589266888561025
  outer loop
   vertex 3.419309377670288 39.638526916503906 27.55689239501953
   vertex 3.682507038116455 39.83797073364258 27.081281661987305
   vertex 3.5318562984466553 39.83797073364258 27.02509117126465
  endloop
 endfacet
 facet normal -0.7995319996517695 0.5895199809758102 0.11495552863226348
  outer loop
   vertex 0.711887001991272 38.16256332397461 26.71528434753418
   vertex 1.0077714920043945 38.619441986083984 26.430217742919922
   vertex 0.6435595154762268 38.16256332397461 26.24005699157715
  endloop
 endfacet
 facet normal -0.775925440237357 0.607823035194552 0.16879238454191745
  outer loop
   vertex 0.711887001991272 38.16256332397461 26.71528434753418
   vertex 1.099454402923584 38.619441986083984 26.85167694091797
   vertex 1.0077714920043945 38.619441986083984 26.430217742919922
  endloop
 endfacet
 facet normal -0.28965465399939877 0.8754330584529983 0.3869329936618458
  outer loop
   vertex 2.8308300971984863 39.365013122558594 27.819263458251953
   vertex 3.004204273223877 39.638526916503906 27.33022689819336
   vertex 2.583822250366211 39.365013122558594 27.634355545043945
  endloop
 endfacet
 facet normal -0.2574252859050607 0.8793661867336808 0.40055877447156596
  outer loop
   vertex 2.8308300971984863 39.365013122558594 27.819263458251953
   vertex 3.203651189804077 39.638526916503906 27.458404541015625
   vertex 3.004204273223877 39.638526916503906 27.33022689819336
  endloop
 endfacet
 facet normal -0.4571720901322702 0.7962830223190764 0.3961401625315066
  outer loop
   vertex 2.1477742195129395 39.02299880981445 27.85222625732422
   vertex 2.3656437397003174 39.365013122558594 27.41617774963379
   vertex 1.903027892112732 39.02299880981445 27.569772720336914
  endloop
 endfacet
 facet normal -0.4204941794832516 0.8039702300000492 0.4204955579960091
  outer loop
   vertex 2.1477742195129395 39.02299880981445 27.85222625732422
   vertex 2.583822250366211 39.365013122558594 27.634355545043945
   vertex 2.3656437397003174 39.365013122558594 27.41617774963379
  endloop
 endfacet
 facet normal -0.5899583606786782 0.7128805415306909 0.3791443869718172
  outer loop
   vertex 1.4568920135498047 38.619441986083984 27.634355545043945
   vertex 1.903027892112732 39.02299880981445 27.569772720336914
   vertex 1.700969934463501 39.02299880981445 27.2553653717041
  endloop
 endfacet
 facet normal -0.6265645809722892 0.7002597353631251 0.34213028059525147
  outer loop
   vertex 1.4568920135498047 38.619441986083984 27.634355545043945
   vertex 1.700969934463501 39.02299880981445 27.2553653717041
   vertex 1.2501840591430664 38.619441986083984 27.25579833984375
  endloop
 endfacet
 facet normal -0.07393469999454005 0.9375598827977931 0.3398751628243902
  outer loop
   vertex 3.6467888355255127 39.638526916503906 27.623685836791992
   vertex 3.839621067047119 39.83797073364258 27.115459442138672
   vertex 3.682507038116455 39.83797073364258 27.081281661987305
  endloop
 endfacet
 facet normal -0.09914338930484395 0.936034319213924 0.33765417457936797
  outer loop
   vertex 3.6467888355255127 39.638526916503906 27.623685836791992
   vertex 3.682507038116455 39.83797073364258 27.081281661987305
   vertex 3.419309377670288 39.638526916503906 27.55689239501953
  endloop
 endfacet
 facet normal -0.7440059062205234 0.6078230585456931 0.2775001639803778
  outer loop
   vertex 0.8471509218215942 38.16256332397461 27.17595100402832
   vertex 1.2501840591430664 38.619441986083984 27.25579833984375
   vertex 1.099454402923584 38.619441986083984 26.85167694091797
  endloop
 endfacet
 facet normal -0.7750341796341019 0.5895198625813318 0.2275705429553271
  outer loop
   vertex 0.8471509218215942 38.16256332397461 27.17595100402832
   vertex 1.099454402923584 38.619441986083984 26.85167694091797
   vertex 0.711887001991272 38.16256332397461 26.71528434753418
  endloop
 endfacet
 facet normal -0.19779842886098056 0.8793660681502158 0.4331178820207702
  outer loop
   vertex 3.1016387939453125 39.365013122558594 27.96713638305664
   vertex 3.419309377670288 39.638526916503906 27.55689239501953
   vertex 3.203651189804077 39.638526916503906 27.458404541015625
  endloop
 endfacet
 facet normal -0.23164036744154257 0.8754327939914206 0.4242171182023687
  outer loop
   vertex 3.1016387939453125 39.365013122558594 27.96713638305664
   vertex 3.203651189804077 39.638526916503906 27.458404541015625
   vertex 2.8308300971984863 39.365013122558594 27.819263458251953
  endloop
 endfacet
 facet normal -0.8893954652879454 0.45316834023019176 0.06011789865133571
  outer loop
   vertex 0.3985069990158081 37.661659240722656 26.5178165435791
   vertex 0.5358983874320984 38 26
   vertex 0.3458181619644165 37.62694549560547 26
  endloop
 endfacet
 facet normal -0.9312376821293306 0.35747031828658044 0.07079089578811032
  outer loop
   vertex 0.3985069990158081 37.661659240722656 26.5178165435791
   vertex 0.3458181619644165 37.62694549560547 26
   vertex 0.1957739293575287 37.23606872558594 26
  endloop
 endfacet
 facet normal -0.8624619300349857 0.49069598631752415 0.12400350096751078
  outer loop
   vertex 0.3985069990158081 37.661659240722656 26.5178165435791
   vertex 0.711887001991272 38.16256332397461 26.71528434753418
   vertex 0.6435595154762268 38.16256332397461 26.24005699157715
  endloop
 endfacet
 facet normal -0.8787322535784831 0.47140739189987135 0.074864526867148
  outer loop
   vertex 0.3985069990158081 37.661659240722656 26.5178165435791
   vertex 0.6435595154762268 38.16256332397461 26.24005699157715
   vertex 0.5358983874320984 38 26
  endloop
 endfacet
 facet normal -0.3961399530363547 0.7962834440793141 0.4571715370553386
  outer loop
   vertex 2.4302263259887695 39.02299880981445 28.09697151184082
   vertex 2.583822250366211 39.365013122558594 27.634355545043945
   vertex 2.1477742195129395 39.02299880981445 27.85222625732422
  endloop
 endfacet
 facet normal -0.3563725787412781 0.8039699720161857 0.4760576322438127
  outer loop
   vertex 2.4302263259887695 39.02299880981445 28.09697151184082
   vertex 2.8308300971984863 39.365013122558594 27.819263458251953
   vertex 2.583822250366211 39.365013122558594 27.634355545043945
  endloop
 endfacet
 facet normal -0.5714968777367353 0.7002603543057911 0.4278162630437166
  outer loop
   vertex 1.7153702974319458 38.619441986083984 27.979642868041992
   vertex 1.903027892112732 39.02299880981445 27.569772720336914
   vertex 1.4568920135498047 38.619441986083984 27.634355545043945
  endloop
 endfacet
 facet normal -0.5299969377546447 0.7128808675051868 0.459242980039708
  outer loop
   vertex 1.7153702974319458 38.619441986083984 27.979642868041992
   vertex 2.1477742195129395 39.02299880981445 27.85222625732422
   vertex 1.903027892112732 39.02299880981445 27.569772720336914
  endloop
 endfacet
 facet normal -0.03113764103292042 0.9331283610234028 0.35819255877904976
  outer loop
   vertex 3.8814585208892822 39.638526916503906 27.657426834106445
   vertex 4 39.65418243408203 27.6269474029541
   vertex 4 39.80422592163086 27.236068725585938
  endloop
 endfacet
 facet normal -0.0009414002024077713 0.8910034648985787 0.4539955278462401
  outer loop
   vertex 3.8814585208892822 39.638526916503906 27.657426834106445
   vertex 4 39.4640998840332 28
   vertex 4 39.65418243408203 27.6269474029541
  endloop
 endfacet
 facet normal -0.050082665613424275 0.9360343895752338 0.348326496462117
  outer loop
   vertex 3.8814585208892822 39.638526916503906 27.657426834106445
   vertex 3.839621067047119 39.83797073364258 27.115459442138672
   vertex 3.6467888355255127 39.638526916503906 27.623685836791992
  endloop
 endfacet
 facet normal -0.06583399263801926 0.9347775653403758 0.34907991742530314
  outer loop
   vertex 3.8814585208892822 39.638526916503906 27.657426834106445
   vertex 4 39.80422592163086 27.236068725585938
   vertex 3.839621067047119 39.83797073364258 27.115459442138672
  endloop
 endfacet
 facet normal -0.7347589203540311 0.5895203431153876 0.33555192446668236
  outer loop
   vertex 1.0465978384017944 38.16256332397461 27.612680435180664
   vertex 1.2501840591430664 38.619441986083984 27.25579833984375
   vertex 0.8471509218215942 38.16256332397461 27.17595100402832
  endloop
 endfacet
 facet normal -0.6969400633570086 0.6078239810747627 0.38055821646412424
  outer loop
   vertex 1.0465978384017944 38.16256332397461 27.612680435180664
   vertex 1.4568920135498047 38.619441986083984 27.634355545043945
   vertex 1.2501840591430664 38.619441986083984 27.25579833984375
  endloop
 endfacet
 facet normal -0.16891072190051304 0.8754329003578618 0.45286466521254415
  outer loop
   vertex 3.390735626220703 39.365013122558594 28.07496452331543
   vertex 3.419309377670288 39.638526916503906 27.55689239501953
   vertex 3.1016387939453125 39.365013122558594 27.96713638305664
  endloop
 endfacet
 facet normal -0.13414473750707948 0.8793663737811174 0.45685880757867037
  outer loop
   vertex 3.390735626220703 39.365013122558594 28.07496452331543
   vertex 3.6467888355255127 39.638526916503906 27.623685836791992
   vertex 3.419309377670288 39.638526916503906 27.55689239501953
  endloop
 endfacet
 facet normal -0.8360358342199056 0.490695987686788 0.2454822428777983
  outer loop
   vertex 0.5088579654693604 37.661659240722656 27.02509117126465
   vertex 0.8471509218215942 38.16256332397461 27.17595100402832
   vertex 0.711887001991272 38.16256332397461 26.71528434753418
  endloop
 endfacet
 facet normal -0.8642610625637243 0.4665892672271552 0.18800870044933704
  outer loop
   vertex 0.5088579654693604 37.661659240722656 27.02509117126465
   vertex 0.711887001991272 38.16256332397461 26.71528434753418
   vertex 0.3985069990158081 37.661659240722656 26.5178165435791
  endloop
 endfacet
 facet normal -0.32704745924237266 0.796283373794878 0.5088936509929707
  outer loop
   vertex 2.7446346282958984 39.02299880981445 28.299030303955078
   vertex 2.8308300971984863 39.365013122558594 27.819263458251953
   vertex 2.4302263259887695 39.02299880981445 28.09697151184082
  endloop
 endfacet
 facet normal -0.2849949925072415 0.8039703307794307 0.5219286938578969
  outer loop
   vertex 2.7446346282958984 39.02299880981445 28.299030303955078
   vertex 3.1016387939453125 39.365013122558594 27.96713638305664
   vertex 2.8308300971984863 39.365013122558594 27.819263458251953
  endloop
 endfacet
 facet normal -0.9657587798648767 0.2587732745413477 0.018611058461386137
  outer loop
   vertex 0.17180681228637695 37.126930236816406 26.2737979888916
   vertex 0.1957739293575287 37.23606872558594 26
   vertex 0.0874096006155014 36.83164596557617 26
  endloop
 endfacet
 facet normal -0.9289540154045809 0.36461690000977337 0.06402306999018854
  outer loop
   vertex 0.17180681228637695 37.126930236816406 26.2737979888916
   vertex 0.3985069990158081 37.661659240722656 26.5178165435791
   vertex 0.1957739293575287 37.23606872558594 26
  endloop
 endfacet
 facet normal -0.45924317059289393 0.7128808495651282 0.5299967967705911
  outer loop
   vertex 2.020357131958008 38.619441986083984 28.284629821777344
   vertex 2.4302263259887695 39.02299880981445 28.09697151184082
   vertex 2.1477742195129395 39.02299880981445 27.85222625732422
  endloop
 endfacet
 facet normal -0.504795142941184 0.7002598992701673 0.5047949456334971
  outer loop
   vertex 2.020357131958008 38.619441986083984 28.284629821777344
   vertex 2.1477742195129395 39.02299880981445 27.85222625732422
   vertex 1.7153702974319458 38.619441986083984 27.979642868041992
  endloop
 endfacet
 facet normal -0.6795251465564608 0.5895210749159753 0.43670410740836124
  outer loop
   vertex 1.3061673641204834 38.16256332397461 28.016578674316406
   vertex 1.4568920135498047 38.619441986083984 27.634355545043945
   vertex 1.0465978384017944 38.16256332397461 27.612680435180664
  endloop
 endfacet
 facet normal -0.6356876589755436 0.6078240780609381 0.4758687743018694
  outer loop
   vertex 1.3061673641204834 38.16256332397461 28.016578674316406
   vertex 1.7153702974319458 38.619441986083984 27.979642868041992
   vertex 1.4568920135498047 38.619441986083984 27.634355545043945
  endloop
 endfacet
 facet normal -0.021286261468146234 0.8384832240967424 0.5445115039932967
  outer loop
   vertex 3.692235231399536 39.365013122558594 28.14055061340332
   vertex 4 39.23606872558594 28.35114097595215
   vertex 4 39.4640998840332 28
  endloop
 endfacet
 facet normal -0.06791022074678302 0.879380829470909 0.47125105695072905
  outer loop
   vertex 3.692235231399536 39.365013122558594 28.14055061340332
   vertex 4 39.4640998840332 28
   vertex 3.8814585208892822 39.638526916503906 27.657426834106445
  endloop
 endfacet
 facet normal -0.06776388586681596 0.8793659243329225 0.471299933051485
  outer loop
   vertex 3.692235231399536 39.365013122558594 28.14055061340332
   vertex 3.8814585208892822 39.638526916503906 27.657426834106445
   vertex 3.6467888355255127 39.638526916503906 27.623685836791992
  endloop
 endfacet
 facet normal -0.10273949838045719 0.8754330090663212 0.472294020827724
  outer loop
   vertex 3.692235231399536 39.365013122558594 28.14055061340332
   vertex 3.6467888355255127 39.638526916503906 27.623685836791992
   vertex 3.390735626220703 39.365013122558594 28.07496452331543
  endloop
 endfacet
 facet normal -0.7925908784185095 0.4906960692822655 0.3619627978656224
  outer loop
   vertex 0.6902785301208496 37.661659240722656 27.511499404907227
   vertex 1.0465978384017944 38.16256332397461 27.612680435180664
   vertex 0.8471509218215942 38.16256332397461 27.17595100402832
  endloop
 endfacet
 facet normal -0.8287078820152012 0.4665894225268138 0.3090915027495476
  outer loop
   vertex 0.6902785301208496 37.661659240722656 27.511499404907227
   vertex 0.8471509218215942 38.16256332397461 27.17595100402832
   vertex 0.5088579654693604 37.661659240722656 27.02509117126465
  endloop
 endfacet
 facet normal -0.20781677496480053 0.8039701023155822 0.5571752530630749
  outer loop
   vertex 3.0845985412597656 39.02299880981445 28.454286575317383
   vertex 3.390735626220703 39.365013122558594 28.07496452331543
   vertex 3.1016387939453125 39.365013122558594 27.96713638305664
  endloop
 endfacet
 facet normal -0.2512942870800585 0.7962835109014699 0.550257895488428
  outer loop
   vertex 3.0845985412597656 39.02299880981445 28.454286575317383
   vertex 3.1016387939453125 39.365013122558594 27.96713638305664
   vertex 2.7446346282958984 39.02299880981445 28.299030303955078
  endloop
 endfacet
 facet normal -0.9328776902536634 0.3342887140505699 0.1341278147343278
  outer loop
   vertex 0.24973778426647186 37.126930236816406 26.815818786621094
   vertex 0.3985069990158081 37.661659240722656 26.5178165435791
   vertex 0.17180681228637695 37.126930236816406 26.2737979888916
  endloop
 endfacet
 facet normal -0.9102652534746338 0.3636024049500797 0.19801631102330708
  outer loop
   vertex 0.24973778426647186 37.126930236816406 26.815818786621094
   vertex 0.5088579654693604 37.661659240722656 27.02509117126465
   vertex 0.3985069990158081 37.661659240722656 26.5178165435791
  endloop
 endfacet
 facet normal -0.37914455001279807 0.7128807802522606 0.5899579674371055
  outer loop
   vertex 2.3656437397003174 38.619441986083984 28.543107986450195
   vertex 2.7446346282958984 39.02299880981445 28.299030303955078
   vertex 2.4302263259887695 39.02299880981445 28.09697151184082
  endloop
 endfacet
 facet normal -0.42781661567805984 0.7002605054751674 0.571496428529028
  outer loop
   vertex 2.3656437397003174 38.619441986083984 28.543107986450195
   vertex 2.4302263259887695 39.02299880981445 28.09697151184082
   vertex 2.020357131958008 38.619441986083984 28.284629821777344
  endloop
 endfacet
 facet normal -0.5614937709837576 0.6078237711328192 0.5614935515144568
  outer loop
   vertex 1.6205756664276123 38.16256332397461 28.379425048828125
   vertex 2.020357131958008 38.619441986083984 28.284629821777344
   vertex 1.7153702974319458 38.619441986083984 27.979642868041992
  endloop
 endfacet
 facet normal -0.6104590782427962 0.5895207070129533 0.528966019507778
  outer loop
   vertex 1.6205756664276123 38.16256332397461 28.379425048828125
   vertex 1.7153702974319458 38.619441986083984 27.979642868041992
   vertex 1.3061673641204834 38.16256332397461 28.016578674316406
  endloop
 endfacet
 facet normal -0.7330106948131468 0.49069504141423875 0.47107716737390914
  outer loop
   vertex 0.9390754699707031 37.661659240722656 27.96713638305664
   vertex 1.3061673641204834 38.16256332397461 28.016578674316406
   vertex 1.0465978384017944 38.16256332397461 27.612680435180664
  endloop
 endfacet
 facet normal -0.7762844339541991 0.46658857033104284 0.42388392708009365
  outer loop
   vertex 0.9390754699707031 37.661659240722656 27.96713638305664
   vertex 1.0465978384017944 38.16256332397461 27.612680435180664
   vertex 0.6902785301208496 37.661659240722656 27.511499404907227
  endloop
 endfacet
 facet normal -0.17042570154252037 0.796282890242374 0.5804210876260364
  outer loop
   vertex 3.443197250366211 39.02299880981445 28.559579849243164
   vertex 3.390735626220703 39.365013122558594 28.07496452331543
   vertex 3.0845985412597656 39.02299880981445 28.454286575317383
  endloop
 endfacet
 facet normal -0.1264041481594581 0.8039697726068163 0.5810805418034799
  outer loop
   vertex 3.443197250366211 39.02299880981445 28.559579849243164
   vertex 3.692235231399536 39.365013122558594 28.14055061340332
   vertex 3.390735626220703 39.365013122558594 28.07496452331543
  endloop
 endfacet
 facet normal -0.904294127572667 0.3342889751477139 0.2655240326830701
  outer loop
   vertex 0.4040132761001587 37.126930236816406 27.34123420715332
   vertex 0.5088579654693604 37.661659240722656 27.02509117126465
   vertex 0.24973778426647186 37.126930236816406 26.815818786621094
  endloop
 endfacet
 facet normal -0.8728194819763407 0.3636029340517734 0.32554424926804326
  outer loop
   vertex 0.4040132761001587 37.126930236816406 27.34123420715332
   vertex 0.6902785301208496 37.661659240722656 27.511499404907227
   vertex 0.5088579654693604 37.661659240722656 27.02509117126465
  endloop
 endfacet
 facet normal -0.29132417689263695 0.7128811853944109 0.6379111532717444
  outer loop
   vertex 2.744201183319092 38.619441986083984 28.74981689453125
   vertex 3.0845985412597656 39.02299880981445 28.454286575317383
   vertex 2.7446346282958984 39.02299880981445 28.299030303955078
  endloop
 endfacet
 facet normal -0.3421311207789324 0.7002601815436932 0.6265636235363058
  outer loop
   vertex 2.744201183319092 38.619441986083984 28.74981689453125
   vertex 2.7446346282958984 39.02299880981445 28.299030303955078
   vertex 2.3656437397003174 38.619441986083984 28.543107986450195
  endloop
 endfacet
 facet normal -0.9858175405787019 0.1561384150180299 0.061518875501886866
  outer loop
   vertex 0.08101405203342438 36.56925964355469 26.563465118408203
   vertex 0.0874096006155014 36.83164596557617 26
   vertex 0.02191241830587387 36.418113708496094 26
  endloop
 endfacet
 facet normal -0.9857586778041111 0.06247828221007796 0.15612909205515915
  outer loop
   vertex 0.08101405203342438 36.56925964355469 26.563465118408203
   vertex 0.02191241830587387 36 26.418113708496094
   vertex 0.0874096006155014 36 26.831645965576172
  endloop
 endfacet
 facet normal -0.9758683355862183 0.20197919897122935 0.08297827898386809
  outer loop
   vertex 0.08101405203342438 36.56925964355469 26.563465118408203
   vertex 0.17180681228637695 37.126930236816406 26.2737979888916
   vertex 0.0874096006155014 36.83164596557617 26
  endloop
 endfacet
 facet normal -0.9932293351799905 0.08214465210198957 0.08214465210198957
  outer loop
   vertex 0.08101405203342438 36.56925964355469 26.563465118408203
   vertex 0.02191241830587387 36.418113708496094 26
   vertex 0.02191241830587387 36 26.418113708496094
  endloop
 endfacet
 facet normal -0.9635568890181762 0.22883425300805368 0.13853882587874192
  outer loop
   vertex 0.08101405203342438 36.56925964355469 26.563465118408203
   vertex 0.24973778426647186 37.126930236816406 26.815818786621094
   vertex 0.17180681228637695 37.126930236816406 26.2737979888916
  endloop
 endfacet
 facet normal -0.5289652339217958 0.5895202255986509 0.6104602238575216
  outer loop
   vertex 1.9834221601486206 38.16256332397461 28.693832397460938
   vertex 2.020357131958008 38.619441986083984 28.284629821777344
   vertex 1.6205756664276123 38.16256332397461 28.379425048828125
  endloop
 endfacet
 facet normal -0.47586974446544206 0.6078230336780789 0.6356879313254042
  outer loop
   vertex 1.9834221601486206 38.16256332397461 28.693832397460938
   vertex 2.3656437397003174 38.619441986083984 28.543107986450195
   vertex 2.020357131958008 38.619441986083984 28.284629821777344
  endloop
 endfacet
 facet normal -0.7080584211451119 0.46658794961922245 0.5300461843232355
  outer loop
   vertex 1.2501840591430664 37.661659240722656 28.382728576660156
   vertex 1.3061673641204834 38.16256332397461 28.016578674316406
   vertex 0.9390754699707031 37.661659240722656 27.96713638305664
  endloop
 endfacet
 facet normal -0.6585083607105676 0.49069467500887565 0.5706009768587982
  outer loop
   vertex 1.2501840591430664 37.661659240722656 28.382728576660156
   vertex 1.6205756664276123 38.16256332397461 28.379425048828125
   vertex 1.3061673641204834 38.16256332397461 28.016578674316406
  endloop
 endfacet
 facet normal -0.0050272558120552984 0.7771368033773721 0.6293116203721332
  outer loop
   vertex 3.813131093978882 39.02299880981445 28.612768173217773
   vertex 4 38.97257995605469 28.676523208618164
   vertex 4 39.23606872558594 28.35114097595215
  endloop
 endfacet
 facet normal -0.050400996759657486 0.7062058175212549 0.7062103672594797
  outer loop
   vertex 3.813131093978882 39.02299880981445 28.612768173217773
   vertex 4 38.67652130126953 28.972579956054688
   vertex 4 38.97257995605469 28.676523208618164
  endloop
 endfacet
 facet normal -0.07417755071707337 0.7985411140928381 0.5973523081674537
  outer loop
   vertex 3.813131093978882 39.02299880981445 28.612768173217773
   vertex 4 39.23606872558594 28.35114097595215
   vertex 3.692235231399536 39.365013122558594 28.14055061340332
  endloop
 endfacet
 facet normal -0.08608943596524683 0.7962832893446866 0.5987666758643068
  outer loop
   vertex 3.813131093978882 39.02299880981445 28.612768173217773
   vertex 3.692235231399536 39.365013122558594 28.14055061340332
   vertex 3.443197250366211 39.02299880981445 28.559579849243164
  endloop
 endfacet
 facet normal -0.8573013110662839 0.33428870519448756 0.3915169518979012
  outer loop
   vertex 0.6314927339553833 37.126930236816406 27.839344024658203
   vertex 0.6902785301208496 37.661659240722656 27.511499404907227
   vertex 0.4040132761001587 37.126930236816406 27.34123420715332
  endloop
 endfacet
 facet normal -0.8176053133021461 0.36360246067307045 0.44644686386241733
  outer loop
   vertex 0.6314927339553833 37.126930236816406 27.839344024658203
   vertex 0.9390754699707031 37.661659240722656 27.96713638305664
   vertex 0.6902785301208496 37.661659240722656 27.511499404907227
  endloop
 endfacet
 facet normal -0.24947615184407293 0.7002600097417808 0.6688778426719741
  outer loop
   vertex 3.1483230590820312 38.619441986083984 28.900545120239258
   vertex 3.0845985412597656 39.02299880981445 28.454286575317383
   vertex 2.744201183319092 38.619441986083984 28.74981689453125
  endloop
 endfacet
 facet normal -0.19757360208825894 0.7128803890079507 0.6728790550505666
  outer loop
   vertex 3.1483230590820312 38.619441986083984 28.900545120239258
   vertex 3.443197250366211 39.02299880981445 28.559579849243164
   vertex 3.0845985412597656 39.02299880981445 28.454286575317383
  endloop
 endfacet
 facet normal -0.9582729285289991 0.1955954619682599 0.20845961168983904
  outer loop
   vertex 0.20109312236309052 36.56925964355469 27.115459442138672
   vertex 0.24973778426647186 37.126930236816406 26.815818786621094
   vertex 0.08101405203342438 36.56925964355469 26.563465118408203
  endloop
 endfacet
 facet normal -0.9639624151936664 0.06373174102023771 0.2582919419581694
  outer loop
   vertex 0.20109312236309052 36.56925964355469 27.115459442138672
   vertex 0.0874096006155014 36 26.831645965576172
   vertex 0.1957739293575287 36 27.236068725585938
  endloop
 endfacet
 facet normal -0.9340334289667414 0.22883412994923708 0.274256257071752
  outer loop
   vertex 0.20109312236309052 36.56925964355469 27.115459442138672
   vertex 0.4040132761001587 37.126930236816406 27.34123420715332
   vertex 0.24973778426647186 37.126930236816406 26.815818786621094
  endloop
 endfacet
 facet normal -0.9732857231730813 0.08881011349769254 0.21172544676533125
  outer loop
   vertex 0.20109312236309052 36.56925964355469 27.115459442138672
   vertex 0.08101405203342438 36.56925964355469 26.563465118408203
   vertex 0.0874096006155014 36 26.831645965576172
  endloop
 endfacet
 facet normal -0.38056001554960034 0.6078222603821457 0.6969405816486991
  outer loop
   vertex 2.3873202800750732 38.16256332397461 28.953401565551758
   vertex 2.744201183319092 38.619441986083984 28.74981689453125
   vertex 2.3656437397003174 38.619441986083984 28.543107986450195
  endloop
 endfacet
 facet normal -0.4367042992581408 0.5895197407040658 0.6795261807536681
  outer loop
   vertex 2.3873202800750732 38.16256332397461 28.953401565551758
   vertex 2.3656437397003174 38.619441986083984 28.543107986450195
   vertex 1.9834221601486206 38.16256332397461 28.693832397460938
  endloop
 endfacet
 facet normal -0.625419147569445 0.4665884999115235 0.6254167103650354
  outer loop
   vertex 1.6172709465026855 37.661659240722656 28.74981689453125
   vertex 1.6205756664276123 38.16256332397461 28.379425048828125
   vertex 1.2501840591430664 37.661659240722656 28.382728576660156
  endloop
 endfacet
 facet normal -0.5705992187408613 0.49069647144323086 0.6585085454916141
  outer loop
   vertex 1.6172709465026855 37.661659240722656 28.74981689453125
   vertex 1.9834221601486206 38.16256332397461 28.693832397460938
   vertex 1.6205756664276123 38.16256332397461 28.379425048828125
  endloop
 endfacet
 facet normal -0.7928567790647824 0.33428892969286583 0.5095380646976406
  outer loop
   vertex 0.9275451898574829 37.126930236816406 28.300010681152344
   vertex 0.9390754699707031 37.661659240722656 27.96713638305664
   vertex 0.6314927339553833 37.126930236816406 27.839344024658203
  endloop
 endfacet
 facet normal -0.7457472950964271 0.36360285681138454 0.5582597373758583
  outer loop
   vertex 0.9275451898574829 37.126930236816406 28.300010681152344
   vertex 1.2501840591430664 37.661659240722656 28.382728576660156
   vertex 0.9390754699707031 37.661659240722656 27.96713638305664
  endloop
 endfacet
 facet normal -0.06090746100392797 0.7029984835933186 0.708578445381702
  outer loop
   vertex 3.5697824954986572 38.619441986083984 28.992229461669922
   vertex 4 38.67652130126953 28.972579956054688
   vertex 3.813131093978882 39.02299880981445 28.612768173217773
  endloop
 endfacet
 facet normal -0.0998028713407925 0.712882026511583 0.6941459523391835
  outer loop
   vertex 3.5697824954986572 38.619441986083984 28.992229461669922
   vertex 3.813131093978882 39.02299880981445 28.612768173217773
   vertex 3.443197250366211 39.02299880981445 28.559579849243164
  endloop
 endfacet
 facet normal -0.15174992909718119 0.7002607436040706 0.6975721109577665
  outer loop
   vertex 3.5697824954986572 38.619441986083984 28.992229461669922
   vertex 3.443197250366211 39.02299880981445 28.559579849243164
   vertex 3.1483230590820312 38.619441986083984 28.900545120239258
  endloop
 endfacet
 facet normal -0.04794588422047482 0.6286002652316873 0.776249250393821
  outer loop
   vertex 3.5697824954986572 38.619441986083984 28.992229461669922
   vertex 4 38.35114288330078 29.236068725585938
   vertex 4 38.67652130126953 28.972579956054688
  endloop
 endfacet
 facet normal -0.9188524006932561 0.19559482704948558 0.34271406357446366
  outer loop
   vertex 0.3985069990158081 36.56925964355469 27.644746780395508
   vertex 0.4040132761001587 37.126930236816406 27.34123420715332
   vertex 0.20109312236309052 36.56925964355469 27.115459442138672
  endloop
 endfacet
 facet normal -0.9309516080521593 0.07499213162883164 0.3573587604339128
  outer loop
   vertex 0.3985069990158081 36.56925964355469 27.644746780395508
   vertex 0.1957739293575287 36 27.236068725585938
   vertex 0.3458181619644165 36 27.6269474029541
  endloop
 endfacet
 facet normal -0.8889367306455076 0.06811487130402409 0.45293691968806477
  outer loop
   vertex 0.3985069990158081 36.56925964355469 27.644746780395508
   vertex 0.3458181619644165 36 27.6269474029541
   vertex 0.5358983874320984 36 28
  endloop
 endfacet
 facet normal -0.9337547182747733 0.08251366354684053 0.3482723380167849
  outer loop
   vertex 0.3985069990158081 36.56925964355469 27.644746780395508
   vertex 0.20109312236309052 36.56925964355469 27.115459442138672
   vertex 0.1957739293575287 36 27.236068725585938
  endloop
 endfacet
 facet normal -0.8854950938210144 0.2288340707020583 0.4043926395285133
  outer loop
   vertex 0.3985069990158081 36.56925964355469 27.644746780395508
   vertex 0.6314927339553833 37.126930236816406 27.839344024658203
   vertex 0.4040132761001587 37.126930236816406 27.34123420715332
  endloop
 endfacet
 facet normal -0.3355544123675824 0.58951892087046 0.734758925278472
  outer loop
   vertex 2.8240480422973633 38.16256332397461 29.152849197387695
   vertex 2.744201183319092 38.619441986083984 28.74981689453125
   vertex 2.3873202800750732 38.16256332397461 28.953401565551758
  endloop
 endfacet
 facet normal -0.2774975239993877 0.607823210069113 0.7440067670898485
  outer loop
   vertex 2.8240480422973633 38.16256332397461 29.152849197387695
   vertex 3.1483230590820312 38.619441986083984 28.900545120239258
   vertex 2.744201183319092 38.619441986083984 28.74981689453125
  endloop
 endfacet
 facet normal -0.5300445498206278 0.46658982607012983 0.7080584081933455
  outer loop
   vertex 2.032863140106201 37.661659240722656 29.060924530029297
   vertex 1.9834221601486206 38.16256332397461 28.693832397460938
   vertex 1.6172709465026855 37.661659240722656 28.74981689453125
  endloop
 endfacet
 facet normal -0.4710763931990047 0.490696398691127 0.733010283749263
  outer loop
   vertex 2.032863140106201 37.661659240722656 29.060924530029297
   vertex 2.3873202800750732 38.16256332397461 28.953401565551758
   vertex 1.9834221601486206 38.16256332397461 28.693832397460938
  endloop
 endfacet
 facet normal -0.7122716845197694 0.3342891820386269 0.6171869977594441
  outer loop
   vertex 1.2861440181732178 37.126930236816406 28.713855743408203
   vertex 1.2501840591430664 37.661659240722656 28.382728576660156
   vertex 0.9275451898574829 37.126930236816406 28.300010681152344
  endloop
 endfacet
 facet normal -0.6587096570721035 0.3636021962015642 0.6587070901374531
  outer loop
   vertex 1.2861440181732178 37.126930236816406 28.713855743408203
   vertex 1.6172709465026855 37.661659240722656 28.74981689453125
   vertex 1.2501840591430664 37.661659240722656 28.382728576660156
  endloop
 endfacet
 facet normal -0.8607260650964416 0.1955950219743207 0.46999279594740734
  outer loop
   vertex 0.6692368388175964 36.56925964355469 28.14055061340332
   vertex 0.6314927339553833 37.126930236816406 27.839344024658203
   vertex 0.3985069990158081 36.56925964355469 27.644746780395508
  endloop
 endfacet
 facet normal -0.8189313667622911 0.2288335568451215 0.5262951831381856
  outer loop
   vertex 0.6692368388175964 36.56925964355469 28.14055061340332
   vertex 0.9275451898574829 37.126930236816406 28.300010681152344
   vertex 0.6314927339553833 37.126930236816406 27.839344024658203
  endloop
 endfacet
 facet normal -0.8370647175104349 0.06185248008017392 0.5435962926723353
  outer loop
   vertex 0.6692368388175964 36.56925964355469 28.14055061340332
   vertex 0.5358983874320984 36 28
   vertex 0.7639320492744446 36 28.35114097595215
  endloop
 endfacet
 facet normal -0.8743566951388113 0.08692252883164295 0.47743569582452483
  outer loop
   vertex 0.6692368388175964 36.56925964355469 28.14055061340332
   vertex 0.3985069990158081 36.56925964355469 27.644746780395508
   vertex 0.5358983874320984 36 28
  endloop
 endfacet
 facet normal -0.16879487119513442 0.6078226468347336 0.7759252035170894
  outer loop
   vertex 3.284714698791504 38.16256332397461 29.28811264038086
   vertex 3.5697824954986572 38.619441986083984 28.992229461669922
   vertex 3.1483230590820312 38.619441986083984 28.900545120239258
  endloop
 endfacet
 facet normal -0.22756965927521985 0.5895205683480311 0.7750339022726519
  outer loop
   vertex 3.284714698791504 38.16256332397461 29.28811264038086
   vertex 3.1483230590820312 38.619441986083984 28.900545120239258
   vertex 2.8240480422973633 38.16256332397461 29.152849197387695
  endloop
 endfacet
 facet normal -0.42388253941116455 0.46658955633178323 0.7762845990385563
  outer loop
   vertex 2.4885008335113525 37.661659240722656 29.309720993041992
   vertex 2.3873202800750732 38.16256332397461 28.953401565551758
   vertex 2.032863140106201 37.661659240722656 29.060924530029297
  endloop
 endfacet
 facet normal -0.3619651293554307 0.4906955866603314 0.7925901124558516
  outer loop
   vertex 2.4885008335113525 37.661659240722656 29.309720993041992
   vertex 2.8240480422973633 38.16256332397461 29.152849197387695
   vertex 2.3873202800750732 38.16256332397461 28.953401565551758
  endloop
 endfacet
 facet normal -0.5582589526782797 0.3636015228964383 0.7457485328862141
  outer loop
   vertex 1.6999891996383667 37.126930236816406 29.07245445251465
   vertex 2.032863140106201 37.661659240722656 29.060924530029297
   vertex 1.6172709465026855 37.661659240722656 28.74981689453125
  endloop
 endfacet
 facet normal -0.6171871939944893 0.33428739552373776 0.7122723529403376
  outer loop
   vertex 1.6999891996383667 37.126930236816406 29.07245445251465
   vertex 1.6172709465026855 37.661659240722656 28.74981689453125
   vertex 1.2861440181732178 37.126930236816406 28.713855743408203
  endloop
 endfacet
 facet normal -0.7850792731298515 0.19559504207550063 0.5877015521652019
  outer loop
   vertex 1.0077714920043945 36.56925964355469 28.59278106689453
   vertex 0.9275451898574829 37.126930236816406 28.300010681152344
   vertex 0.6692368388175964 36.56925964355469 28.14055061340332
  endloop
 endfacet
 facet normal -0.7754723030835871 0.06561087369516842 0.6279633113512235
  outer loop
   vertex 1.0077714920043945 36.56925964355469 28.59278106689453
   vertex 0.7639320492744446 36 28.35114097595215
   vertex 1.0274206399917603 36 28.676523208618164
  endloop
 endfacet
 facet normal -0.7356959590746618 0.22883462902864415 0.6374842494983985
  outer loop
   vertex 1.0077714920043945 36.56925964355469 28.59278106689453
   vertex 1.2861440181732178 37.126930236816406 28.713855743408203
   vertex 0.9275451898574829 37.126930236816406 28.300010681152344
  endloop
 endfacet
 facet normal -0.7974233768187887 0.08818138171512299 0.5969422099514592
  outer loop
   vertex 1.0077714920043945 36.56925964355469 28.59278106689453
   vertex 0.6692368388175964 36.56925964355469 28.14055061340332
   vertex 0.7639320492744446 36 28.35114097595215
  endloop
 endfacet
 facet normal -0.007312578261185288 0.544621467681292 0.8386500957728733
  outer loop
   vertex 3.7599425315856934 38.16256332397461 29.3564395904541
   vertex 4 38 29.464101791381836
   vertex 4 38.35114288330078 29.236068725585938
  endloop
 endfacet
 facet normal -0.07474016585644269 0.6023957989967618 0.7946906372663542
  outer loop
   vertex 3.7599425315856934 38.16256332397461 29.3564395904541
   vertex 4 38.35114288330078 29.236068725585938
   vertex 3.5697824954986572 38.619441986083984 28.992229461669922
  endloop
 endfacet
 facet normal -0.1149547024425271 0.5895183340220175 0.79953333278748
  outer loop
   vertex 3.7599425315856934 38.16256332397461 29.3564395904541
   vertex 3.5697824954986572 38.619441986083984 28.992229461669922
   vertex 3.284714698791504 38.16256332397461 29.28811264038086
  endloop
 endfacet
 facet normal -0.24548138835695144 0.49069635215374136 0.8360358712120877
  outer loop
   vertex 2.9749081134796143 37.661659240722656 29.49114227294922
   vertex 3.284714698791504 38.16256332397461 29.28811264038086
   vertex 2.8240480422973633 38.16256332397461 29.152849197387695
  endloop
 endfacet
 facet normal -0.30909322508007026 0.4665887686798296 0.8287076077552573
  outer loop
   vertex 2.9749081134796143 37.661659240722656 29.49114227294922
   vertex 2.8240480422973633 38.16256332397461 29.152849197387695
   vertex 2.4885008335113525 37.661659240722656 29.309720993041992
  endloop
 endfacet
 facet normal -0.44644559227009445 0.3636028488270453 0.8176058350253266
  outer loop
   vertex 2.160655975341797 37.126930236816406 29.368507385253906
   vertex 2.4885008335113525 37.661659240722656 29.309720993041992
   vertex 2.032863140106201 37.661659240722656 29.060924530029297
  endloop
 endfacet
 facet normal -0.5095386500164244 0.3342884195420518 0.7928566179956608
  outer loop
   vertex 2.160655975341797 37.126930236816406 29.368507385253906
   vertex 2.032863140106201 37.661659240722656 29.060924530029297
   vertex 1.6999891996383667 37.126930236816406 29.07245445251465
  endloop
 endfacet
 facet normal -0.7048762482422182 0.07936087881617673 0.7048768158887758
  outer loop
   vertex 1.4072191715240479 36.56925964355469 28.992229461669922
   vertex 1.0274206399917603 36 28.676523208618164
   vertex 1.3234776258468628 36 28.972579956054688
  endloop
 endfacet
 facet normal -0.6279645796716529 0.06560994833220343 0.7754713543114601
  outer loop
   vertex 1.4072191715240479 36.56925964355469 28.992229461669922
   vertex 1.3234776258468628 36 28.972579956054688
   vertex 1.6488590240478516 36 29.236068725585938
  endloop
 endfacet
 facet normal -0.6374838522679481 0.22883574186504999 0.7356959571335763
  outer loop
   vertex 1.4072191715240479 36.56925964355469 28.992229461669922
   vertex 1.6999891996383667 37.126930236816406 29.07245445251465
   vertex 1.2861440181732178 37.126930236816406 28.713855743408203
  endloop
 endfacet
 facet normal -0.7048771006149516 0.0793619895774562 0.704875838455942
  outer loop
   vertex 1.4072191715240479 36.56925964355469 28.992229461669922
   vertex 1.0077714920043945 36.56925964355469 28.59278106689453
   vertex 1.0274206399917603 36 28.676523208618164
  endloop
 endfacet
 facet normal -0.6934492985112966 0.1955961730036667 0.6934480568150079
  outer loop
   vertex 1.4072191715240479 36.56925964355469 28.992229461669922
   vertex 1.2861440181732178 37.126930236816406 28.713855743408203
   vertex 1.0077714920043945 36.56925964355469 28.59278106689453
  endloop
 endfacet
 facet normal -0.060117397083264676 0.453169143645315 0.8893950898311195
  outer loop
   vertex 3.4821834564208984 37.661659240722656 29.60149383544922
   vertex 4 37.62694549560547 29.65418243408203
   vertex 4 38 29.464101791381836
  endloop
 endfacet
 facet normal -0.07079063248579662 0.3574687778981555 0.9312382934460225
  outer loop
   vertex 3.4821834564208984 37.661659240722656 29.60149383544922
   vertex 4 37.23606872558594 29.80422592163086
   vertex 4 37.62694549560547 29.65418243408203
  endloop
 endfacet
 facet normal -0.07486567916504513 0.47141020549435825 0.878730646011008
  outer loop
   vertex 3.4821834564208984 37.661659240722656 29.60149383544922
   vertex 4 38 29.464101791381836
   vertex 3.7599425315856934 38.16256332397461 29.3564395904541
  endloop
 endfacet
 facet normal -0.12400228300646926 0.4906977608454103 0.86246109553445
  outer loop
   vertex 3.4821834564208984 37.661659240722656 29.60149383544922
   vertex 3.7599425315856934 38.16256332397461 29.3564395904541
   vertex 3.284714698791504 38.16256332397461 29.28811264038086
  endloop
 endfacet
 facet normal -0.18800930125529144 0.4665902990021627 0.8642603748399953
  outer loop
   vertex 3.4821834564208984 37.661659240722656 29.60149383544922
   vertex 3.284714698791504 38.16256332397461 29.28811264038086
   vertex 2.9749081134796143 37.661659240722656 29.49114227294922
  endloop
 endfacet
 facet normal -0.3915171457440853 0.3342898935412769 0.8573007591648141
  outer loop
   vertex 2.658766269683838 37.126930236816406 29.59598731994629
   vertex 2.4885008335113525 37.661659240722656 29.309720993041992
   vertex 2.160655975341797 37.126930236816406 29.368507385253906
  endloop
 endfacet
 facet normal -0.3255458496704762 0.3636035693075368 0.8728186204184389
  outer loop
   vertex 2.658766269683838 37.126930236816406 29.59598731994629
   vertex 2.9749081134796143 37.661659240722656 29.49114227294922
   vertex 2.4885008335113525 37.661659240722656 29.309720993041992
  endloop
 endfacet
 facet normal -0.5435952830779506 0.06185278201367986 0.8370653508374188
  outer loop
   vertex 1.8594485521316528 36.56925964355469 29.33076286315918
   vertex 1.6488590240478516 36 29.236068725585938
   vertex 2 36 29.464101791381836
  endloop
 endfacet
 facet normal -0.5969416832107362 0.08818175600722272 0.797423729740353
  outer loop
   vertex 1.8594485521316528 36.56925964355469 29.33076286315918
   vertex 1.4072191715240479 36.56925964355469 28.992229461669922
   vertex 1.6488590240478516 36 29.236068725585938
  endloop
 endfacet
 facet normal -0.5262956302162933 0.22883400098261475 0.8189309553372149
  outer loop
   vertex 1.8594485521316528 36.56925964355469 29.33076286315918
   vertex 2.160655975341797 37.126930236816406 29.368507385253906
   vertex 1.6999891996383667 37.126930236816406 29.07245445251465
  endloop
 endfacet
 facet normal -0.5877009205410776 0.19559615136170147 0.7850794695874176
  outer loop
   vertex 1.8594485521316528 36.56925964355469 29.33076286315918
   vertex 1.6999891996383667 37.126930236816406 29.07245445251465
   vertex 1.4072191715240479 36.56925964355469 28.992229461669922
  endloop
 endfacet
 facet normal -0.1980172332878396 0.36360038465394273 0.9102658598456466
  outer loop
   vertex 3.184180498123169 37.126930236816406 29.750261306762695
   vertex 3.4821834564208984 37.661659240722656 29.60149383544922
   vertex 2.9749081134796143 37.661659240722656 29.49114227294922
  endloop
 endfacet
 facet normal -0.2655222881501256 0.33428811908135364 0.9042949562706697
  outer loop
   vertex 3.184180498123169 37.126930236816406 29.750261306762695
   vertex 2.9749081134796143 37.661659240722656 29.49114227294922
   vertex 2.658766269683838 37.126930236816406 29.59598731994629
  endloop
 endfacet
 facet normal -0.45293704883974745 0.06811392646911094 0.8889367372368524
  outer loop
   vertex 2.355253219604492 36.56925964355469 29.60149383544922
   vertex 2 36 29.464101791381836
   vertex 2.3730533123016357 36 29.65418243408203
  endloop
 endfacet
 facet normal -0.3573572335431141 0.07499140016287474 0.9309522530914373
  outer loop
   vertex 2.355253219604492 36.56925964355469 29.60149383544922
   vertex 2.3730533123016357 36 29.65418243408203
   vertex 2.7639319896698 36 29.80422592163086
  endloop
 endfacet
 facet normal -0.4774366282330665 0.08692221911181465 0.8743562167938869
  outer loop
   vertex 2.355253219604492 36.56925964355469 29.60149383544922
   vertex 1.8594485521316528 36.56925964355469 29.33076286315918
   vertex 2 36 29.464101791381836
  endloop
 endfacet
 facet normal -0.40439293454166897 0.22883495203277474 0.885494731334374
  outer loop
   vertex 2.355253219604492 36.56925964355469 29.60149383544922
   vertex 2.658766269683838 37.126930236816406 29.59598731994629
   vertex 2.160655975341797 37.126930236816406 29.368507385253906
  endloop
 endfacet
 facet normal -0.469993647603224 0.19559558134631122 0.8607254729415269
  outer loop
   vertex 2.355253219604492 36.56925964355469 29.60149383544922
   vertex 2.160655975341797 37.126930236816406 29.368507385253906
   vertex 1.8594485521316528 36.56925964355469 29.33076286315918
  endloop
 endfacet
 facet normal -0.018608657771146335 0.25877278810300064 0.9657589564655126
  outer loop
   vertex 3.7262022495269775 37.126930236816406 29.82819366455078
   vertex 4 36.83164596557617 29.91259002685547
   vertex 4 37.23606872558594 29.80422592163086
  endloop
 endfacet
 facet normal -0.13412999983044452 0.334287139238037 0.9328779404003154
  outer loop
   vertex 3.7262022495269775 37.126930236816406 29.82819366455078
   vertex 3.4821834564208984 37.661659240722656 29.60149383544922
   vertex 3.184180498123169 37.126930236816406 29.750261306762695
  endloop
 endfacet
 facet normal -0.06402110366084174 0.36461716144361994 0.9289540483074741
  outer loop
   vertex 3.7262022495269775 37.126930236816406 29.82819366455078
   vertex 4 37.23606872558594 29.80422592163086
   vertex 3.4821834564208984 37.661659240722656 29.60149383544922
  endloop
 endfacet
 facet normal -0.2582922919872285 0.06373206268413892 0.9639623001373079
  outer loop
   vertex 2.884540319442749 36.56925964355469 29.798906326293945
   vertex 2.7639319896698 36 29.80422592163086
   vertex 3.168353319168091 36 29.91259002685547
  endloop
 endfacet
 facet normal -0.3482703393305014 0.0825133238204742 0.9337554937641412
  outer loop
   vertex 2.884540319442749 36.56925964355469 29.798906326293945
   vertex 2.355253219604492 36.56925964355469 29.60149383544922
   vertex 2.7639319896698 36 29.80422592163086
  endloop
 endfacet
 facet normal -0.2742544046366986 0.22883355875758812 0.9340341128265643
  outer loop
   vertex 2.884540319442749 36.56925964355469 29.798906326293945
   vertex 3.184180498123169 37.126930236816406 29.750261306762695
   vertex 2.658766269683838 37.126930236816406 29.59598731994629
  endloop
 endfacet
 facet normal -0.3427121127563415 0.19559445914303944 0.918853206623684
  outer loop
   vertex 2.884540319442749 36.56925964355469 29.798906326293945
   vertex 2.658766269683838 37.126930236816406 29.59598731994629
   vertex 2.355253219604492 36.56925964355469 29.60149383544922
  endloop
 endfacet
 facet normal -0.06152050593428035 0.15614111959481902 0.985817010464552
  outer loop
   vertex 3.436534881591797 36.56925964355469 29.91898536682129
   vertex 4 36.418113708496094 29.97808837890625
   vertex 4 36.83164596557617 29.91259002685547
  endloop
 endfacet
 facet normal -0.08214653191956243 0.08214657876150763 0.9932290203630622
  outer loop
   vertex 3.436534881591797 36.56925964355469 29.91898536682129
   vertex 3.581886053085327 36 29.97808837890625
   vertex 4 36.418113708496094 29.97808837890625
  endloop
 endfacet
 facet normal -0.15613161938823908 0.06248003601887285 0.9857581663502901
  outer loop
   vertex 3.436534881591797 36.56925964355469 29.91898536682129
   vertex 3.168353319168091 36 29.91259002685547
   vertex 3.581886053085327 36 29.97808837890625
  endloop
 endfacet
 facet normal -0.20845946139208169 0.19559581408093132 0.9582728893536229
  outer loop
   vertex 3.436534881591797 36.56925964355469 29.91898536682129
   vertex 3.184180498123169 37.126930236816406 29.750261306762695
   vertex 2.884540319442749 36.56925964355469 29.798906326293945
  endloop
 endfacet
 facet normal -0.21172529879015456 0.08881066669659568 0.9732857048848123
  outer loop
   vertex 3.436534881591797 36.56925964355469 29.91898536682129
   vertex 2.884540319442749 36.56925964355469 29.798906326293945
   vertex 3.168353319168091 36 29.91259002685547
  endloop
 endfacet
 facet normal -0.0829776805704123 0.2019771495922574 0.9758688106347808
  outer loop
   vertex 3.436534881591797 36.56925964355469 29.91898536682129
   vertex 4 36.83164596557617 29.91259002685547
   vertex 3.7262022495269775 37.126930236816406 29.82819366455078
  endloop
 endfacet
 facet normal -0.13854102260170414 0.2288335991202801 0.9635567284649789
  outer loop
   vertex 3.436534881591797 36.56925964355469 29.91898536682129
   vertex 3.7262022495269775 37.126930236816406 29.82819366455078
   vertex 3.184180498123169 37.126930236816406 29.750261306762695
  endloop
 endfacet
 facet normal 0 1 0
  outer loop
   vertex 56 40 26
   vertex 4 40 4
   vertex 4 40 26
  endloop
 endfacet
 facet normal 0 1 0
  outer loop
   vertex 56 40 26
   vertex 56 40 4
   vertex 4 40 4
  endloop
 endfacet
 facet normal 0 -0.9876883288997168 -0.15643453888219452
  outer loop
   vertex 56 0.02191241830587387 3.581886053085327
   vertex 4 0.02191241830587387 3.581886053085327
   vertex 4 0.0874096006155014 3.168353319168091
  endloop
 endfacet
 facet normal 0 -0.998629535396092 -0.05233594400204547
  outer loop
   vertex 56 0.02191241830587387 3.581886053085327
   vertex 4 -8.881784197001252e-16 4
   vertex 4 0.02191241830587387 3.581886053085327
  endloop
 endfacet
 facet normal 0 -0.998629535396092 -0.05233594400204547
  outer loop
   vertex 56 0.02191241830587387 3.581886053085327
   vertex 56 -8.881784197001252e-16 4
   vertex 4 -8.881784197001252e-16 4
  endloop
 endfacet
 facet normal 0 -0.9659258501128802 -0.25881895619082734
  outer loop
   vertex 56 0.0874096006155014 3.168353319168091
   vertex 4 0.0874096006155014 3.168353319168091
   vertex 4 0.1957739293575287 2.7639319896698
  endloop
 endfacet
 facet normal 0 -0.9876883288997168 -0.15643453888219452
  outer loop
   vertex 56 0.0874096006155014 3.168353319168091
   vertex 56 0.02191241830587387 3.581886053085327
   vertex 4 0.0874096006155014 3.168353319168091
  endloop
 endfacet
 facet normal 0 -0.9659258501128802 -0.25881895619082734
  outer loop
   vertex 56 0.1957739293575287 2.7639319896698
   vertex 56 0.0874096006155014 3.168353319168091
   vertex 4 0.1957739293575287 2.7639319896698
  endloop
 endfacet
 facet normal 0 -0.8910064576875749 -0.4539906302546779
  outer loop
   vertex 56 0.3458181619644165 2.3730533123016357
   vertex 4 0.3458181619644165 2.3730533123016357
   vertex 4 0.5358983874320984 2
  endloop
 endfacet
 facet normal 0 -0.9335804534237929 -0.3583678793991241
  outer loop
   vertex 56 0.3458181619644165 2.3730533123016357
   vertex 4 0.1957739293575287 2.7639319896698
   vertex 4 0.3458181619644165 2.3730533123016357
  endloop
 endfacet
 facet normal 0 -0.9335804534237929 -0.3583678793991241
  outer loop
   vertex 56 0.3458181619644165 2.3730533123016357
   vertex 56 0.1957739293575287 2.7639319896698
   vertex 4 0.1957739293575287 2.7639319896698
  endloop
 endfacet
 facet normal 0 -0.8910064576875749 -0.4539906302546779
  outer loop
   vertex 56 0.5358983874320984 2
   vertex 56 0.3458181619644165 2.3730533123016357
   vertex 4 0.5358983874320984 2
  endloop
 endfacet
 facet normal 0 -0.8386705180052392 -0.5446391119161605
  outer loop
   vertex 56 0.7639320492744446 1.6488590240478516
   vertex 4 0.5358983874320984 2
   vertex 4 0.7639320492744446 1.6488590240478516
  endloop
 endfacet
 facet normal 0 -0.8386705180052392 -0.5446391119161605
  outer loop
   vertex 56 0.7639320492744446 1.6488590240478516
   vertex 56 0.5358983874320984 2
   vertex 4 0.5358983874320984 2
  endloop
 endfacet
 facet normal 0 -0.7071067811865475 -0.7071067811865475
  outer loop
   vertex 56 1.0274206399917603 1.3234776258468628
   vertex 4 1.0274206399917603 1.3234776258468628
   vertex 4 1.3234776258468628 1.0274206399917603
  endloop
 endfacet
 facet normal 0 -0.7771460435103897 -0.6293202897222907
  outer loop
   vertex 56 1.0274206399917603 1.3234776258468628
   vertex 4 0.7639320492744446 1.6488590240478516
   vertex 4 1.0274206399917603 1.3234776258468628
  endloop
 endfacet
 facet normal 0 -0.7771460435103897 -0.6293202897222907
  outer loop
   vertex 56 1.0274206399917603 1.3234776258468628
   vertex 56 0.7639320492744446 1.6488590240478516
   vertex 4 0.7639320492744446 1.6488590240478516
  endloop
 endfacet
 facet normal 0 -0.7071067811865475 -0.7071067811865475
  outer loop
   vertex 56 1.3234776258468628 1.0274206399917603
   vertex 56 1.0274206399917603 1.3234776258468628
   vertex 4 1.3234776258468628 1.0274206399917603
  endloop
 endfacet
 facet normal 0 -0.5446391119161605 -0.8386705180052392
  outer loop
   vertex 56 1.6488590240478516 0.7639320492744446
   vertex 4 1.6488590240478516 0.7639320492744446
   vertex 4 2 0.5358983874320984
  endloop
 endfacet
 facet normal 0 -0.6293202897222907 -0.7771460435103897
  outer loop
   vertex 56 1.6488590240478516 0.7639320492744446
   vertex 4 1.3234776258468628 1.0274206399917603
   vertex 4 1.6488590240478516 0.7639320492744446
  endloop
 endfacet
 facet normal 0 -0.6293202897222907 -0.7771460435103897
  outer loop
   vertex 56 1.6488590240478516 0.7639320492744446
   vertex 56 1.3234776258468628 1.0274206399917603
   vertex 4 1.3234776258468628 1.0274206399917603
  endloop
 endfacet
 facet normal 0 -0.5446391119161605 -0.8386705180052392
  outer loop
   vertex 56 2 0.5358983874320984
   vertex 56 1.6488590240478516 0.7639320492744446
   vertex 4 2 0.5358983874320984
  endloop
 endfacet
 facet normal 0 -0.4539906302546779 -0.8910064576875749
  outer loop
   vertex 56 2.3730533123016357 0.3458181619644165
   vertex 4 2 0.5358983874320984
   vertex 4 2.3730533123016357 0.3458181619644165
  endloop
 endfacet
 facet normal 0 -0.4539906302546779 -0.8910064576875749
  outer loop
   vertex 56 2.3730533123016357 0.3458181619644165
   vertex 56 2 0.5358983874320984
   vertex 4 2 0.5358983874320984
  endloop
 endfacet
 facet normal 0 -0.3583678793991241 -0.9335804534237929
  outer loop
   vertex 56 2.7639319896698 0.1957739293575287
   vertex 4 2.3730533123016357 0.3458181619644165
   vertex 4 2.7639319896698 0.1957739293575287
  endloop
 endfacet
 facet normal 0 -0.3583678793991241 -0.9335804534237929
  outer loop
   vertex 56 2.7639319896698 0.1957739293575287
   vertex 56 2.3730533123016357 0.3458181619644165
   vertex 4 2.3730533123016357 0.3458181619644165
  endloop
 endfacet
 facet normal 0 -0.15643453888219452 -0.9876883288997168
  outer loop
   vertex 56 3.168353319168091 0.0874096006155014
   vertex 4 3.168353319168091 0.0874096006155014
   vertex 4 3.581886053085327 0.02191241830587387
  endloop
 endfacet
 facet normal 0 -0.25881895619082734 -0.9659258501128802
  outer loop
   vertex 56 3.168353319168091 0.0874096006155014
   vertex 4 2.7639319896698 0.1957739293575287
   vertex 4 3.168353319168091 0.0874096006155014
  endloop
 endfacet
 facet normal 0 -0.25881895619082734 -0.9659258501128802
  outer loop
   vertex 56 3.168353319168091 0.0874096006155014
   vertex 56 2.7639319896698 0.1957739293575287
   vertex 4 2.7639319896698 0.1957739293575287
  endloop
 endfacet
 facet normal 0 -0.052335944002043375 -0.9986295353960924
  outer loop
   vertex 56 3.581886053085327 0.02191241830587387
   vertex 4 3.581886053085327 0.02191241830587387
   vertex 4 4 0
  endloop
 endfacet
 facet normal 0 -0.15643453888219452 -0.9876883288997168
  outer loop
   vertex 56 3.581886053085327 0.02191241830587387
   vertex 56 3.168353319168091 0.0874096006155014
   vertex 4 3.581886053085327 0.02191241830587387
  endloop
 endfacet
 facet normal 0 -0.052335944002043375 -0.9986295353960924
  outer loop
   vertex 56 4 0
   vertex 56 3.581886053085327 0.02191241830587387
   vertex 4 4 0
  endloop
 endfacet
 facet normal 0 -0.987688301029128 0.15643471484998103
  outer loop
   vertex 56 0.02191241830587387 26.418113708496094
   vertex 4 0.0874096006155014 26.831645965576172
   vertex 4 0.02191241830587387 26.418113708496094
  endloop
 endfacet
 facet normal 0 -0.9986295338363588 0.05233597376352812
  outer loop
   vertex 56 0.02191241830587387 26.418113708496094
   vertex 4 0.02191241830587387 26.418113708496094
   vertex 4 -8.881784197001252e-16 26
  endloop
 endfacet
 facet normal 0 -0.9986295338363588 0.05233597376352812
  outer loop
   vertex 56 0.02191241830587387 26.418113708496094
   vertex 4 -8.881784197001252e-16 26
   vertex 56 -8.881784197001252e-16 26
  endloop
 endfacet
 facet normal 0 -0.965926078984053 0.25881810203015726
  outer loop
   vertex 56 0.0874096006155014 26.831645965576172
   vertex 4 0.1957739293575287 27.236068725585938
   vertex 4 0.0874096006155014 26.831645965576172
  endloop
 endfacet
 facet normal 0 -0.987688301029128 0.15643471484998103
  outer loop
   vertex 56 0.0874096006155014 26.831645965576172
   vertex 4 0.0874096006155014 26.831645965576172
   vertex 56 0.02191241830587387 26.418113708496094
  endloop
 endfacet
 facet normal 0 -0.965926078984053 0.25881810203015726
  outer loop
   vertex 56 0.1957739293575287 27.236068725585938
   vertex 4 0.1957739293575287 27.236068725585938
   vertex 56 0.0874096006155014 26.831645965576172
  endloop
 endfacet
 facet normal 0 -0.8910061055875367 0.4539913212889995
  outer loop
   vertex 56 0.3458181619644165 27.6269474029541
   vertex 4 0.5358983874320984 28
   vertex 4 0.3458181619644165 27.6269474029541
  endloop
 endfacet
 facet normal 0 -0.9335804534237929 0.3583678793991241
  outer loop
   vertex 56 0.3458181619644165 27.6269474029541
   vertex 4 0.3458181619644165 27.6269474029541
   vertex 4 0.1957739293575287 27.236068725585938
  endloop
 endfacet
 facet normal 0 -0.9335804534237929 0.3583678793991241
  outer loop
   vertex 56 0.3458181619644165 27.6269474029541
   vertex 4 0.1957739293575287 27.236068725585938
   vertex 56 0.1957739293575287 27.236068725585938
  endloop
 endfacet
 facet normal 0 -0.8910061055875367 0.4539913212889995
  outer loop
   vertex 56 0.5358983874320984 28
   vertex 4 0.5358983874320984 28
   vertex 56 0.3458181619644165 27.6269474029541
  endloop
 endfacet
 facet normal 0 -0.8386705180052392 0.5446391119161605
  outer loop
   vertex 56 0.7639320492744446 28.35114097595215
   vertex 4 0.7639320492744446 28.35114097595215
   vertex 4 0.5358983874320984 28
  endloop
 endfacet
 facet normal 0 -0.8386705180052392 0.5446391119161605
  outer loop
   vertex 56 0.7639320492744446 28.35114097595215
   vertex 4 0.5358983874320984 28
   vertex 56 0.5358983874320984 28
  endloop
 endfacet
 facet normal 0 -0.7071064964651868 0.7071070659077939
  outer loop
   vertex 56 1.0274206399917603 28.676523208618164
   vertex 4 1.3234776258468628 28.972579956054688
   vertex 4 1.0274206399917603 28.676523208618164
  endloop
 endfacet
 facet normal 0 -0.7771468328438583 0.6293193149751245
  outer loop
   vertex 56 1.0274206399917603 28.676523208618164
   vertex 4 1.0274206399917603 28.676523208618164
   vertex 4 0.7639320492744446 28.35114097595215
  endloop
 endfacet
 facet normal 0 -0.7771468328438583 0.6293193149751245
  outer loop
   vertex 56 1.0274206399917603 28.676523208618164
   vertex 4 0.7639320492744446 28.35114097595215
   vertex 56 0.7639320492744446 28.35114097595215
  endloop
 endfacet
 facet normal 0 -0.7071064964651868 0.7071070659077939
  outer loop
   vertex 56 1.3234776258468628 28.972579956054688
   vertex 4 1.3234776258468628 28.972579956054688
   vertex 56 1.0274206399917603 28.676523208618164
  endloop
 endfacet
 facet normal 0 -0.5446381105953861 0.8386711682698338
  outer loop
   vertex 56 1.6488590240478516 29.236068725585938
   vertex 4 2 29.464101791381836
   vertex 4 1.6488590240478516 29.236068725585938
  endloop
 endfacet
 facet normal 0 -0.6293205476609174 0.7771458346357926
  outer loop
   vertex 56 1.6488590240478516 29.236068725585938
   vertex 4 1.6488590240478516 29.236068725585938
   vertex 4 1.3234776258468628 28.972579956054688
  endloop
 endfacet
 facet normal 0 -0.6293205476609174 0.7771458346357926
  outer loop
   vertex 56 1.6488590240478516 29.236068725585938
   vertex 4 1.3234776258468628 28.972579956054688
   vertex 56 1.3234776258468628 28.972579956054688
  endloop
 endfacet
 facet normal 0 -0.5446381105953861 0.8386711682698338
  outer loop
   vertex 56 2 29.464101791381836
   vertex 4 2 29.464101791381836
   vertex 56 1.6488590240478516 29.236068725585938
  endloop
 endfacet
 facet normal 0 -0.45399142138768445 0.8910060545845857
  outer loop
   vertex 56 2.3730533123016357 29.65418243408203
   vertex 4 2.3730533123016357 29.65418243408203
   vertex 4 2 29.464101791381836
  endloop
 endfacet
 facet normal 0 -0.45399142138768445 0.8910060545845857
  outer loop
   vertex 56 2.3730533123016357 29.65418243408203
   vertex 4 2 29.464101791381836
   vertex 56 2 29.464101791381836
  endloop
 endfacet
 facet normal 0 -0.35836632842767563 0.9335810487843395
  outer loop
   vertex 56 2.7639319896698 29.80422592163086
   vertex 4 2.7639319896698 29.80422592163086
   vertex 4 2.3730533123016357 29.65418243408203
  endloop
 endfacet
 facet normal 0 -0.35836632842767563 0.9335810487843395
  outer loop
   vertex 56 2.7639319896698 29.80422592163086
   vertex 4 2.3730533123016357 29.65418243408203
   vertex 56 2.3730533123016357 29.65418243408203
  endloop
 endfacet
 facet normal 0 -0.15643726433934171 0.9876878972256483
  outer loop
   vertex 56 3.168353319168091 29.91259002685547
   vertex 4 3.581886053085327 29.97808837890625
   vertex 4 3.168353319168091 29.91259002685547
  endloop
 endfacet
 facet normal 0 -0.2588184580997343 0.9659259835757998
  outer loop
   vertex 56 3.168353319168091 29.91259002685547
   vertex 4 3.168353319168091 29.91259002685547
   vertex 4 2.7639319896698 29.80422592163086
  endloop
 endfacet
 facet normal 0 -0.2588184580997343 0.9659259835757998
  outer loop
   vertex 56 3.168353319168091 29.91259002685547
   vertex 4 2.7639319896698 29.80422592163086
   vertex 56 2.7639319896698 29.80422592163086
  endloop
 endfacet
 facet normal 0 -0.05233404514388456 0.9986296349091979
  outer loop
   vertex 56 3.581886053085327 29.97808837890625
   vertex 4 4 30
   vertex 4 3.581886053085327 29.97808837890625
  endloop
 endfacet
 facet normal 0 -0.15643726433934171 0.9876878972256483
  outer loop
   vertex 56 3.581886053085327 29.97808837890625
   vertex 4 3.581886053085327 29.97808837890625
   vertex 56 3.168353319168091 29.91259002685547
  endloop
 endfacet
 facet normal 0 -0.05233404514388456 0.9986296349091979
  outer loop
   vertex 56 4 30
   vertex 4 4 30
   vertex 56 3.581886053085327 29.97808837890625
  endloop
 endfacet
 facet normal 0.9986296349091978 -0.05233404514388455 0
  outer loop
   vertex 59.97808837890625 3.581886053085327 26
   vertex 60 4 4
   vertex 60 4 26
  endloop
 endfacet
 facet normal 0.9986296349091978 -0.05233404514388455 0
  outer loop
   vertex 59.97808837890625 3.581886053085327 26
   vertex 59.97808837890625 3.581886053085327 4
   vertex 60 4 4
  endloop
 endfacet
 facet normal 0.9876878972256484 -0.15643726433934174 0
  outer loop
   vertex 59.91259002685547 3.168353319168091 26
   vertex 59.91259002685547 3.168353319168091 4
   vertex 59.97808837890625 3.581886053085327 4
  endloop
 endfacet
 facet normal 0.9876878972256484 -0.15643726433934174 0
  outer loop
   vertex 59.91259002685547 3.168353319168091 26
   vertex 59.97808837890625 3.581886053085327 4
   vertex 59.97808837890625 3.581886053085327 26
  endloop
 endfacet
 facet normal 0.9659259835757997 -0.2588184580997343 0
  outer loop
   vertex 59.80422592163086 2.7639319896698 26
   vertex 59.80422592163086 2.7639319896698 4
   vertex 59.91259002685547 3.168353319168091 4
  endloop
 endfacet
 facet normal 0.9659259835757997 -0.2588184580997343 0
  outer loop
   vertex 59.80422592163086 2.7639319896698 26
   vertex 59.91259002685547 3.168353319168091 4
   vertex 59.91259002685547 3.168353319168091 26
  endloop
 endfacet
 facet normal 0.9335810487843396 -0.35836632842767563 0
  outer loop
   vertex 59.65418243408203 2.3730533123016357 26
   vertex 59.65418243408203 2.3730533123016357 4
   vertex 59.80422592163086 2.7639319896698 4
  endloop
 endfacet
 facet normal 0.9335810487843396 -0.35836632842767563 0
  outer loop
   vertex 59.65418243408203 2.3730533123016357 26
   vertex 59.80422592163086 2.7639319896698 4
   vertex 59.80422592163086 2.7639319896698 26
  endloop
 endfacet
 facet normal 0.8910042118237632 -0.45399503798204044 0
  outer loop
   vertex 59.4640998840332 2 26
   vertex 59.4640998840332 2 4
   vertex 59.65418243408203 2.3730533123016357 4
  endloop
 endfacet
 facet normal 0.8910042118237632 -0.45399503798204044 0
  outer loop
   vertex 59.4640998840332 2 26
   vertex 59.65418243408203 2.3730533123016357 4
   vertex 59.65418243408203 2.3730533123016357 26
  endloop
 endfacet
 facet normal 0.8386732491152796 -0.5446349063532563 0
  outer loop
   vertex 59.23606872558594 1.6488590240478516 26
   vertex 59.23606872558594 1.6488590240478516 4
   vertex 59.4640998840332 2 4
  endloop
 endfacet
 facet normal 0.7771458346357926 -0.6293205476609173 0
  outer loop
   vertex 59.23606872558594 1.6488590240478516 26
   vertex 58.97257995605469 1.3234776258468628 4
   vertex 59.23606872558594 1.6488590240478516 4
  endloop
 endfacet
 facet normal 0.8386732491152796 -0.5446349063532563 0
  outer loop
   vertex 59.23606872558594 1.6488590240478516 26
   vertex 59.4640998840332 2 4
   vertex 59.4640998840332 2 26
  endloop
 endfacet
 facet normal 0.7071047881410334 -0.7071087742264441 0
  outer loop
   vertex 58.97257995605469 1.3234776258468628 26
   vertex 58.67652130126953 1.0274206399917603 4
   vertex 58.97257995605469 1.3234776258468628 4
  endloop
 endfacet
 facet normal 0.7771458346357926 -0.6293205476609173 0
  outer loop
   vertex 58.97257995605469 1.3234776258468628 26
   vertex 58.97257995605469 1.3234776258468628 4
   vertex 59.23606872558594 1.6488590240478516 26
  endloop
 endfacet
 facet normal 0.7071047881410334 -0.7071087742264441 0
  outer loop
   vertex 58.67652130126953 1.0274206399917603 26
   vertex 58.67652130126953 1.0274206399917603 4
   vertex 58.97257995605469 1.3234776258468628 26
  endloop
 endfacet
 facet normal 0.6293237709787365 -0.7771432244323453 0
  outer loop
   vertex 58.35114288330078 0.7639320492744446 26
   vertex 58.35114288330078 0.7639320492744446 4
   vertex 58.67652130126953 1.0274206399917603 4
  endloop
 endfacet
 facet normal 0.6293237709787365 -0.7771432244323453 0
  outer loop
   vertex 58.35114288330078 0.7639320492744446 26
   vertex 58.67652130126953 1.0274206399917603 4
   vertex 58.67652130126953 1.0274206399917603 26
  endloop
 endfacet
 facet normal 0.5446370310754315 -0.8386718693156101 0
  outer loop
   vertex 58 0.5358983874320984 26
   vertex 58 0.5358983874320984 4
   vertex 58.35114288330078 0.7639320492744446 4
  endloop
 endfacet
 facet normal 0.4539894785348767 -0.8910070445173992 0
  outer loop
   vertex 58 0.5358983874320984 26
   vertex 57.62694549560547 0.3458181619644165 4
   vertex 58 0.5358983874320984 4
  endloop
 endfacet
 facet normal 0.5446370310754315 -0.8386718693156101 0
  outer loop
   vertex 58 0.5358983874320984 26
   vertex 58.35114288330078 0.7639320492744446 4
   vertex 58.35114288330078 0.7639320492744446 26
  endloop
 endfacet
 facet normal 0.4539894785348767 -0.8910070445173992 0
  outer loop
   vertex 57.62694549560547 0.3458181619644165 26
   vertex 57.62694549560547 0.3458181619644165 4
   vertex 58 0.5358983874320984 26
  endloop
 endfacet
 facet normal 0.3583694035304541 -0.9335798683632947 0
  outer loop
   vertex 57.23606872558594 0.1957739293575287 26
   vertex 57.23606872558594 0.1957739293575287 4
   vertex 57.62694549560547 0.3458181619644165 4
  endloop
 endfacet
 facet normal 0.2588181020301573 -0.965926078984053 0
  outer loop
   vertex 57.23606872558594 0.1957739293575287 26
   vertex 56.83164596557617 0.0874096006155014 4
   vertex 57.23606872558594 0.1957739293575287 4
  endloop
 endfacet
 facet normal 0.3583694035304541 -0.9335798683632947 0
  outer loop
   vertex 57.23606872558594 0.1957739293575287 26
   vertex 57.62694549560547 0.3458181619644165 4
   vertex 57.62694549560547 0.3458181619644165 26
  endloop
 endfacet
 facet normal 0.2588181020301573 -0.965926078984053 0
  outer loop
   vertex 56.83164596557617 0.0874096006155014 26
   vertex 56.83164596557617 0.0874096006155014 4
   vertex 57.23606872558594 0.1957739293575287 26
  endloop
 endfacet
 facet normal 0.15643471484998103 -0.987688301029128 0
  outer loop
   vertex 56.418113708496094 0.02191241830587387 26
   vertex 56.418113708496094 0.02191241830587387 4
   vertex 56.83164596557617 0.0874096006155014 4
  endloop
 endfacet
 facet normal 0.052335973763528124 -0.9986295338363589 0
  outer loop
   vertex 56.418113708496094 0.02191241830587387 26
   vertex 56 -8.881784197001252e-16 4
   vertex 56.418113708496094 0.02191241830587387 4
  endloop
 endfacet
 facet normal 0.15643471484998103 -0.987688301029128 0
  outer loop
   vertex 56.418113708496094 0.02191241830587387 26
   vertex 56.83164596557617 0.0874096006155014 4
   vertex 56.83164596557617 0.0874096006155014 26
  endloop
 endfacet
 facet normal 0.052335973763528124 -0.9986295338363589 0
  outer loop
   vertex 56 -8.881784197001252e-16 26
   vertex 56 -8.881784197001252e-16 4
   vertex 56.418113708496094 0.02191241830587387 26
  endloop
 endfacet
 facet normal 0 0.9876878972256483 -0.15643726433934171
  outer loop
   vertex 56 39.97808837890625 3.581886053085327
   vertex 4 39.91259002685547 3.168353319168091
   vertex 4 39.97808837890625 3.581886053085327
  endloop
 endfacet
 facet normal 0 0.9986296349091979 -0.05233404514388456
  outer loop
   vertex 56 39.97808837890625 3.581886053085327
   vertex 4 39.97808837890625 3.581886053085327
   vertex 4 40 4
  endloop
 endfacet
 facet normal 0 0.9986296349091979 -0.05233404514388456
  outer loop
   vertex 56 39.97808837890625 3.581886053085327
   vertex 4 40 4
   vertex 56 40 4
  endloop
 endfacet
 facet normal 0 0.9659259835757998 -0.2588184580997343
  outer loop
   vertex 56 39.91259002685547 3.168353319168091
   vertex 4 39.80422592163086 2.7639319896698
   vertex 4 39.91259002685547 3.168353319168091
  endloop
 endfacet
 facet normal 0 0.9876878972256483 -0.15643726433934171
  outer loop
   vertex 56 39.91259002685547 3.168353319168091
   vertex 4 39.91259002685547 3.168353319168091
   vertex 56 39.97808837890625 3.581886053085327
  endloop
 endfacet
 facet normal 0 0.9659259835757998 -0.2588184580997343
  outer loop
   vertex 56 39.80422592163086 2.7639319896698
   vertex 4 39.80422592163086 2.7639319896698
   vertex 56 39.91259002685547 3.168353319168091
  endloop
 endfacet
 facet normal 0 0.8910042118237633 -0.4539950379820405
  outer loop
   vertex 56 39.65418243408203 2.3730533123016357
   vertex 4 39.4640998840332 2
   vertex 4 39.65418243408203 2.3730533123016357
  endloop
 endfacet
 facet normal 0 0.9335810487843395 -0.35836632842767563
  outer loop
   vertex 56 39.65418243408203 2.3730533123016357
   vertex 4 39.65418243408203 2.3730533123016357
   vertex 4 39.80422592163086 2.7639319896698
  endloop
 endfacet
 facet normal 0 0.9335810487843395 -0.35836632842767563
  outer loop
   vertex 56 39.65418243408203 2.3730533123016357
   vertex 4 39.80422592163086 2.7639319896698
   vertex 56 39.80422592163086 2.7639319896698
  endloop
 endfacet
 facet normal 0 0.8910042118237633 -0.4539950379820405
  outer loop
   vertex 56 39.4640998840332 2
   vertex 4 39.4640998840332 2
   vertex 56 39.65418243408203 2.3730533123016357
  endloop
 endfacet
 facet normal 0 0.8386732491152795 -0.5446349063532563
  outer loop
   vertex 56 39.23606872558594 1.6488590240478516
   vertex 4 39.23606872558594 1.6488590240478516
   vertex 4 39.4640998840332 2
  endloop
 endfacet
 facet normal 0 0.8386732491152795 -0.5446349063532563
  outer loop
   vertex 56 39.23606872558594 1.6488590240478516
   vertex 4 39.4640998840332 2
   vertex 56 39.4640998840332 2
  endloop
 endfacet
 facet normal 0 0.7071047881410333 -0.707108774226444
  outer loop
   vertex 56 38.97257995605469 1.3234776258468628
   vertex 4 38.67652130126953 1.0274206399917603
   vertex 4 38.97257995605469 1.3234776258468628
  endloop
 endfacet
 facet normal 0 0.7771458346357926 -0.6293205476609174
  outer loop
   vertex 56 38.97257995605469 1.3234776258468628
   vertex 4 38.97257995605469 1.3234776258468628
   vertex 4 39.23606872558594 1.6488590240478516
  endloop
 endfacet
 facet normal 0 0.7771458346357926 -0.6293205476609174
  outer loop
   vertex 56 38.97257995605469 1.3234776258468628
   vertex 4 39.23606872558594 1.6488590240478516
   vertex 56 39.23606872558594 1.6488590240478516
  endloop
 endfacet
 facet normal 0 0.7071047881410333 -0.707108774226444
  outer loop
   vertex 56 38.67652130126953 1.0274206399917603
   vertex 4 38.67652130126953 1.0274206399917603
   vertex 56 38.97257995605469 1.3234776258468628
  endloop
 endfacet
 facet normal 0 0.5446370310754314 -0.8386718693156101
  outer loop
   vertex 56 38.35114288330078 0.7639320492744446
   vertex 4 38 0.5358983874320984
   vertex 4 38.35114288330078 0.7639320492744446
  endloop
 endfacet
 facet normal 0 0.6293237709787366 -0.7771432244323454
  outer loop
   vertex 56 38.35114288330078 0.7639320492744446
   vertex 4 38.35114288330078 0.7639320492744446
   vertex 4 38.67652130126953 1.0274206399917603
  endloop
 endfacet
 facet normal 0 0.6293237709787366 -0.7771432244323454
  outer loop
   vertex 56 38.35114288330078 0.7639320492744446
   vertex 4 38.67652130126953 1.0274206399917603
   vertex 56 38.67652130126953 1.0274206399917603
  endloop
 endfacet
 facet normal 0 0.5446370310754314 -0.8386718693156101
  outer loop
   vertex 56 38 0.5358983874320984
   vertex 4 38 0.5358983874320984
   vertex 56 38.35114288330078 0.7639320492744446
  endloop
 endfacet
 facet normal 0 0.45398947853487676 -0.8910070445173993
  outer loop
   vertex 56 37.62694549560547 0.3458181619644165
   vertex 4 37.62694549560547 0.3458181619644165
   vertex 4 38 0.5358983874320984
  endloop
 endfacet
 facet normal 0 0.45398947853487676 -0.8910070445173993
  outer loop
   vertex 56 37.62694549560547 0.3458181619644165
   vertex 4 38 0.5358983874320984
   vertex 56 38 0.5358983874320984
  endloop
 endfacet
 facet normal 0 0.3583694035304541 -0.9335798683632948
  outer loop
   vertex 56 37.23606872558594 0.1957739293575287
   vertex 4 37.23606872558594 0.1957739293575287
   vertex 4 37.62694549560547 0.3458181619644165
  endloop
 endfacet
 facet normal 0 0.3583694035304541 -0.9335798683632948
  outer loop
   vertex 56 37.23606872558594 0.1957739293575287
   vertex 4 37.62694549560547 0.3458181619644165
   vertex 56 37.62694549560547 0.3458181619644165
  endloop
 endfacet
 facet normal 0 0.15643471484998103 -0.987688301029128
  outer loop
   vertex 56 36.83164596557617 0.0874096006155014
   vertex 4 36.418113708496094 0.02191241830587387
   vertex 4 36.83164596557617 0.0874096006155014
  endloop
 endfacet
 facet normal 0 0.25881810203015726 -0.965926078984053
  outer loop
   vertex 56 36.83164596557617 0.0874096006155014
   vertex 4 36.83164596557617 0.0874096006155014
   vertex 4 37.23606872558594 0.1957739293575287
  endloop
 endfacet
 facet normal 0 0.25881810203015726 -0.965926078984053
  outer loop
   vertex 56 36.83164596557617 0.0874096006155014
   vertex 4 37.23606872558594 0.1957739293575287
   vertex 56 37.23606872558594 0.1957739293575287
  endloop
 endfacet
 facet normal 0 0.05233597376352599 -0.9986295338363588
  outer loop
   vertex 56 36.418113708496094 0.02191241830587387
   vertex 4 36 0
   vertex 4 36.418113708496094 0.02191241830587387
  endloop
 endfacet
 facet normal 0 0.15643471484998103 -0.987688301029128
  outer loop
   vertex 56 36.418113708496094 0.02191241830587387
   vertex 4 36.418113708496094 0.02191241830587387
   vertex 56 36.83164596557617 0.0874096006155014
  endloop
 endfacet
 facet normal 0 0.05233597376352599 -0.9986295338363588
  outer loop
   vertex 56 36 0
   vertex 4 36 0
   vertex 56 36.418113708496094 0.02191241830587387
  endloop
 endfacet
 facet normal 0.9986296349091979 0 -0.05233404514388456
  outer loop
   vertex 59.97808837890625 36 3.581886053085327
   vertex 60 4 4
   vertex 59.97808837890625 4 3.581886053085327
  endloop
 endfacet
 facet normal 0.9986296349091979 0 -0.05233404514388456
  outer loop
   vertex 59.97808837890625 36 3.581886053085327
   vertex 60 36 4
   vertex 60 4 4
  endloop
 endfacet
 facet normal 0.9876878972256484 0 -0.15643726433934174
  outer loop
   vertex 59.91259002685547 36 3.168353319168091
   vertex 59.97808837890625 4 3.581886053085327
   vertex 59.91259002685547 4 3.168353319168091
  endloop
 endfacet
 facet normal 0.9876878972256484 0 -0.15643726433934174
  outer loop
   vertex 59.91259002685547 36 3.168353319168091
   vertex 59.97808837890625 36 3.581886053085327
   vertex 59.97808837890625 4 3.581886053085327
  endloop
 endfacet
 facet normal 0.9659259835757996 0 -0.25881845809973425
  outer loop
   vertex 59.80422592163086 36 2.7639319896698
   vertex 59.91259002685547 4 3.168353319168091
   vertex 59.80422592163086 4 2.7639319896698
  endloop
 endfacet
 facet normal 0.9659259835757996 0 -0.25881845809973425
  outer loop
   vertex 59.80422592163086 36 2.7639319896698
   vertex 59.91259002685547 36 3.168353319168091
   vertex 59.91259002685547 4 3.168353319168091
  endloop
 endfacet
 facet normal 0.9335810487843396 0 -0.35836632842767563
  outer loop
   vertex 59.65418243408203 36 2.3730533123016357
   vertex 59.80422592163086 4 2.7639319896698
   vertex 59.65418243408203 4 2.3730533123016357
  endloop
 endfacet
 facet normal 0.9335810487843396 0 -0.35836632842767563
  outer loop
   vertex 59.65418243408203 36 2.3730533123016357
   vertex 59.80422592163086 36 2.7639319896698
   vertex 59.80422592163086 4 2.7639319896698
  endloop
 endfacet
 facet normal 0.8910042118237633 0 -0.4539950379820405
  outer loop
   vertex 59.4640998840332 36 2
   vertex 59.65418243408203 4 2.3730533123016357
   vertex 59.4640998840332 4 2
  endloop
 endfacet
 facet normal 0.8910042118237633 0 -0.4539950379820405
  outer loop
   vertex 59.4640998840332 36 2
   vertex 59.65418243408203 36 2.3730533123016357
   vertex 59.65418243408203 4 2.3730533123016357
  endloop
 endfacet
 facet normal 0.7771458346357927 0 -0.6293205476609174
  outer loop
   vertex 59.23606872558594 36 1.6488590240478516
   vertex 59.23606872558594 4 1.6488590240478516
   vertex 58.97257995605469 4 1.3234776258468628
  endloop
 endfacet
 facet normal 0.8386732491152795 0 -0.5446349063532563
  outer loop
   vertex 59.23606872558594 36 1.6488590240478516
   vertex 59.4640998840332 4 2
   vertex 59.23606872558594 4 1.6488590240478516
  endloop
 endfacet
 facet normal 0.8386732491152795 0 -0.5446349063532563
  outer loop
   vertex 59.23606872558594 36 1.6488590240478516
   vertex 59.4640998840332 36 2
   vertex 59.4640998840332 4 2
  endloop
 endfacet
 facet normal 0.7771458346357927 0 -0.6293205476609174
  outer loop
   vertex 58.97257995605469 36 1.3234776258468628
   vertex 59.23606872558594 36 1.6488590240478516
   vertex 58.97257995605469 4 1.3234776258468628
  endloop
 endfacet
 facet normal 0.7071047881410333 0 -0.7071087742264439
  outer loop
   vertex 58.67652130126953 36 1.0274206399917603
   vertex 58.97257995605469 4 1.3234776258468628
   vertex 58.67652130126953 4 1.0274206399917603
  endloop
 endfacet
 facet normal 0.7071047881410333 0 -0.7071087742264439
  outer loop
   vertex 58.67652130126953 36 1.0274206399917603
   vertex 58.97257995605469 36 1.3234776258468628
   vertex 58.97257995605469 4 1.3234776258468628
  endloop
 endfacet
 facet normal 0.6293237709787366 0 -0.7771432244323453
  outer loop
   vertex 58.35114288330078 36 0.7639320492744446
   vertex 58.67652130126953 4 1.0274206399917603
   vertex 58.35114288330078 4 0.7639320492744446
  endloop
 endfacet
 facet normal 0.6293237709787366 0 -0.7771432244323453
  outer loop
   vertex 58.35114288330078 36 0.7639320492744446
   vertex 58.67652130126953 36 1.0274206399917603
   vertex 58.67652130126953 4 1.0274206399917603
  endloop
 endfacet
 facet normal 0.45398947853487664 0 -0.8910070445173991
  outer loop
   vertex 58 36 0.5358983874320984
   vertex 58 4 0.5358983874320984
   vertex 57.62694549560547 4 0.3458181619644165
  endloop
 endfacet
 facet normal 0.5446370310754314 0 -0.8386718693156101
  outer loop
   vertex 58 36 0.5358983874320984
   vertex 58.35114288330078 4 0.7639320492744446
   vertex 58 4 0.5358983874320984
  endloop
 endfacet
 facet normal 0.5446370310754314 0 -0.8386718693156101
  outer loop
   vertex 58 36 0.5358983874320984
   vertex 58.35114288330078 36 0.7639320492744446
   vertex 58.35114288330078 4 0.7639320492744446
  endloop
 endfacet
 facet normal 0.45398947853487664 0 -0.8910070445173991
  outer loop
   vertex 57.62694549560547 36 0.3458181619644165
   vertex 58 36 0.5358983874320984
   vertex 57.62694549560547 4 0.3458181619644165
  endloop
 endfacet
 facet normal 0.3583694035304541 0 -0.9335798683632947
  outer loop
   vertex 57.23606872558594 36 0.1957739293575287
   vertex 57.62694549560547 4 0.3458181619644165
   vertex 57.23606872558594 4 0.1957739293575287
  endloop
 endfacet
 facet normal 0.3583694035304541 0 -0.9335798683632947
  outer loop
   vertex 57.23606872558594 36 0.1957739293575287
   vertex 57.62694549560547 36 0.3458181619644165
   vertex 57.62694549560547 4 0.3458181619644165
  endloop
 endfacet
 facet normal 0.25881810203015726 0 -0.965926078984053
  outer loop
   vertex 56.83164596557617 36 0.0874096006155014
   vertex 57.23606872558594 4 0.1957739293575287
   vertex 56.83164596557617 4 0.0874096006155014
  endloop
 endfacet
 facet normal 0.25881810203015726 0 -0.965926078984053
  outer loop
   vertex 56.83164596557617 36 0.0874096006155014
   vertex 57.23606872558594 36 0.1957739293575287
   vertex 57.23606872558594 4 0.1957739293575287
  endloop
 endfacet
 facet normal 0.15643471484998103 0 -0.987688301029128
  outer loop
   vertex 56.418113708496094 36 0.02191241830587387
   vertex 56.83164596557617 4 0.0874096006155014
   vertex 56.418113708496094 4 0.02191241830587387
  endloop
 endfacet
 facet normal 0.15643471484998103 0 -0.987688301029128
  outer loop
   vertex 56.418113708496094 36 0.02191241830587387
   vertex 56.83164596557617 36 0.0874096006155014
   vertex 56.83164596557617 4 0.0874096006155014
  endloop
 endfacet
 facet normal 0.05233597376352599 0 -0.9986295338363588
  outer loop
   vertex 56 36 0
   vertex 56.418113708496094 4 0.02191241830587387
   vertex 56 4 0
  endloop
 endfacet
 facet normal 0.05233597376352599 0 -0.9986295338363588
  outer loop
   vertex 56 36 0
   vertex 56.418113708496094 36 0.02191241830587387
   vertex 56.418113708496094 4 0.02191241830587387
  endloop
 endfacet
 facet normal 0 0.9986296333495774 0.052334074904293315
  outer loop
   vertex 56 40 26
   vertex 4 40 26
   vertex 4 39.97808837890625 26.418113708496094
  endloop
 endfacet
 facet normal 0 0.9876878693541005 0.15643744031004017
  outer loop
   vertex 56 39.97808837890625 26.418113708496094
   vertex 4 39.97808837890625 26.418113708496094
   vertex 4 39.91259002685547 26.831645965576172
  endloop
 endfacet
 facet normal 0 0.9986296333495774 0.052334074904293315
  outer loop
   vertex 56 39.97808837890625 26.418113708496094
   vertex 56 40 26
   vertex 4 39.97808837890625 26.418113708496094
  endloop
 endfacet
 facet normal 0 0.9659262124461232 0.258817603940472
  outer loop
   vertex 56 39.91259002685547 26.831645965576172
   vertex 4 39.91259002685547 26.831645965576172
   vertex 4 39.80422592163086 27.236068725585938
  endloop
 endfacet
 facet normal 0 0.9876878693541005 0.15643744031004017
  outer loop
   vertex 56 39.91259002685547 26.831645965576172
   vertex 56 39.97808837890625 26.418113708496094
   vertex 4 39.91259002685547 26.831645965576172
  endloop
 endfacet
 facet normal 0 0.9659262124461232 0.258817603940472
  outer loop
   vertex 56 39.80422592163086 27.236068725585938
   vertex 56 39.91259002685547 26.831645965576172
   vertex 4 39.80422592163086 27.236068725585938
  endloop
 endfacet
 facet normal 0 0.9335810487843395 0.35836632842767563
  outer loop
   vertex 56 39.65418243408203 27.6269474029541
   vertex 4 39.80422592163086 27.236068725585938
   vertex 4 39.65418243408203 27.6269474029541
  endloop
 endfacet
 facet normal 0 0.8910038597177755 0.45399572901958757
  outer loop
   vertex 56 39.65418243408203 27.6269474029541
   vertex 4 39.65418243408203 27.6269474029541
   vertex 4 39.4640998840332 28
  endloop
 endfacet
 facet normal 0 0.9335810487843395 0.35836632842767563
  outer loop
   vertex 56 39.65418243408203 27.6269474029541
   vertex 56 39.80422592163086 27.236068725585938
   vertex 4 39.80422592163086 27.236068725585938
  endloop
 endfacet
 facet normal 0 0.8910038597177755 0.45399572901958757
  outer loop
   vertex 56 39.4640998840332 28
   vertex 56 39.65418243408203 27.6269474029541
   vertex 4 39.4640998840332 28
  endloop
 endfacet
 facet normal 0 0.8386732491152795 0.5446349063532563
  outer loop
   vertex 56 39.23606872558594 28.35114097595215
   vertex 4 39.4640998840332 28
   vertex 4 39.23606872558594 28.35114097595215
  endloop
 endfacet
 facet normal 0 0.8386732491152795 0.5446349063532563
  outer loop
   vertex 56 39.23606872558594 28.35114097595215
   vertex 56 39.4640998840332 28
   vertex 4 39.4640998840332 28
  endloop
 endfacet
 facet normal 0 0.7771466239696965 0.6293195729138759
  outer loop
   vertex 56 38.97257995605469 28.676523208618164
   vertex 4 39.23606872558594 28.35114097595215
   vertex 4 38.97257995605469 28.676523208618164
  endloop
 endfacet
 facet normal 0 0.70710450341887 0.7071090589468879
  outer loop
   vertex 56 38.97257995605469 28.676523208618164
   vertex 4 38.97257995605469 28.676523208618164
   vertex 4 38.67652130126953 28.972579956054688
  endloop
 endfacet
 facet normal 0 0.7771466239696965 0.6293195729138759
  outer loop
   vertex 56 38.97257995605469 28.676523208618164
   vertex 56 39.23606872558594 28.35114097595215
   vertex 4 39.23606872558594 28.35114097595215
  endloop
 endfacet
 facet normal 0 0.70710450341887 0.7071090589468879
  outer loop
   vertex 56 38.67652130126953 28.972579956054688
   vertex 56 38.97257995605469 28.676523208618164
   vertex 4 38.67652130126953 28.972579956054688
  endloop
 endfacet
 facet normal 0 0.6293240289169192 0.7771430155561955
  outer loop
   vertex 56 38.35114288330078 29.236068725585938
   vertex 4 38.67652130126953 28.972579956054688
   vertex 4 38.35114288330078 29.236068725585938
  endloop
 endfacet
 facet normal 0 0.5446360297552558 0.8386725195762836
  outer loop
   vertex 56 38.35114288330078 29.236068725585938
   vertex 4 38.35114288330078 29.236068725585938
   vertex 4 38 29.464101791381836
  endloop
 endfacet
 facet normal 0 0.6293240289169192 0.7771430155561955
  outer loop
   vertex 56 38.35114288330078 29.236068725585938
   vertex 56 38.67652130126953 28.972579956054688
   vertex 4 38.67652130126953 28.972579956054688
  endloop
 endfacet
 facet normal 0 0.5446360297552558 0.8386725195762836
  outer loop
   vertex 56 38 29.464101791381836
   vertex 56 38.35114288330078 29.236068725585938
   vertex 4 38 29.464101791381836
  endloop
 endfacet
 facet normal 0 0.45399026966691847 0.89100664141619
  outer loop
   vertex 56 37.62694549560547 29.65418243408203
   vertex 4 38 29.464101791381836
   vertex 4 37.62694549560547 29.65418243408203
  endloop
 endfacet
 facet normal 0 0.3583678525543532 0.9335804637285322
  outer loop
   vertex 56 37.62694549560547 29.65418243408203
   vertex 4 37.62694549560547 29.65418243408203
   vertex 4 37.23606872558594 29.80422592163086
  endloop
 endfacet
 facet normal 0 0.45399026966691847 0.89100664141619
  outer loop
   vertex 56 37.62694549560547 29.65418243408203
   vertex 56 38 29.464101791381836
   vertex 4 38 29.464101791381836
  endloop
 endfacet
 facet normal 0 0.258817603940472 0.9659262124461232
  outer loop
   vertex 56 37.23606872558594 29.80422592163086
   vertex 4 37.23606872558594 29.80422592163086
   vertex 4 36.83164596557617 29.91259002685547
  endloop
 endfacet
 facet normal 0 0.3583678525543532 0.9335804637285322
  outer loop
   vertex 56 37.23606872558594 29.80422592163086
   vertex 56 37.62694549560547 29.65418243408203
   vertex 4 37.23606872558594 29.80422592163086
  endloop
 endfacet
 facet normal 0 0.258817603940472 0.9659262124461232
  outer loop
   vertex 56 36.83164596557617 29.91259002685547
   vertex 56 37.23606872558594 29.80422592163086
   vertex 4 36.83164596557617 29.91259002685547
  endloop
 endfacet
 facet normal 0 0.15643744031004017 0.9876878693541005
  outer loop
   vertex 56 36.418113708496094 29.97808837890625
   vertex 4 36.83164596557617 29.91259002685547
   vertex 4 36.418113708496094 29.97808837890625
  endloop
 endfacet
 facet normal 0 0.052334074904293315 0.9986296333495774
  outer loop
   vertex 56 36.418113708496094 29.97808837890625
   vertex 4 36.418113708496094 29.97808837890625
   vertex 4 36 30
  endloop
 endfacet
 facet normal 0 0.15643744031004017 0.9876878693541005
  outer loop
   vertex 56 36.418113708496094 29.97808837890625
   vertex 56 36.83164596557617 29.91259002685547
   vertex 4 36.83164596557617 29.91259002685547
  endloop
 endfacet
 facet normal 0 0.052334074904293315 0.9986296333495774
  outer loop
   vertex 56 36 30
   vertex 56 36.418113708496094 29.97808837890625
   vertex 4 36 30
  endloop
 endfacet
 facet normal 0.9986296333495776 0 0.052334074904293315
  outer loop
   vertex 59.97808837890625 36 26.418113708496094
   vertex 59.97808837890625 4 26.418113708496094
   vertex 60 4 26
  endloop
 endfacet
 facet normal 0.9986296333495776 0 0.052334074904293315
  outer loop
   vertex 59.97808837890625 36 26.418113708496094
   vertex 60 4 26
   vertex 60 36 26
  endloop
 endfacet
 facet normal 0.9876878693541006 0 0.1564374403100402
  outer loop
   vertex 59.91259002685547 36 26.831645965576172
   vertex 59.91259002685547 4 26.831645965576172
   vertex 59.97808837890625 4 26.418113708496094
  endloop
 endfacet
 facet normal 0.9876878693541006 0 0.1564374403100402
  outer loop
   vertex 59.91259002685547 36 26.831645965576172
   vertex 59.97808837890625 4 26.418113708496094
   vertex 59.97808837890625 36 26.418113708496094
  endloop
 endfacet
 facet normal 0.9659262124461232 0 0.25881760394047204
  outer loop
   vertex 59.80422592163086 36 27.236068725585938
   vertex 59.80422592163086 4 27.236068725585938
   vertex 59.91259002685547 4 26.831645965576172
  endloop
 endfacet
 facet normal 0.9659262124461232 0 0.25881760394047204
  outer loop
   vertex 59.80422592163086 36 27.236068725585938
   vertex 59.91259002685547 4 26.831645965576172
   vertex 59.91259002685547 36 26.831645965576172
  endloop
 endfacet
 facet normal 0.9335810487843396 0 0.35836632842767563
  outer loop
   vertex 59.65418243408203 36 27.6269474029541
   vertex 59.65418243408203 4 27.6269474029541
   vertex 59.80422592163086 4 27.236068725585938
  endloop
 endfacet
 facet normal 0.9335810487843396 0 0.35836632842767563
  outer loop
   vertex 59.65418243408203 36 27.6269474029541
   vertex 59.80422592163086 4 27.236068725585938
   vertex 59.80422592163086 36 27.236068725585938
  endloop
 endfacet
 facet normal 0.8910038597177755 0 0.4539957290195875
  outer loop
   vertex 59.4640998840332 36 28
   vertex 59.4640998840332 4 28
   vertex 59.65418243408203 4 27.6269474029541
  endloop
 endfacet
 facet normal 0.8910038597177755 0 0.4539957290195875
  outer loop
   vertex 59.4640998840332 36 28
   vertex 59.65418243408203 4 27.6269474029541
   vertex 59.65418243408203 36 27.6269474029541
  endloop
 endfacet
 facet normal 0.8386732491152795 0 0.5446349063532563
  outer loop
   vertex 59.23606872558594 36 28.35114097595215
   vertex 59.23606872558594 4 28.35114097595215
   vertex 59.4640998840332 4 28
  endloop
 endfacet
 facet normal 0.8386732491152795 0 0.5446349063532563
  outer loop
   vertex 59.23606872558594 36 28.35114097595215
   vertex 59.4640998840332 4 28
   vertex 59.4640998840332 36 28
  endloop
 endfacet
 facet normal 0.7771466239696964 0 0.6293195729138759
  outer loop
   vertex 58.97257995605469 36 28.676523208618164
   vertex 58.97257995605469 4 28.676523208618164
   vertex 59.23606872558594 4 28.35114097595215
  endloop
 endfacet
 facet normal 0.7771466239696964 0 0.6293195729138759
  outer loop
   vertex 58.97257995605469 36 28.676523208618164
   vertex 59.23606872558594 4 28.35114097595215
   vertex 59.23606872558594 36 28.35114097595215
  endloop
 endfacet
 facet normal 0.7071045034188699 0 0.7071090589468878
  outer loop
   vertex 58.67652130126953 36 28.972579956054688
   vertex 58.67652130126953 4 28.972579956054688
   vertex 58.97257995605469 4 28.676523208618164
  endloop
 endfacet
 facet normal 0.7071045034188699 0 0.7071090589468878
  outer loop
   vertex 58.67652130126953 36 28.972579956054688
   vertex 58.97257995605469 4 28.676523208618164
   vertex 58.97257995605469 36 28.676523208618164
  endloop
 endfacet
 facet normal 0.6293240289169191 0 0.7771430155561954
  outer loop
   vertex 58.35114288330078 36 29.236068725585938
   vertex 58.35114288330078 4 29.236068725585938
   vertex 58.67652130126953 4 28.972579956054688
  endloop
 endfacet
 facet normal 0.6293240289169191 0 0.7771430155561954
  outer loop
   vertex 58.35114288330078 36 29.236068725585938
   vertex 58.67652130126953 4 28.972579956054688
   vertex 58.67652130126953 36 28.972579956054688
  endloop
 endfacet
 facet normal 0.5446360297552559 0 0.8386725195762839
  outer loop
   vertex 58 36 29.464101791381836
   vertex 58 4 29.464101791381836
   vertex 58.35114288330078 4 29.236068725585938
  endloop
 endfacet
 facet normal 0.5446360297552559 0 0.8386725195762839
  outer loop
   vertex 58 36 29.464101791381836
   vertex 58.35114288330078 4 29.236068725585938
   vertex 58.35114288330078 36 29.236068725585938
  endloop
 endfacet
 facet normal 0.45399026966691836 0 0.8910066414161898
  outer loop
   vertex 57.62694549560547 36 29.65418243408203
   vertex 57.62694549560547 4 29.65418243408203
   vertex 58 4 29.464101791381836
  endloop
 endfacet
 facet normal 0.45399026966691836 0 0.8910066414161898
  outer loop
   vertex 57.62694549560547 36 29.65418243408203
   vertex 58 4 29.464101791381836
   vertex 58 36 29.464101791381836
  endloop
 endfacet
 facet normal 0.3583678525543532 0 0.9335804637285322
  outer loop
   vertex 57.23606872558594 36 29.80422592163086
   vertex 57.23606872558594 4 29.80422592163086
   vertex 57.62694549560547 4 29.65418243408203
  endloop
 endfacet
 facet normal 0.3583678525543532 0 0.9335804637285322
  outer loop
   vertex 57.23606872558594 36 29.80422592163086
   vertex 57.62694549560547 4 29.65418243408203
   vertex 57.62694549560547 36 29.65418243408203
  endloop
 endfacet
 facet normal 0.25881760394047204 0 0.9659262124461232
  outer loop
   vertex 56.83164596557617 36 29.91259002685547
   vertex 56.83164596557617 4 29.91259002685547
   vertex 57.23606872558594 4 29.80422592163086
  endloop
 endfacet
 facet normal 0.25881760394047204 0 0.9659262124461232
  outer loop
   vertex 56.83164596557617 36 29.91259002685547
   vertex 57.23606872558594 4 29.80422592163086
   vertex 57.23606872558594 36 29.80422592163086
  endloop
 endfacet
 facet normal 0.1564374403100402 0 0.9876878693541006
  outer loop
   vertex 56.418113708496094 36 29.97808837890625
   vertex 56.418113708496094 4 29.97808837890625
   vertex 56.83164596557617 4 29.91259002685547
  endloop
 endfacet
 facet normal 0.1564374403100402 0 0.9876878693541006
  outer loop
   vertex 56.418113708496094 36 29.97808837890625
   vertex 56.83164596557617 4 29.91259002685547
   vertex 56.83164596557617 36 29.91259002685547
  endloop
 endfacet
 facet normal 0.052334074904293315 0 0.9986296333495776
  outer loop
   vertex 56 36 30
   vertex 56 4 30
   vertex 56.418113708496094 4 29.97808837890625
  endloop
 endfacet
 facet normal 0.052334074904293315 0 0.9986296333495776
  outer loop
   vertex 56 36 30
   vertex 56.418113708496094 4 29.97808837890625
   vertex 56.418113708496094 36 29.97808837890625
  endloop
 endfacet
 facet normal 0.9986296333495774 0.052334074904293315 0
  outer loop
   vertex 60 36 26
   vertex 60 36 4
   vertex 59.97808837890625 36.418113708496094 4
  endloop
 endfacet
 facet normal 0.9876878693541004 0.15643744031004017 0
  outer loop
   vertex 59.97808837890625 36.418113708496094 26
   vertex 59.97808837890625 36.418113708496094 4
   vertex 59.91259002685547 36.83164596557617 4
  endloop
 endfacet
 facet normal 0.9986296333495774 0.052334074904293315 0
  outer loop
   vertex 59.97808837890625 36.418113708496094 26
   vertex 60 36 26
   vertex 59.97808837890625 36.418113708496094 4
  endloop
 endfacet
 facet normal 0.9659262124461231 0.258817603940472 0
  outer loop
   vertex 59.91259002685547 36.83164596557617 26
   vertex 59.91259002685547 36.83164596557617 4
   vertex 59.80422592163086 37.23606872558594 4
  endloop
 endfacet
 facet normal 0.9876878693541004 0.15643744031004017 0
  outer loop
   vertex 59.91259002685547 36.83164596557617 26
   vertex 59.97808837890625 36.418113708496094 26
   vertex 59.91259002685547 36.83164596557617 4
  endloop
 endfacet
 facet normal 0.9335804637285321 0.3583678525543532 0
  outer loop
   vertex 59.80422592163086 37.23606872558594 26
   vertex 59.80422592163086 37.23606872558594 4
   vertex 59.65418243408203 37.62694549560547 4
  endloop
 endfacet
 facet normal 0.9659262124461231 0.258817603940472 0
  outer loop
   vertex 59.80422592163086 37.23606872558594 26
   vertex 59.91259002685547 36.83164596557617 26
   vertex 59.80422592163086 37.23606872558594 4
  endloop
 endfacet
 facet normal 0.8910047986635032 0.45399388625686343 0
  outer loop
   vertex 59.65418243408203 37.62694549560547 26
   vertex 59.65418243408203 37.62694549560547 4
   vertex 59.4640998840332 38 4
  endloop
 endfacet
 facet normal 0.9335804637285321 0.3583678525543532 0
  outer loop
   vertex 59.65418243408203 37.62694549560547 26
   vertex 59.80422592163086 37.23606872558594 26
   vertex 59.65418243408203 37.62694549560547 4
  endloop
 endfacet
 facet normal 0.838674600409182 0.5446328255150426 0
  outer loop
   vertex 59.4640998840332 38 26
   vertex 59.4640998840332 38 4
   vertex 59.23606872558594 38.35114288330078 4
  endloop
 endfacet
 facet normal 0.8910047986635032 0.45399388625686343 0
  outer loop
   vertex 59.4640998840332 38 26
   vertex 59.65418243408203 37.62694549560547 26
   vertex 59.4640998840332 38 4
  endloop
 endfacet
 facet normal 0.7771430155561954 0.6293240289169191 0
  outer loop
   vertex 59.23606872558594 38.35114288330078 26
   vertex 59.23606872558594 38.35114288330078 4
   vertex 58.97257995605469 38.67652130126953 4
  endloop
 endfacet
 facet normal 0.838674600409182 0.5446328255150426 0
  outer loop
   vertex 59.23606872558594 38.35114288330078 26
   vertex 59.4640998840332 38 26
   vertex 59.23606872558594 38.35114288330078 4
  endloop
 endfacet
 facet normal 0.7071067811865475 0.7071067811865475 0
  outer loop
   vertex 58.97257995605469 38.67652130126953 26
   vertex 58.97257995605469 38.67652130126953 4
   vertex 58.67652130126953 38.97257995605469 4
  endloop
 endfacet
 facet normal 0.7771430155561954 0.6293240289169191 0
  outer loop
   vertex 58.97257995605469 38.67652130126953 26
   vertex 59.23606872558594 38.35114288330078 26
   vertex 58.97257995605469 38.67652130126953 4
  endloop
 endfacet
 facet normal 0.6293240289169191 0.7771430155561954 0
  outer loop
   vertex 58.67652130126953 38.97257995605469 26
   vertex 58.67652130126953 38.97257995605469 4
   vertex 58.35114288330078 39.23606872558594 4
  endloop
 endfacet
 facet normal 0.7071067811865475 0.7071067811865475 0
  outer loop
   vertex 58.67652130126953 38.97257995605469 26
   vertex 58.97257995605469 38.67652130126953 26
   vertex 58.67652130126953 38.97257995605469 4
  endloop
 endfacet
 facet normal 0.5446328255150426 0.838674600409182 0
  outer loop
   vertex 58.35114288330078 39.23606872558594 26
   vertex 58.35114288330078 39.23606872558594 4
   vertex 58 39.4640998840332 4
  endloop
 endfacet
 facet normal 0.6293240289169191 0.7771430155561954 0
  outer loop
   vertex 58.35114288330078 39.23606872558594 26
   vertex 58.67652130126953 38.97257995605469 26
   vertex 58.35114288330078 39.23606872558594 4
  endloop
 endfacet
 facet normal 0.45399388625686343 0.8910047986635032 0
  outer loop
   vertex 58 39.4640998840332 26
   vertex 58 39.4640998840332 4
   vertex 57.62694549560547 39.65418243408203 4
  endloop
 endfacet
 facet normal 0.5446328255150426 0.838674600409182 0
  outer loop
   vertex 58 39.4640998840332 26
   vertex 58.35114288330078 39.23606872558594 26
   vertex 58 39.4640998840332 4
  endloop
 endfacet
 facet normal 0.45399388625686343 0.8910047986635032 0
  outer loop
   vertex 57.62694549560547 39.65418243408203 26
   vertex 58 39.4640998840332 26
   vertex 57.62694549560547 39.65418243408203 4
  endloop
 endfacet
 facet normal 0.3583678525543532 0.9335804637285321 0
  outer loop
   vertex 57.23606872558594 39.80422592163086 26
   vertex 57.62694549560547 39.65418243408203 4
   vertex 57.23606872558594 39.80422592163086 4
  endloop
 endfacet
 facet normal 0.25881760394047193 0.9659262124461229 0
  outer loop
   vertex 57.23606872558594 39.80422592163086 26
   vertex 57.23606872558594 39.80422592163086 4
   vertex 56.83164596557617 39.91259002685547 4
  endloop
 endfacet
 facet normal 0.3583678525543532 0.9335804637285321 0
  outer loop
   vertex 57.23606872558594 39.80422592163086 26
   vertex 57.62694549560547 39.65418243408203 26
   vertex 57.62694549560547 39.65418243408203 4
  endloop
 endfacet
 facet normal 0.25881760394047193 0.9659262124461229 0
  outer loop
   vertex 56.83164596557617 39.91259002685547 26
   vertex 57.23606872558594 39.80422592163086 26
   vertex 56.83164596557617 39.91259002685547 4
  endloop
 endfacet
 facet normal 0.15643744031004017 0.9876878693541004 0
  outer loop
   vertex 56.418113708496094 39.97808837890625 26
   vertex 56.83164596557617 39.91259002685547 4
   vertex 56.418113708496094 39.97808837890625 4
  endloop
 endfacet
 facet normal 0.052334074904293315 0.9986296333495774 0
  outer loop
   vertex 56.418113708496094 39.97808837890625 26
   vertex 56.418113708496094 39.97808837890625 4
   vertex 56 40 4
  endloop
 endfacet
 facet normal 0.15643744031004017 0.9876878693541004 0
  outer loop
   vertex 56.418113708496094 39.97808837890625 26
   vertex 56.83164596557617 39.91259002685547 26
   vertex 56.83164596557617 39.91259002685547 4
  endloop
 endfacet
 facet normal 0.052334074904293315 0.9986296333495774 0
  outer loop
   vertex 56 40 26
   vertex 56.418113708496094 39.97808837890625 26
   vertex 56 40 4
  endloop
 endfacet
 facet normal 0.9972648881233377 -0.05226252441447253 -0.05226252441447253
  outer loop
   vertex 59.97808837890625 3.581886053085327 4
   vertex 59.97808837890625 4 3.581886053085327
   vertex 60 4 4
  endloop
 endfacet
 facet normal 0.05226444521896664 -0.9972646883586733 -0.05226441541652915
  outer loop
   vertex 56 -8.881784197001252e-16 4
   vertex 56 0.02191241830587387 3.581886053085327
   vertex 56.418113708496094 0.02191241830587387 4
  endloop
 endfacet
 facet normal 0.15533209075244203 0.11852106397192153 -0.9807266178591457
  outer loop
   vertex 56.56781005859375 3.9593894481658936 0.04071423411369324
   vertex 56.418113708496094 4 0.02191241830587387
   vertex 56.83164596557617 4 0.0874096006155014
  endloop
 endfacet
 facet normal 0.05209932182462384 -0.09499010649816593 -0.994113947358592
  outer loop
   vertex 56.556251525878906 3.878995180130005 0.04071423411369324
   vertex 56 4 0
   vertex 56.418113708496094 4 0.02191241830587387
  endloop
 endfacet
 facet normal 0.11999319904402048 -0.01725179357426234 -0.9926248071661583
  outer loop
   vertex 56.556251525878906 3.878995180130005 0.04071423411369324
   vertex 56.418113708496094 4 0.02191241830587387
   vertex 56.56781005859375 3.9593894481658936 0.04071423411369324
  endloop
 endfacet
 facet normal 0.068622901366701 -0.020151072808984198 -0.9974391368262342
  outer loop
   vertex 56.53336715698242 3.8010642528533936 0.04071423411369324
   vertex 56 4 0
   vertex 56.556251525878906 3.878995180130005 0.04071423411369324
  endloop
 endfacet
 facet normal 0.2588085196955214 0.008604969208642446 -0.9658903170846737
  outer loop
   vertex 57.11545944213867 3.839621067047119 0.16202810406684875
   vertex 56.83164596557617 4 0.0874096006155014
   vertex 57.23606872558594 4 0.1957739293575287
  endloop
 endfacet
 facet normal 0.1904502184154122 -0.11649188068455982 -0.9747606660304344
  outer loop
   vertex 57.11545944213867 3.839621067047119 0.16202810406684875
   vertex 56.56781005859375 3.9593894481658936 0.04071423411369324
   vertex 56.83164596557617 4 0.0874096006155014
  endloop
 endfacet
 facet normal 0.20988116247770416 -0.030175264256962077 -0.9772611478330807
  outer loop
   vertex 57.11545944213867 3.839621067047119 0.16202810406684875
   vertex 56.556251525878906 3.878995180130005 0.04071423411369324
   vertex 56.56781005859375 3.9593894481658936 0.04071423411369324
  endloop
 endfacet
 facet normal 0.06505717447030639 -0.029711150545494256 -0.9974391267557149
  outer loop
   vertex 56.49962615966797 3.7271831035614014 0.04071423411369324
   vertex 56 4 0
   vertex 56.53336715698242 3.8010642528533936 0.04071423411369324
  endloop
 endfacet
 facet normal 0.20873399771185058 -0.04540945745567555 -0.9769176522987034
  outer loop
   vertex 57.08127975463867 3.682507038116455 0.16202810406684875
   vertex 56.556251525878906 3.878995180130005 0.04071423411369324
   vertex 57.11545944213867 3.839621067047119 0.16202810406684875
  endloop
 endfacet
 facet normal 0.2034492206249812 -0.05974273859155799 -0.9772610806804232
  outer loop
   vertex 57.08127975463867 3.682507038116455 0.16202810406684875
   vertex 56.53336715698242 3.8010642528533936 0.04071423411369324
   vertex 56.556251525878906 3.878995180130005 0.04071423411369324
  endloop
 endfacet
 facet normal 0.34908090018024424 -0.06582882640961046 -0.9347775621734211
  outer loop
   vertex 57.65742492675781 3.8814585208892822 0.3614720106124878
   vertex 57.11545944213867 3.839621067047119 0.16202810406684875
   vertex 57.23606872558594 4 0.1957739293575287
  endloop
 endfacet
 facet normal 0.35819578943358044 -0.03112357119393096 -0.9331275902834458
  outer loop
   vertex 57.65742492675781 3.8814585208892822 0.3614720106124878
   vertex 57.23606872558594 4 0.1957739293575287
   vertex 57.62694549560547 4 0.3458181619644165
  endloop
 endfacet
 facet normal 0.45398928183385007 -0.0009308835807129059 -0.8910066584688041
  outer loop
   vertex 57.65742492675781 3.8814585208892822 0.3614720106124878
   vertex 57.62694549560547 4 0.3458181619644165
   vertex 58 4 0.5358983874320984
  endloop
 endfacet
 facet normal 0.06016707483854161 -0.03866668705192591 -0.997439126171518
  outer loop
   vertex 56.45571517944336 3.658855676651001 0.04071423411369324
   vertex 56 4 0
   vertex 56.49962615966797 3.7271831035614014 0.04071423411369324
  endloop
 endfacet
 facet normal 0.1928760380900789 -0.08808511975767382 -0.977261400858517
  outer loop
   vertex 57.02509307861328 3.5318562984466553 0.16202810406684875
   vertex 56.49962615966797 3.7271831035614014 0.04071423411369324
   vertex 56.53336715698242 3.8010642528533936 0.04071423411369324
  endloop
 endfacet
 facet normal 0.20014819349329396 -0.07464723856997607 -0.9769178524396245
  outer loop
   vertex 57.02509307861328 3.5318562984466553 0.16202810406684875
   vertex 56.53336715698242 3.8010642528533936 0.04071423411369324
   vertex 57.08127975463867 3.682507038116455 0.16202810406684875
  endloop
 endfacet
 facet normal 0.33987288615617123 -0.0739383307627328 -0.9375604217861883
  outer loop
   vertex 57.623687744140625 3.6467888355255127 0.3614720106124878
   vertex 57.08127975463867 3.682507038116455 0.16202810406684875
   vertex 57.11545944213867 3.839621067047119 0.16202810406684875
  endloop
 endfacet
 facet normal 0.3483274308909302 -0.0500771376938889 -0.9360343376016242
  outer loop
   vertex 57.623687744140625 3.6467888355255127 0.3614720106124878
   vertex 57.11545944213867 3.839621067047119 0.16202810406684875
   vertex 57.65742492675781 3.8814585208892822 0.3614720106124878
  endloop
 endfacet
 facet normal 0.054051669833560446 -0.046835906904541064 -0.9974391283745754
  outer loop
   vertex 56.40252685546875 3.597472906112671 0.04071423411369324
   vertex 56 4 0
   vertex 56.45571517944336 3.658855676651001 0.04071423411369324
  endloop
 endfacet
 facet normal 0.1874838248626055 -0.10237787599791165 -0.9769179013208039
  outer loop
   vertex 56.94803237915039 3.390735626220703 0.16202810406684875
   vertex 56.49962615966797 3.7271831035614014 0.04071423411369324
   vertex 57.02509307861328 3.5318562984466553 0.16202810406684875
  endloop
 endfacet
 facet normal 0.17837903629350493 -0.11463622573465754 -0.9772612010922735
  outer loop
   vertex 56.94803237915039 3.390735626220703 0.16202810406684875
   vertex 56.45571517944336 3.658855676651001 0.04071423411369324
   vertex 56.49962615966797 3.7271831035614014 0.04071423411369324
  endloop
 endfacet
 facet normal 0.32589549929389927 -0.12154593384070818 -0.9375599764851156
  outer loop
   vertex 57.55689239501953 3.419309377670288 0.3614720106124878
   vertex 57.02509307861328 3.5318562984466553 0.16202810406684875
   vertex 57.08127975463867 3.682507038116455 0.16202810406684875
  endloop
 endfacet
 facet normal 0.3376520110353278 -0.09914558514948617 -0.9360348670798353
  outer loop
   vertex 57.55689239501953 3.419309377670288 0.3614720106124878
   vertex 57.08127975463867 3.682507038116455 0.16202810406684875
   vertex 57.623687744140625 3.6467888355255127 0.3614720106124878
  endloop
 endfacet
 facet normal 0.5445136611511691 -0.021283422596617668 -0.8384818952978791
  outer loop
   vertex 58.14055252075195 3.692235231399536 0.6349858641624451
   vertex 58 4 0.5358983874320984
   vertex 58.35114288330078 4 0.7639320492744446
  endloop
 endfacet
 facet normal 0.4712479298318345 -0.06791128510246658 -0.8793824230588999
  outer loop
   vertex 58.14055252075195 3.692235231399536 0.6349858641624451
   vertex 57.65742492675781 3.8814585208892822 0.3614720106124878
   vertex 58 4 0.5358983874320984
  endloop
 endfacet
 facet normal 0.47129972955846283 -0.06775619534707818 -0.8793666259929408
  outer loop
   vertex 58.14055252075195 3.692235231399536 0.6349858641624451
   vertex 57.623687744140625 3.6467888355255127 0.3614720106124878
   vertex 57.65742492675781 3.8814585208892822 0.3614720106124878
  endloop
 endfacet
 facet normal 0.04683621244274645 -0.05405136026724639 -0.9974391308031173
  outer loop
   vertex 56.34114456176758 3.5442843437194824 0.04071423411369324
   vertex 56 4 0
   vertex 56.40252685546875 3.597472906112671 0.04071423411369324
  endloop
 endfacet
 facet normal 0.16024829559734552 -0.13885554835437477 -0.9772612856597522
  outer loop
   vertex 56.85167694091797 3.2620177268981934 0.16202810406684875
   vertex 56.40252685546875 3.597472906112671 0.04071423411369324
   vertex 56.45571517944336 3.658855676651001 0.04071423411369324
  endloop
 endfacet
 facet normal 0.17100897967929599 -0.12801362720651807 -0.9769178266970445
  outer loop
   vertex 56.85167694091797 3.2620177268981934 0.16202810406684875
   vertex 56.45571517944336 3.658855676651001 0.04071423411369324
   vertex 56.94803237915039 3.390735626220703 0.16202810406684875
  endloop
 endfacet
 facet normal 0.30527488081008564 -0.16669914813054273 -0.9375599400352703
  outer loop
   vertex 57.458404541015625 3.203651189804077 0.3614720106124878
   vertex 56.94803237915039 3.390735626220703 0.16202810406684875
   vertex 57.02509307861328 3.5318562984466553 0.16202810406684875
  endloop
 endfacet
 facet normal 0.3201080144606719 -0.14618852038783423 -0.9360340675343296
  outer loop
   vertex 57.458404541015625 3.203651189804077 0.3614720106124878
   vertex 57.02509307861328 3.5318562984466553 0.16202810406684875
   vertex 57.55689239501953 3.419309377670288 0.3614720106124878
  endloop
 endfacet
 facet normal 0.45685976895698605 -0.13414885042624625 -0.8793652468899859
  outer loop
   vertex 58.0749626159668 3.390735626220703 0.6349858641624451
   vertex 57.55689239501953 3.419309377670288 0.3614720106124878
   vertex 57.623687744140625 3.6467888355255127 0.3614720106124878
  endloop
 endfacet
 facet normal 0.47229422026584356 -0.10274551742594158 -0.8754321950627327
  outer loop
   vertex 58.0749626159668 3.390735626220703 0.6349858641624451
   vertex 57.623687744140625 3.6467888355255127 0.3614720106124878
   vertex 58.14055252075195 3.692235231399536 0.6349858641624451
  endloop
 endfacet
 facet normal 0.03866624622001268 -0.060167321851728905 -0.9974391283604447
  outer loop
   vertex 56.2728157043457 3.500373125076294 0.04071423411369324
   vertex 56 4 0
   vertex 56.34114456176758 3.5442843437194824 0.04071423411369324
  endloop
 endfacet
 facet normal 0.6293158523422637 -0.005016510972005403 -0.7771334458176395
  outer loop
   vertex 58.612770080566406 3.813131093978882 0.9770017266273499
   vertex 58.35114288330078 4 0.7639320492744446
   vertex 58.67652130126953 4 1.0274206399917603
  endloop
 endfacet
 facet normal 0.706206715681638 -0.05038379289395515 -0.7062106967044418
  outer loop
   vertex 58.612770080566406 3.813131093978882 0.9770017266273499
   vertex 58.67652130126953 4 1.0274206399917603
   vertex 58.97257995605469 4 1.3234776258468628
  endloop
 endfacet
 facet normal 0.5973535783557578 -0.0741740417996699 -0.798540489861768
  outer loop
   vertex 58.612770080566406 3.813131093978882 0.9770017266273499
   vertex 58.14055252075195 3.692235231399536 0.6349858641624451
   vertex 58.35114288330078 4 0.7639320492744446
  endloop
 endfacet
 facet normal 0.15104962302991878 -0.15104772251670098 -0.9769179069425624
  outer loop
   vertex 56.73798370361328 3.1483230590820312 0.16202810406684875
   vertex 56.40252685546875 3.597472906112671 0.04071423411369324
   vertex 56.85167694091797 3.2620177268981934 0.16202810406684875
  endloop
 endfacet
 facet normal 0.13885636186364828 -0.16024727126827154 -0.9772613380365891
  outer loop
   vertex 56.73798370361328 3.1483230590820312 0.16202810406684875
   vertex 56.34114456176758 3.5442843437194824 0.04071423411369324
   vertex 56.40252685546875 3.597472906112671 0.04071423411369324
  endloop
 endfacet
 facet normal 0.2960433633744361 -0.19025684197655685 -0.9360345405395355
  outer loop
   vertex 57.33022689819336 3.004204273223877 0.3614720106124878
   vertex 56.94803237915039 3.390735626220703 0.16202810406684875
   vertex 57.458404541015625 3.203651189804077 0.3614720106124878
  endloop
 endfacet
 facet normal 0.27844897385698236 -0.20844088539802452 -0.9375599000877123
  outer loop
   vertex 57.33022689819336 3.004204273223877 0.3614720106124878
   vertex 56.85167694091797 3.2620177268981934 0.16202810406684875
   vertex 56.94803237915039 3.390735626220703 0.16202810406684875
  endloop
 endfacet
 facet normal 0.45286634516495133 -0.16890836065755116 -0.8754324868982861
  outer loop
   vertex 57.96713638305664 3.1016387939453125 0.6349858641624451
   vertex 57.55689239501953 3.419309377670288 0.3614720106124878
   vertex 58.0749626159668 3.390735626220703 0.6349858641624451
  endloop
 endfacet
 facet normal 0.4331179550079125 -0.19779846219311178 -0.8793660247040501
  outer loop
   vertex 57.96713638305664 3.1016387939453125 0.6349858641624451
   vertex 57.458404541015625 3.203651189804077 0.3614720106124878
   vertex 57.55689239501953 3.419309377670288 0.3614720106124878
  endloop
 endfacet
 facet normal 0.029711420369840598 -0.06505700513604804 -0.9974391297629822
  outer loop
   vertex 56.198936462402344 3.466632604598999 0.04071423411369324
   vertex 56 4 0
   vertex 56.2728157043457 3.500373125076294 0.04071423411369324
  endloop
 endfacet
 facet normal 0.5987683961513419 -0.08608968330456368 -0.7962819690278495
  outer loop
   vertex 58.5595817565918 3.443197250366211 0.9770017266273499
   vertex 58.14055252075195 3.692235231399536 0.6349858641624451
   vertex 58.612770080566406 3.813131093978882 0.9770017266273499
  endloop
 endfacet
 facet normal 0.5810792026810848 -0.12641120890981056 -0.8039696303178839
  outer loop
   vertex 58.5595817565918 3.443197250366211 0.9770017266273499
   vertex 58.0749626159668 3.390735626220703 0.6349858641624451
   vertex 58.14055252075195 3.692235231399536 0.6349858641624451
  endloop
 endfacet
 facet normal 0.1280140104521542 -0.1710084302030494 -0.9769178726625101
  outer loop
   vertex 56.6092643737793 3.0519659519195557 0.16202810406684875
   vertex 56.34114456176758 3.5442843437194824 0.04071423411369324
   vertex 56.73798370361328 3.1483230590820312 0.16202810406684875
  endloop
 endfacet
 facet normal 0.11463474051407264 -0.17837949121447905 -0.9772612922761932
  outer loop
   vertex 56.6092643737793 3.0519659519195557 0.16202810406684875
   vertex 56.2728157043457 3.500373125076294 0.04071423411369324
   vertex 56.34114456176758 3.5442843437194824 0.04071423411369324
  endloop
 endfacet
 facet normal 0.2459500270482471 -0.24594693249383542 -0.9375599663977976
  outer loop
   vertex 57.17497253417969 2.825028896331787 0.3614720106124878
   vertex 56.73798370361328 3.1483230590820312 0.16202810406684875
   vertex 56.85167694091797 3.2620177268981934 0.16202810406684875
  endloop
 endfacet
 facet normal 0.26595628303312424 -0.23044948638570834 -0.9360343421796916
  outer loop
   vertex 57.17497253417969 2.825028896331787 0.3614720106124878
   vertex 56.85167694091797 3.2620177268981934 0.16202810406684875
   vertex 57.33022689819336 3.004204273223877 0.3614720106124878
  endloop
 endfacet
 facet normal 0.4242171890515194 -0.23164040612815517 -0.8754327494228272
  outer loop
   vertex 57.81926345825195 2.8308300971984863 0.6349858641624451
   vertex 57.458404541015625 3.203651189804077 0.3614720106124878
   vertex 57.96713638305664 3.1016387939453125 0.6349858641624451
  endloop
 endfacet
 facet normal 0.4005588419720072 -0.2574253292852623 -0.8793661432875491
  outer loop
   vertex 57.81926345825195 2.8308300971984863 0.6349858641624451
   vertex 57.33022689819336 3.004204273223877 0.3614720106124878
   vertex 57.458404541015625 3.203651189804077 0.3614720106124878
  endloop
 endfacet
 facet normal 0.09498992497686584 -0.05209929310422877 -0.9941139662085674
  outer loop
   vertex 56.12100601196289 3.4437499046325684 0.04071423411369324
   vertex 56 3.581886053085327 0.02191241830587387
   vertex 56 4 0
  endloop
 endfacet
 facet normal 0.02014984407216207 -0.06862330175774596 -0.9974391341027948
  outer loop
   vertex 56.12100601196289 3.4437499046325684 0.04071423411369324
   vertex 56 4 0
   vertex 56.198936462402344 3.466632604598999 0.04071423411369324
  endloop
 endfacet
 facet normal 0.5571787845131477 -0.20781441608561896 -0.8039682646444722
  outer loop
   vertex 58.45428466796875 3.0845985412597656 0.9770017266273499
   vertex 57.96713638305664 3.1016387939453125 0.6349858641624451
   vertex 58.0749626159668 3.390735626220703 0.6349858641624451
  endloop
 endfacet
 facet normal 0.5804195901136868 -0.17043143621750126 -0.7962827544039239
  outer loop
   vertex 58.45428466796875 3.0845985412597656 0.9770017266273499
   vertex 58.0749626159668 3.390735626220703 0.6349858641624451
   vertex 58.5595817565918 3.443197250366211 0.9770017266273499
  endloop
 endfacet
 facet normal 0.08808619978250355 -0.19287614931672253 -0.9772612815581256
  outer loop
   vertex 56.468143463134766 2.9749081134796143 0.16202810406684875
   vertex 56.198936462402344 3.466632604598999 0.04071423411369324
   vertex 56.2728157043457 3.500373125076294 0.04071423411369324
  endloop
 endfacet
 facet normal 0.10237479795216853 -0.18748546554832354 -0.9769179090140485
  outer loop
   vertex 56.468143463134766 2.9749081134796143 0.16202810406684875
   vertex 56.2728157043457 3.500373125076294 0.04071423411369324
   vertex 56.6092643737793 3.0519659519195557 0.16202810406684875
  endloop
 endfacet
 facet normal 0.7762520817056421 -0.047945469399541245 -0.6285968005102434
  outer loop
   vertex 58.99222946166992 3.5697824954986572 1.3805570602416992
   vertex 58.97257995605469 4 1.3234776258468628
   vertex 59.23606872558594 4 1.6488590240478516
  endloop
 endfacet
 facet normal 0.7085787851486187 -0.06090759332232362 -0.702998129665357
  outer loop
   vertex 58.99222946166992 3.5697824954986572 1.3805570602416992
   vertex 58.612770080566406 3.813131093978882 0.9770017266273499
   vertex 58.97257995605469 4 1.3234776258468628
  endloop
 endfacet
 facet normal 0.6941462732404341 -0.09980291747931154 -0.7128817075848097
  outer loop
   vertex 58.99222946166992 3.5697824954986572 1.3805570602416992
   vertex 58.5595817565918 3.443197250366211 0.9770017266273499
   vertex 58.612770080566406 3.813131093978882 0.9770017266273499
  endloop
 endfacet
 facet normal 0.20844186081363905 -0.2784485485646552 -0.9375598095389887
  outer loop
   vertex 56.99579620361328 2.6697726249694824 0.3614720106124878
   vertex 56.6092643737793 3.0519659519195557 0.16202810406684875
   vertex 56.73798370361328 3.1483230590820312 0.16202810406684875
  endloop
 endfacet
 facet normal 0.2304506588496078 -0.265955784374896 -0.93603419520513
  outer loop
   vertex 56.99579620361328 2.6697726249694824 0.3614720106124878
   vertex 56.73798370361328 3.1483230590820312 0.16202810406684875
   vertex 57.17497253417969 2.825028896331787 0.3614720106124878
  endloop
 endfacet
 facet normal 0.35984872101594106 -0.3118067074367606 -0.879366519251579
  outer loop
   vertex 57.63435745239258 2.583822250366211 0.6349858641624451
   vertex 57.17497253417969 2.825028896331787 0.3614720106124878
   vertex 57.33022689819336 3.004204273223877 0.3614720106124878
  endloop
 endfacet
 facet normal 0.386934034684851 -0.28965244546749364 -0.8754333290646427
  outer loop
   vertex 57.63435745239258 2.583822250366211 0.6349858641624451
   vertex 57.33022689819336 3.004204273223877 0.3614720106124878
   vertex 57.81926345825195 2.8308300971984863 0.6349858641624451
  endloop
 endfacet
 facet normal -0.1185129635863742 -0.1553320672733519 -0.9807276004776054
  outer loop
   vertex 56.040611267089844 3.4321911334991455 0.04071423411369324
   vertex 56 3.168353319168091 0.0874096006155014
   vertex 56 3.581886053085327 0.02191241830587387
  endloop
 endfacet
 facet normal 0.017252182752571277 -0.1199941425335087 -0.9926246863482289
  outer loop
   vertex 56.040611267089844 3.4321911334991455 0.04071423411369324
   vertex 56 3.581886053085327 0.02191241830587387
   vertex 56.12100601196289 3.4437499046325684 0.04071423411369324
  endloop
 endfacet
 facet normal 0.5219302224772194 -0.2849958271976072 -0.8039690425288972
  outer loop
   vertex 58.29903030395508 2.7446346282958984 0.9770017266273499
   vertex 57.81926345825195 2.8308300971984863 0.6349858641624451
   vertex 57.96713638305664 3.1016387939453125 0.6349858641624451
  endloop
 endfacet
 facet normal 0.5502613152749979 -0.25129276163328046 -0.7962816291128088
  outer loop
   vertex 58.29903030395508 2.7446346282958984 0.9770017266273499
   vertex 57.96713638305664 3.1016387939453125 0.6349858641624451
   vertex 58.45428466796875 3.0845985412597656 0.9770017266273499
  endloop
 endfacet
 facet normal 0.059738832574947096 -0.20344951155774307 -0.9772612588911412
  outer loop
   vertex 56.3174934387207 2.9187183380126953 0.16202810406684875
   vertex 56.12100601196289 3.4437499046325684 0.04071423411369324
   vertex 56.198936462402344 3.466632604598999 0.04071423411369324
  endloop
 endfacet
 facet normal 0.07465117701999131 -0.20014676241625592 -0.9769178446849154
  outer loop
   vertex 56.3174934387207 2.9187183380126953 0.16202810406684875
   vertex 56.198936462402344 3.466632604598999 0.04071423411369324
   vertex 56.468143463134766 2.9749081134796143 0.16202810406684875
  endloop
 endfacet
 facet normal 0.6728743319439341 -0.19757937316456564 -0.712883247601528
  outer loop
   vertex 58.90054702758789 3.1483230590820312 1.3805570602416992
   vertex 58.45428466796875 3.0845985412597656 0.9770017266273499
   vertex 58.5595817565918 3.443197250366211 0.9770017266273499
  endloop
 endfacet
 facet normal 0.6975723088675542 -0.15174681523082142 -0.7002612212371127
  outer loop
   vertex 58.90054702758789 3.1483230590820312 1.3805570602416992
   vertex 58.5595817565918 3.443197250366211 0.9770017266273499
   vertex 58.99222946166992 3.5697824954986572 1.3805570602416992
  endloop
 endfacet
 facet normal 0.16669435033924368 -0.30527794440415246 -0.9375597955465841
  outer loop
   vertex 56.796348571777344 2.541595935821533 0.3614720106124878
   vertex 56.468143463134766 2.9749081134796143 0.16202810406684875
   vertex 56.6092643737793 3.0519659519195557 0.16202810406684875
  endloop
 endfacet
 facet normal 0.19025577822554535 -0.2960449724706863 -0.9360342478385194
  outer loop
   vertex 56.796348571777344 2.541595935821533 0.3614720106124878
   vertex 56.6092643737793 3.0519659519195557 0.16202810406684875
   vertex 56.99579620361328 2.6697726249694824 0.3614720106124878
  endloop
 endfacet
 facet normal 0.8386509002870337 -0.007300340018562292 -0.5446203930109127
  outer loop
   vertex 59.356441497802734 3.7599425315856934 1.8374366760253906
   vertex 59.23606872558594 4 1.6488590240478516
   vertex 59.4640998840332 4 2
  endloop
 endfacet
 facet normal 0.7946886516372913 -0.07473283346655425 -0.6023993281544758
  outer loop
   vertex 59.356441497802734 3.7599425315856934 1.8374366760253906
   vertex 58.99222946166992 3.5697824954986572 1.3805570602416992
   vertex 59.23606872558594 4 1.6488590240478516
  endloop
 endfacet
 facet normal 0.3118079073549302 -0.35984760030125856 -0.879366552393463
  outer loop
   vertex 57.41617965698242 2.3656437397003174 0.6349858641624451
   vertex 56.99579620361328 2.6697726249694824 0.3614720106124878
   vertex 57.17497253417969 2.825028896331787 0.3614720106124878
  endloop
 endfacet
 facet normal 0.34177309163699426 -0.3417719712005044 -0.8754330777018953
  outer loop
   vertex 57.41617965698242 2.3656437397003174 0.6349858641624451
   vertex 57.17497253417969 2.825028896331787 0.3614720106124878
   vertex 57.63435745239258 2.583822250366211 0.6349858641624451
  endloop
 endfacet
 facet normal 0.4760602820236085 -0.35637088629433394 -0.8039691531902161
  outer loop
   vertex 58.09697341918945 2.4302263259887695 0.9770017266273499
   vertex 57.63435745239258 2.583822250366211 0.6349858641624451
   vertex 57.81926345825195 2.8308300971984863 0.6349858641624451
  endloop
 endfacet
 facet normal 0.5088959421634689 -0.32704584449227736 -0.7962825727402858
  outer loop
   vertex 58.09697341918945 2.4302263259887695 0.9770017266273499
   vertex 57.81926345825195 2.8308300971984863 0.6349858641624451
   vertex 58.29903030395508 2.7446346282958984 0.9770017266273499
  endloop
 endfacet
 facet normal -0.008605894396498018 -0.2588093717638676 -0.965890080531335
  outer loop
   vertex 56.160377502441406 2.884540319442749 0.16202810406684875
   vertex 56 2.7639319896698 0.1957739293575287
   vertex 56 3.168353319168091 0.0874096006155014
  endloop
 endfacet
 facet normal 0.1164945950342698 -0.19044954122085858 -0.9747604739506861
  outer loop
   vertex 56.160377502441406 2.884540319442749 0.16202810406684875
   vertex 56 3.168353319168091 0.0874096006155014
   vertex 56.040611267089844 3.4321911334991455 0.04071423411369324
  endloop
 endfacet
 facet normal 0.030175637147382257 -0.20988067172907524 -0.9772612417144668
  outer loop
   vertex 56.160377502441406 2.884540319442749 0.16202810406684875
   vertex 56.040611267089844 3.4321911334991455 0.04071423411369324
   vertex 56.12100601196289 3.4437499046325684 0.04071423411369324
  endloop
 endfacet
 facet normal 0.045406650694972475 -0.2087338217880428 -0.9769178203484787
  outer loop
   vertex 56.160377502441406 2.884540319442749 0.16202810406684875
   vertex 56.12100601196289 3.4437499046325684 0.04071423411369324
   vertex 56.3174934387207 2.9187183380126953 0.16202810406684875
  endloop
 endfacet
 facet normal 0.6688733767947967 -0.2494776430797959 -0.7002637441839151
  outer loop
   vertex 58.74981689453125 2.744201183319092 1.3805570602416992
   vertex 58.45428466796875 3.0845985412597656 0.9770017266273499
   vertex 58.90054702758789 3.1483230590820312 1.3805570602416992
  endloop
 endfacet
 facet normal 0.6379106230774118 -0.2913203557989843 -0.712883221335824
  outer loop
   vertex 58.74981689453125 2.744201183319092 1.3805570602416992
   vertex 58.29903030395508 2.7446346282958984 0.9770017266273499
   vertex 58.45428466796875 3.0845985412597656 0.9770017266273499
  endloop
 endfacet
 facet normal 0.1461893374682884 -0.32010697246474357 -0.9360342962680579
  outer loop
   vertex 56.580692291259766 2.443108081817627 0.3614720106124878
   vertex 56.468143463134766 2.9749081134796143 0.16202810406684875
   vertex 56.796348571777344 2.541595935821533 0.3614720106124878
  endloop
 endfacet
 facet normal 0.12155237426244343 -0.3258932429976563 -0.9375599258072166
  outer loop
   vertex 56.580692291259766 2.443108081817627 0.3614720106124878
   vertex 56.3174934387207 2.9187183380126953 0.16202810406684875
   vertex 56.468143463134766 2.9749081134796143 0.16202810406684875
  endloop
 endfacet
 facet normal 0.7995326741256273 -0.11495781670287812 -0.5895186200489605
  outer loop
   vertex 59.28811264038086 3.284714698791504 1.8374366760253906
   vertex 58.99222946166992 3.5697824954986572 1.3805570602416992
   vertex 59.356441497802734 3.7599425315856934 1.8374366760253906
  endloop
 endfacet
 facet normal 0.7759272951252567 -0.16879181468236745 -0.6078208255529224
  outer loop
   vertex 59.28811264038086 3.284714698791504 1.8374366760253906
   vertex 58.90054702758789 3.1483230590820312 1.3805570602416992
   vertex 58.99222946166992 3.5697824954986572 1.3805570602416992
  endloop
 endfacet
 facet normal 0.2896531531460701 -0.38693372852385094 -0.8754332302369896
  outer loop
   vertex 57.16917037963867 2.1807360649108887 0.6349858641624451
   vertex 56.99579620361328 2.6697726249694824 0.3614720106124878
   vertex 57.41617965698242 2.3656437397003174 0.6349858641624451
  endloop
 endfacet
 facet normal 0.25742308619875953 -0.40055976842231034 -0.8793663779184254
  outer loop
   vertex 57.16917037963867 2.1807360649108887 0.6349858641624451
   vertex 56.796348571777344 2.541595935821533 0.3614720106124878
   vertex 56.99579620361328 2.6697726249694824 0.3614720106124878
  endloop
 endfacet
 facet normal 0.45717178671017966 -0.396143256562151 -0.7962816572774711
  outer loop
   vertex 57.85222625732422 2.1477742195129395 0.9770017266273499
   vertex 57.63435745239258 2.583822250366211 0.6349858641624451
   vertex 58.09697341918945 2.4302263259887695 0.9770017266273499
  endloop
 endfacet
 facet normal 0.4204975823121094 -0.4204962037927155 -0.8039681124681415
  outer loop
   vertex 57.85222625732422 2.1477742195129395 0.9770017266273499
   vertex 57.41617965698242 2.3656437397003174 0.6349858641624451
   vertex 57.63435745239258 2.583822250366211 0.6349858641624451
  endloop
 endfacet
 facet normal 0.5899579017939157 -0.3791409288642067 -0.7128827604668996
  outer loop
   vertex 58.54310989379883 2.3656437397003174 1.3805570602416992
   vertex 58.09697341918945 2.4302263259887695 0.9770017266273499
   vertex 58.29903030395508 2.7446346282958984 0.9770017266273499
  endloop
 endfacet
 facet normal 0.6265631672673192 -0.3421277147192016 -0.700262253905608
  outer loop
   vertex 58.54310989379883 2.3656437397003174 1.3805570602416992
   vertex 58.29903030395508 2.7446346282958984 0.9770017266273499
   vertex 58.74981689453125 2.744201183319092 1.3805570602416992
  endloop
 endfacet
 facet normal 0.0739343847883737 -0.3398754689504926 -0.9375597966805357
  outer loop
   vertex 56.35321044921875 2.376314163208008 0.3614720106124878
   vertex 56.160377502441406 2.884540319442749 0.16202810406684875
   vertex 56.3174934387207 2.9187183380126953 0.16202810406684875
  endloop
 endfacet
 facet normal 0.09914316067694351 -0.33765452433436877 -0.9360342172631924
  outer loop
   vertex 56.35321044921875 2.376314163208008 0.3614720106124878
   vertex 56.3174934387207 2.9187183380126953 0.16202810406684875
   vertex 56.580692291259766 2.443108081817627 0.3614720106124878
  endloop
 endfacet
 facet normal 0.7440082980007646 -0.27750160651705147 -0.6078194722830628
  outer loop
   vertex 59.15284729003906 2.8240480422973633 1.8374366760253906
   vertex 58.74981689453125 2.744201183319092 1.3805570602416992
   vertex 58.90054702758789 3.1483230590820312 1.3805570602416992
  endloop
 endfacet
 facet normal 0.7750358145344961 -0.22757342972962047 -0.5895165988078264
  outer loop
   vertex 59.15284729003906 2.8240480422973633 1.8374366760253906
   vertex 58.90054702758789 3.1483230590820312 1.3805570602416992
   vertex 59.28811264038086 3.284714698791504 1.8374366760253906
  endloop
 endfacet
 facet normal 0.1977997369970599 -0.43311691578181066 -0.8793662498115024
  outer loop
   vertex 56.89836120605469 2.032863140106201 0.6349858641624451
   vertex 56.580692291259766 2.443108081817627 0.3614720106124878
   vertex 56.796348571777344 2.541595935821533 0.3614720106124878
  endloop
 endfacet
 facet normal 0.23163971009898374 -0.424216661325894 -0.8754331893175916
  outer loop
   vertex 56.89836120605469 2.032863140106201 0.6349858641624451
   vertex 56.796348571777344 2.541595935821533 0.3614720106124878
   vertex 57.16917037963867 2.1807360649108887 0.6349858641624451
  endloop
 endfacet
 facet normal 0.8893926725752229 -0.060117249079423285 -0.4531739073828337
  outer loop
   vertex 59.60149383544922 3.4821834564208984 2.3383400440216064
   vertex 59.4640998840332 4 2
   vertex 59.65418243408203 4 2.3730533123016357
  endloop
 endfacet
 facet normal 0.9312388447001667 -0.07079112050562504 -0.3574672451834664
  outer loop
   vertex 59.60149383544922 3.4821834564208984 2.3383400440216064
   vertex 59.65418243408203 4 2.3730533123016357
   vertex 59.80422592163086 4 2.7639319896698
  endloop
 endfacet
 facet normal 0.862461006312598 -0.12400573170507467 -0.4906970461441049
  outer loop
   vertex 59.60149383544922 3.4821834564208984 2.3383400440216064
   vertex 59.28811264038086 3.284714698791504 1.8374366760253906
   vertex 59.356441497802734 3.7599425315856934 1.8374366760253906
  endloop
 endfacet
 facet normal 0.878734364088577 -0.07485716015642584 -0.471404627621706
  outer loop
   vertex 59.60149383544922 3.4821834564208984 2.3383400440216064
   vertex 59.356441497802734 3.7599425315856934 1.8374366760253906
   vertex 59.4640998840332 4 2
  endloop
 endfacet
 facet normal 0.3961431769870998 -0.45717248180514386 -0.7962812977878437
  outer loop
   vertex 57.56977462768555 1.903027892112732 0.9770017266273499
   vertex 57.41617965698242 2.3656437397003174 0.6349858641624451
   vertex 57.85222625732422 2.1477742195129395 0.9770017266273499
  endloop
 endfacet
 facet normal 0.3563720765054824 -0.4760603321812112 -0.8039685959107389
  outer loop
   vertex 57.56977462768555 1.903027892112732 0.9770017266273499
   vertex 57.16917037963867 2.1807360649108887 0.6349858641624451
   vertex 57.41617965698242 2.3656437397003174 0.6349858641624451
  endloop
 endfacet
 facet normal 0.5714944197108124 -0.42781826880749424 -0.7002611349446436
  outer loop
   vertex 58.284629821777344 2.020357131958008 1.3805570602416992
   vertex 58.09697341918945 2.4302263259887695 0.9770017266273499
   vertex 58.54310989379883 2.3656437397003174 1.3805570602416992
  endloop
 endfacet
 facet normal 0.5299945041746923 -0.4592447630126913 -0.7128815281588093
  outer loop
   vertex 58.284629821777344 2.020357131958008 1.3805570602416992
   vertex 57.85222625732422 2.1477742195129395 0.9770017266273499
   vertex 58.09697341918945 2.4302263259887695 0.9770017266273499
  endloop
 endfacet
 facet normal 0.031123257394060216 -0.35819426954232925 -0.9331281841827627
  outer loop
   vertex 56.1185417175293 2.342573642730713 0.3614720106124878
   vertex 56 2.3730533123016357 0.3458181619644165
   vertex 56 2.7639319896698 0.1957739293575287
  endloop
 endfacet
 facet normal 0.0009295949925637187 -0.45399043409734896 -0.8910060727072798
  outer loop
   vertex 56.1185417175293 2.342573642730713 0.3614720106124878
   vertex 56 2 0.5358983874320984
   vertex 56 2.3730533123016357 0.3458181619644165
  endloop
 endfacet
 facet normal 0.050082216250992365 -0.3483268782331347 -0.936034271549791
  outer loop
   vertex 56.1185417175293 2.342573642730713 0.3614720106124878
   vertex 56.160377502441406 2.884540319442749 0.16202810406684875
   vertex 56.35321044921875 2.376314163208008 0.3614720106124878
  endloop
 endfacet
 facet normal 0.06582650788259872 -0.3490799423770146 -0.9347780831245683
  outer loop
   vertex 56.1185417175293 2.342573642730713 0.3614720106124878
   vertex 56 2.7639319896698 0.1957739293575287
   vertex 56.160377502441406 2.884540319442749 0.16202810406684875
  endloop
 endfacet
 facet normal 0.7347618834658569 -0.3355493453879427 -0.5895181179704568
  outer loop
   vertex 58.95340347290039 2.3873202800750732 1.8374366760253906
   vertex 58.74981689453125 2.744201183319092 1.3805570602416992
   vertex 59.15284729003906 2.8240480422973633 1.8374366760253906
  endloop
 endfacet
 facet normal 0.6969419798840407 -0.38055726752905733 -0.6078223776779945
  outer loop
   vertex 58.95340347290039 2.3873202800750732 1.8374366760253906
   vertex 58.54310989379883 2.3656437397003174 1.3805570602416992
   vertex 58.74981689453125 2.744201183319092 1.3805570602416992
  endloop
 endfacet
 facet normal 0.16890977298054186 -0.4528651250611612 -0.8754328455655528
  outer loop
   vertex 56.6092643737793 1.9250357151031494 0.6349858641624451
   vertex 56.580692291259766 2.443108081817627 0.3614720106124878
   vertex 56.89836120605469 2.032863140106201 0.6349858641624451
  endloop
 endfacet
 facet normal 0.13414437498774706 -0.45685909970341 -0.8793662773141441
  outer loop
   vertex 56.6092643737793 1.9250357151031494 0.6349858641624451
   vertex 56.35321044921875 2.376314163208008 0.3614720106124878
   vertex 56.580692291259766 2.443108081817627 0.3614720106124878
  endloop
 endfacet
 facet normal 0.83603399504906 -0.24548429899093763 -0.49069809258976765
  outer loop
   vertex 59.49114227294922 2.9749081134796143 2.3383400440216064
   vertex 59.15284729003906 2.8240480422973633 1.8374366760253906
   vertex 59.28811264038086 3.284714698791504 1.8374366760253906
  endloop
 endfacet
 facet normal 0.8642601061673093 -0.18800924280882617 -0.46659082021201764
  outer loop
   vertex 59.49114227294922 2.9749081134796143 2.3383400440216064
   vertex 59.28811264038086 3.284714698791504 1.8374366760253906
   vertex 59.60149383544922 3.4821834564208984 2.3383400440216064
  endloop
 endfacet
 facet normal 0.32704802304982117 -0.5088950863355842 -0.7962822249194704
  outer loop
   vertex 57.255367279052734 1.700969934463501 0.9770017266273499
   vertex 57.16917037963867 2.1807360649108887 0.6349858641624451
   vertex 57.56977462768555 1.903027892112732 0.9770017266273499
  endloop
 endfacet
 facet normal 0.28499537208778175 -0.5219303080147486 -0.8039691483285762
  outer loop
   vertex 57.255367279052734 1.700969934463501 0.9770017266273499
   vertex 56.89836120605469 2.032863140106201 0.6349858641624451
   vertex 57.16917037963867 2.1807360649108887 0.6349858641624451
  endloop
 endfacet
 facet normal 0.9657587333058266 -0.018608342321695462 -0.25877364363389815
  outer loop
   vertex 59.82819366455078 3.7262022495269775 2.8730697631835938
   vertex 59.80422592163086 4 2.7639319896698
   vertex 59.91259002685547 4 3.168353319168091
  endloop
 endfacet
 facet normal 0.9289541212209544 -0.06402013828798334 -0.36461714518134203
  outer loop
   vertex 59.82819366455078 3.7262022495269775 2.8730697631835938
   vertex 59.60149383544922 3.4821834564208984 2.3383400440216064
   vertex 59.80422592163086 4 2.7639319896698
  endloop
 endfacet
 facet normal 0.4592435342245406 -0.5299939983599309 -0.7128826958030379
  outer loop
   vertex 57.979644775390625 1.7153702974319458 1.3805570602416992
   vertex 57.56977462768555 1.903027892112732 0.9770017266273499
   vertex 57.85222625732422 2.1477742195129395 0.9770017266273499
  endloop
 endfacet
 facet normal 0.5047951884030197 -0.5047922287862937 -0.7002618249784333
  outer loop
   vertex 57.979644775390625 1.7153702974319458 1.3805570602416992
   vertex 57.85222625732422 2.1477742195129395 0.9770017266273499
   vertex 58.284629821777344 2.020357131958008 1.3805570602416992
  endloop
 endfacet
 facet normal 0.6795257824221514 -0.4367072522255671 -0.5895180123432685
  outer loop
   vertex 58.69383239746094 1.9834221601486206 1.8374366760253906
   vertex 58.54310989379883 2.3656437397003174 1.3805570602416992
   vertex 58.95340347290039 2.3873202800750732 1.8374366760253906
  endloop
 endfacet
 facet normal 0.6356872496133783 -0.4758727456520213 -0.6078213969782448
  outer loop
   vertex 58.69383239746094 1.9834221601486206 1.8374366760253906
   vertex 58.284629821777344 2.020357131958008 1.3805570602416992
   vertex 58.54310989379883 2.3656437397003174 1.3805570602416992
  endloop
 endfacet
 facet normal 0.021283853123046426 -0.5445157365288003 -0.8384805366069834
  outer loop
   vertex 56.30776596069336 1.8594485521316528 0.6349858641624451
   vertex 56 1.6488590240478516 0.7639320492744446
   vertex 56 2 0.5358983874320984
  endloop
 endfacet
 facet normal 0.06791161117124879 -0.4712495915299252 -0.8793815073965359
  outer loop
   vertex 56.30776596069336 1.8594485521316528 0.6349858641624451
   vertex 56 2 0.5358983874320984
   vertex 56.1185417175293 2.342573642730713 0.3614720106124878
  endloop
 endfacet
 facet normal 0.06776309754815561 -0.47129919550812066 -0.8793663803694552
  outer loop
   vertex 56.30776596069336 1.8594485521316528 0.6349858641624451
   vertex 56.1185417175293 2.342573642730713 0.3614720106124878
   vertex 56.35321044921875 2.376314163208008 0.3614720106124878
  endloop
 endfacet
 facet normal 0.10274141753774126 -0.4722932498130872 -0.8754331997950091
  outer loop
   vertex 56.30776596069336 1.8594485521316528 0.6349858641624451
   vertex 56.35321044921875 2.376314163208008 0.3614720106124878
   vertex 56.6092643737793 1.9250357151031494 0.6349858641624451
  endloop
 endfacet
 facet normal 0.7925912822063876 -0.36195874049705234 -0.4906984099711571
  outer loop
   vertex 59.309722900390625 2.4885008335113525 2.3383400440216064
   vertex 58.95340347290039 2.3873202800750732 1.8374366760253906
   vertex 59.15284729003906 2.8240480422973633 1.8374366760253906
  endloop
 endfacet
 facet normal 0.8287065839245114 -0.3090895936026501 -0.4665929927535512
  outer loop
   vertex 59.309722900390625 2.4885008335113525 2.3383400440216064
   vertex 59.15284729003906 2.8240480422973633 1.8374366760253906
   vertex 59.49114227294922 2.9749081134796143 2.3383400440216064
  endloop
 endfacet
 facet normal 0.20781627079482598 -0.5571775972612589 -0.8039686080333622
  outer loop
   vertex 56.915401458740234 1.5457136631011963 0.9770017266273499
   vertex 56.6092643737793 1.9250357151031494 0.6349858641624451
   vertex 56.89836120605469 2.032863140106201 0.6349858641624451
  endloop
 endfacet
 facet normal 0.2512939325472165 -0.5502602063565384 -0.7962820258962368
  outer loop
   vertex 56.915401458740234 1.5457136631011963 0.9770017266273499
   vertex 56.89836120605469 2.032863140106201 0.6349858641624451
   vertex 57.255367279052734 1.700969934463501 0.9770017266273499
  endloop
 endfacet
 facet normal 0.9328780234303207 -0.13412672901540085 -0.334288219900683
  outer loop
   vertex 59.75026321411133 3.184180498123169 2.8730697631835938
   vertex 59.60149383544922 3.4821834564208984 2.3383400440216064
   vertex 59.82819366455078 3.7262022495269775 2.8730697631835938
  endloop
 endfacet
 facet normal 0.9102649461890177 -0.19801703453298589 -0.3636027802070096
  outer loop
   vertex 59.75026321411133 3.184180498123169 2.8730697631835938
   vertex 59.49114227294922 2.9749081134796143 2.3383400440216064
   vertex 59.60149383544922 3.4821834564208984 2.3383400440216064
  endloop
 endfacet
 facet normal 0.3791436755048311 -0.589957253617856 -0.7128818360909219
  outer loop
   vertex 57.63435745239258 1.4568920135498047 1.3805570602416992
   vertex 57.255367279052734 1.700969934463501 0.9770017266273499
   vertex 57.56977462768555 1.903027892112732 0.9770017266273499
  endloop
 endfacet
 facet normal 0.4278154884160368 -0.571495842953024 -0.7002616720617805
  outer loop
   vertex 57.63435745239258 1.4568920135498047 1.3805570602416992
   vertex 57.56977462768555 1.903027892112732 0.9770017266273499
   vertex 57.979644775390625 1.7153702974319458 1.3805570602416992
  endloop
 endfacet
 facet normal 0.5614961402912877 -0.5614928482365958 -0.6078222320852882
  outer loop
   vertex 58.379425048828125 1.6205756664276123 1.8374366760253906
   vertex 57.979644775390625 1.7153702974319458 1.3805570602416992
   vertex 58.284629821777344 2.020357131958008 1.3805570602416992
  endloop
 endfacet
 facet normal 0.6104606667039182 -0.5289656176492503 -0.5895194227100197
  outer loop
   vertex 58.379425048828125 1.6205756664276123 1.8374366760253906
   vertex 58.284629821777344 2.020357131958008 1.3805570602416992
   vertex 58.69383239746094 1.9834221601486206 1.8374366760253906
  endloop
 endfacet
 facet normal 0.7330089593356661 -0.4710790035768422 -0.49069587110825874
  outer loop
   vertex 59.0609245300293 2.032863140106201 2.3383400440216064
   vertex 58.69383239746094 1.9834221601486206 1.8374366760253906
   vertex 58.95340347290039 2.3873202800750732 1.8374366760253906
  endloop
 endfacet
 facet normal 0.776283526173405 -0.42388520319048956 -0.46658892133005236
  outer loop
   vertex 59.0609245300293 2.032863140106201 2.3383400440216064
   vertex 58.95340347290039 2.3873202800750732 1.8374366760253906
   vertex 59.309722900390625 2.4885008335113525 2.3383400440216064
  endloop
 endfacet
 facet normal 0.17042656850044735 -0.5804225275145518 -0.796281655133899
  outer loop
   vertex 56.556800842285156 1.4404195547103882 0.9770017266273499
   vertex 56.6092643737793 1.9250357151031494 0.6349858641624451
   vertex 56.915401458740234 1.5457136631011963 0.9770017266273499
  endloop
 endfacet
 facet normal 0.1264070125024998 -0.5810819060583666 -0.8039683362183914
  outer loop
   vertex 56.556800842285156 1.4404195547103882 0.9770017266273499
   vertex 56.30776596069336 1.8594485521316528 0.6349858641624451
   vertex 56.6092643737793 1.9250357151031494 0.6349858641624451
  endloop
 endfacet
 facet normal 0.9042933166478183 -0.2655283722146886 -0.33428772190301326
  outer loop
   vertex 59.595985412597656 2.658766269683838 2.8730697631835938
   vertex 59.49114227294922 2.9749081134796143 2.3383400440216064
   vertex 59.75026321411133 3.184180498123169 2.8730697631835938
  endloop
 endfacet
 facet normal 0.8728213774737771 -0.32554345540912205 -0.36359909469780993
  outer loop
   vertex 59.595985412597656 2.658766269683838 2.8730697631835938
   vertex 59.309722900390625 2.4885008335113525 2.3383400440216064
   vertex 59.49114227294922 2.9749081134796143 2.3383400440216064
  endloop
 endfacet
 facet normal 0.2913227270979892 -0.6379115576106045 -0.712881416045476
  outer loop
   vertex 57.25579833984375 1.2501840591430664 1.3805570602416992
   vertex 56.915401458740234 1.5457136631011963 0.9770017266273499
   vertex 57.255367279052734 1.700969934463501 0.9770017266273499
  endloop
 endfacet
 facet normal 0.34212852693766127 -0.6265645262993175 -0.7002606410750056
  outer loop
   vertex 57.25579833984375 1.2501840591430664 1.3805570602416992
   vertex 57.255367279052734 1.700969934463501 0.9770017266273499
   vertex 57.63435745239258 1.4568920135498047 1.3805570602416992
  endloop
 endfacet
 facet normal 0.9858172296141123 -0.061517363016684284 -0.15614097426181933
  outer loop
   vertex 59.91898727416992 3.436534881591797 3.4307405948638916
   vertex 59.91259002685547 4 3.168353319168091
   vertex 59.97808837890625 4 3.581886053085327
  endloop
 endfacet
 facet normal 0.9857583681572325 -0.15613165135190502 -0.06247677211665929
  outer loop
   vertex 59.91898727416992 3.436534881591797 3.4307405948638916
   vertex 59.97808837890625 3.581886053085327 4
   vertex 59.91259002685547 3.168353319168091 4
  endloop
 endfacet
 facet normal 0.9758685198614634 -0.08297574656740485 -0.20197934900622574
  outer loop
   vertex 59.91898727416992 3.436534881591797 3.4307405948638916
   vertex 59.82819366455078 3.7262022495269775 2.8730697631835938
   vertex 59.91259002685547 4 3.168353319168091
  endloop
 endfacet
 facet normal 0.9932294462094755 -0.0821439808580588 -0.0821439808580588
  outer loop
   vertex 59.91898727416992 3.436534881591797 3.4307405948638916
   vertex 59.97808837890625 4 3.581886053085327
   vertex 59.97808837890625 3.581886053085327 4
  endloop
 endfacet
 facet normal 0.9635568643484975 -0.13853765142860983 -0.22883506790598424
  outer loop
   vertex 59.91898727416992 3.436534881591797 3.4307405948638916
   vertex 59.75026321411133 3.184180498123169 2.8730697631835938
   vertex 59.82819366455078 3.7262022495269775 2.8730697631835938
  endloop
 endfacet
 facet normal 0.5289670918617475 -0.6104603158047409 -0.5895184632858426
  outer loop
   vertex 58.016578674316406 1.3061673641204834 1.8374366760253906
   vertex 57.979644775390625 1.7153702974319458 1.3805570602416992
   vertex 58.379425048828125 1.6205756664276123 1.8374366760253906
  endloop
 endfacet
 facet normal 0.47586971590106686 -0.6356889168075801 -0.6078220253793405
  outer loop
   vertex 58.016578674316406 1.3061673641204834 1.8374366760253906
   vertex 57.63435745239258 1.4568920135498047 1.3805570602416992
   vertex 57.979644775390625 1.7153702974319458 1.3805570602416992
  endloop
 endfacet
 facet normal 0.7080581880796223 -0.5300443850459736 -0.4665903472797504
  outer loop
   vertex 58.74981689453125 1.6172709465026855 2.3383400440216064
   vertex 58.69383239746094 1.9834221601486206 1.8374366760253906
   vertex 59.0609245300293 2.032863140106201 2.3383400440216064
  endloop
 endfacet
 facet normal 0.6585083190820494 -0.5705990225564358 -0.4906970034118547
  outer loop
   vertex 58.74981689453125 1.6172709465026855 2.3383400440216064
   vertex 58.379425048828125 1.6205756664276123 1.8374366760253906
   vertex 58.69383239746094 1.9834221601486206 1.8374366760253906
  endloop
 endfacet
 facet normal 0.005022145429790023 -0.6293123533314688 -0.777136242881318
  outer loop
   vertex 56.18687057495117 1.3872311115264893 0.9770017266273499
   vertex 56 1.3234776258468628 1.0274206399917603
   vertex 56 1.6488590240478516 0.7639320492744446
  endloop
 endfacet
 facet normal 0.0503930950055027 -0.7062083743399558 -0.7062083743399558
  outer loop
   vertex 56.18687057495117 1.3872311115264893 0.9770017266273499
   vertex 56 1.0274206399917603 1.3234776258468628
   vertex 56 1.3234776258468628 1.0274206399917603
  endloop
 endfacet
 facet normal 0.07417182733202293 -0.5973533564966261 -0.7985408615170818
  outer loop
   vertex 56.18687057495117 1.3872311115264893 0.9770017266273499
   vertex 56 1.6488590240478516 0.7639320492744446
   vertex 56.30776596069336 1.8594485521316528 0.6349858641624451
  endloop
 endfacet
 facet normal 0.08609073184665061 -0.5987685583670297 -0.796281733685495
  outer loop
   vertex 56.18687057495117 1.3872311115264893 0.9770017266273499
   vertex 56.30776596069336 1.8594485521316528 0.6349858641624451
   vertex 56.556800842285156 1.4404195547103882 0.9770017266273499
  endloop
 endfacet
 facet normal 0.8573034423242704 -0.3915150883451069 -0.33428542202297645
  outer loop
   vertex 59.368507385253906 2.160655975341797 2.8730697631835938
   vertex 59.309722900390625 2.4885008335113525 2.3383400440216064
   vertex 59.595985412597656 2.658766269683838 2.8730697631835938
  endloop
 endfacet
 facet normal 0.8176049734696053 -0.44644854440889176 -0.3636011613745867
  outer loop
   vertex 59.368507385253906 2.160655975341797 2.8730697631835938
   vertex 59.0609245300293 2.032863140106201 2.3383400440216064
   vertex 59.309722900390625 2.4885008335113525 2.3383400440216064
  endloop
 endfacet
 facet normal 0.24947806283311616 -0.6688758289649807 -0.7002612523847408
  outer loop
   vertex 56.85167694091797 1.099454402923584 1.3805570602416992
   vertex 56.915401458740234 1.5457136631011963 0.9770017266273499
   vertex 57.25579833984375 1.2501840591430664 1.3805570602416992
  endloop
 endfacet
 facet normal 0.19757356964247727 -0.6728771908686173 -0.7128821575740886
  outer loop
   vertex 56.85167694091797 1.099454402923584 1.3805570602416992
   vertex 56.556800842285156 1.4404195547103882 0.9770017266273499
   vertex 56.915401458740234 1.5457136631011963 0.9770017266273499
  endloop
 endfacet
 facet normal 0.9582729050272821 -0.2084594648016768 -0.1955957336578997
  outer loop
   vertex 59.79890823364258 2.884540319442749 3.4307405948638916
   vertex 59.75026321411133 3.184180498123169 2.8730697631835938
   vertex 59.91898727416992 3.436534881591797 3.4307405948638916
  endloop
 endfacet
 facet normal 0.9639624969182756 -0.25829234471440166 -0.06372887255412972
  outer loop
   vertex 59.79890823364258 2.884540319442749 3.4307405948638916
   vertex 59.91259002685547 3.168353319168091 4
   vertex 59.80422592163086 2.7639319896698 4
  endloop
 endfacet
 facet normal 0.9340316177703426 -0.2742604534367037 -0.22883649334406958
  outer loop
   vertex 59.79890823364258 2.884540319442749 3.4307405948638916
   vertex 59.595985412597656 2.658766269683838 2.8730697631835938
   vertex 59.75026321411133 3.184180498123169 2.8730697631835938
  endloop
 endfacet
 facet normal 0.9732859835456544 -0.21172535940909695 -0.08880746824821029
  outer loop
   vertex 59.79890823364258 2.884540319442749 3.4307405948638916
   vertex 59.91898727416992 3.436534881591797 3.4307405948638916
   vertex 59.91259002685547 3.168353319168091 4
  endloop
 endfacet
 facet normal 0.3805575841457576 -0.6969424168577026 -0.6078216784005724
  outer loop
   vertex 57.61267852783203 1.0465978384017944 1.8374366760253906
   vertex 57.25579833984375 1.2501840591430664 1.3805570602416992
   vertex 57.63435745239258 1.4568920135498047 1.3805570602416992
  endloop
 endfacet
 facet normal 0.43670366875743016 -0.679527672953984 -0.5895184877368512
  outer loop
   vertex 57.61267852783203 1.0465978384017944 1.8374366760253906
   vertex 57.63435745239258 1.4568920135498047 1.3805570602416992
   vertex 58.016578674316406 1.3061673641204834 1.8374366760253906
  endloop
 endfacet
 facet normal 0.625416515943196 -0.625418953146848 -0.4665890211204872
  outer loop
   vertex 58.382728576660156 1.2501840591430664 2.3383400440216064
   vertex 58.379425048828125 1.6205756664276123 1.8374366760253906
   vertex 58.74981689453125 1.6172709465026855 2.3383400440216064
  endloop
 endfacet
 facet normal 0.5706007806752046 -0.6585081343027243 -0.49069520697678726
  outer loop
   vertex 58.382728576660156 1.2501840591430664 2.3383400440216064
   vertex 58.016578674316406 1.3061673641204834 1.8374366760253906
   vertex 58.379425048828125 1.6205756664276123 1.8374366760253906
  endloop
 endfacet
 facet normal 0.7928578547744104 -0.5095361620914648 -0.33428927838568273
  outer loop
   vertex 59.07245635986328 1.6999891996383667 2.8730697631835938
   vertex 59.0609245300293 2.032863140106201 2.3383400440216064
   vertex 59.368507385253906 2.160655975341797 2.8730697631835938
  endloop
 endfacet
 facet normal 0.7457479434787353 -0.5582585114544794 -0.363603409205505
  outer loop
   vertex 59.07245635986328 1.6999891996383667 2.8730697631835938
   vertex 58.74981689453125 1.6172709465026855 2.3383400440216064
   vertex 59.0609245300293 2.032863140106201 2.3383400440216064
  endloop
 endfacet
 facet normal 0.06090819874605958 -0.7085784667821158 -0.7029983981050144
  outer loop
   vertex 56.43021774291992 1.0077714920043945 1.3805570602416992
   vertex 56 1.0274206399917603 1.3234776258468628
   vertex 56.18687057495117 1.3872311115264893 0.9770017266273499
  endloop
 endfacet
 facet normal 0.09980403916808515 -0.6941458083818794 -0.7128820031895898
  outer loop
   vertex 56.43021774291992 1.0077714920043945 1.3805570602416992
   vertex 56.18687057495117 1.3872311115264893 0.9770017266273499
   vertex 56.556800842285156 1.4404195547103882 0.9770017266273499
  endloop
 endfacet
 facet normal 0.15174754789144795 -0.6975716542079583 -0.7002617146142616
  outer loop
   vertex 56.43021774291992 1.0077714920043945 1.3805570602416992
   vertex 56.556800842285156 1.4404195547103882 0.9770017266273499
   vertex 56.85167694091797 1.099454402923584 1.3805570602416992
  endloop
 endfacet
 facet normal 0.04794604307201634 -0.7762522689398856 -0.628596525538772
  outer loop
   vertex 56.43021774291992 1.0077714920043945 1.3805570602416992
   vertex 56 0.7639320492744446 1.6488590240478516
   vertex 56 1.0274206399917603 1.3234776258468628
  endloop
 endfacet
 facet normal 0.918851290249451 -0.3427147091799874 -0.1955989123655746
  outer loop
   vertex 59.60149383544922 2.355253219604492 3.4307405948638916
   vertex 59.595985412597656 2.658766269683838 2.8730697631835938
   vertex 59.79890823364258 2.884540319442749 3.4307405948638916
  endloop
 endfacet
 facet normal 0.9309522508987319 -0.3573572327014177 -0.07499143139432145
  outer loop
   vertex 59.60149383544922 2.355253219604492 3.4307405948638916
   vertex 59.80422592163086 2.7639319896698 4
   vertex 59.65418243408203 2.3730533123016357 4
  endloop
 endfacet
 facet normal 0.8889349141629628 -0.4529406648852082 -0.06811367318998023
  outer loop
   vertex 59.60149383544922 2.355253219604492 3.4307405948638916
   vertex 59.65418243408203 2.3730533123016357 4
   vertex 59.4640998840332 2 4
  endloop
 endfacet
 facet normal 0.933754582955626 -0.3482733645139037 -0.08251086219117053
  outer loop
   vertex 59.60149383544922 2.355253219604492 3.4307405948638916
   vertex 59.79890823364258 2.884540319442749 3.4307405948638916
   vertex 59.80422592163086 2.7639319896698 4
  endloop
 endfacet
 facet normal 0.8854957255766929 -0.40438999788506824 -0.22883629431521754
  outer loop
   vertex 59.60149383544922 2.355253219604492 3.4307405948638916
   vertex 59.368507385253906 2.160655975341797 2.8730697631835938
   vertex 59.595985412597656 2.658766269683838 2.8730697631835938
  endloop
 endfacet
 facet normal 0.33555459305758595 -0.7347583458302267 -0.5895195402281309
  outer loop
   vertex 57.17595291137695 0.8471509218215942 1.8374366760253906
   vertex 57.25579833984375 1.2501840591430664 1.3805570602416992
   vertex 57.61267852783203 1.0465978384017944 1.8374366760253906
  endloop
 endfacet
 facet normal 0.27750018257809217 -0.74400595608287 -0.6078229890209322
  outer loop
   vertex 57.17595291137695 0.8471509218215942 1.8374366760253906
   vertex 56.85167694091797 1.099454402923584 1.3805570602416992
   vertex 57.25579833984375 1.2501840591430664 1.3805570602416992
  endloop
 endfacet
 facet normal 0.5300460195493985 -0.708058201033155 -0.46658847082791355
  outer loop
   vertex 57.96713638305664 0.9390754699707031 2.3383400440216064
   vertex 58.016578674316406 1.3061673641204834 1.8374366760253906
   vertex 58.382728576660156 1.2501840591430664 2.3383400440216064
  endloop
 endfacet
 facet normal 0.4710752237331843 -0.7330111319662269 -0.4906962543145414
  outer loop
   vertex 57.96713638305664 0.9390754699707031 2.3383400440216064
   vertex 57.61267852783203 1.0465978384017944 1.8374366760253906
   vertex 58.016578674316406 1.3061673641204834 1.8374366760253906
  endloop
 endfacet
 facet normal 0.7122705322716898 -0.6171888991219879 -0.33428812670807234
  outer loop
   vertex 58.7138557434082 1.2861440181732178 2.8730697631835938
   vertex 58.74981689453125 1.6172709465026855 2.3383400440216064
   vertex 59.07245635986328 1.6999891996383667 2.8730697631835938
  endloop
 endfacet
 facet normal 0.6587072066230386 -0.6587097735581429 -0.3636017741456354
  outer loop
   vertex 58.7138557434082 1.2861440181732178 2.8730697631835938
   vertex 58.382728576660156 1.2501840591430664 2.3383400440216064
   vertex 58.74981689453125 1.6172709465026855 2.3383400440216064
  endloop
 endfacet
 facet normal 0.8607266319897413 -0.46999096929944456 -0.19559691654155717
  outer loop
   vertex 59.33076477050781 1.8594485521316528 3.4307405948638916
   vertex 59.368507385253906 2.160655975341797 2.8730697631835938
   vertex 59.60149383544922 2.355253219604492 3.4307405948638916
  endloop
 endfacet
 facet normal 0.8189322533739768 -0.5262930737008558 -0.22883523539509032
  outer loop
   vertex 59.33076477050781 1.8594485521316528 3.4307405948638916
   vertex 59.07245635986328 1.6999891996383667 2.8730697631835938
   vertex 59.368507385253906 2.160655975341797 2.8730697631835938
  endloop
 endfacet
 facet normal 0.8370676507026472 -0.5435922297899732 -0.06184849116280718
  outer loop
   vertex 59.33076477050781 1.8594485521316528 3.4307405948638916
   vertex 59.4640998840332 2 4
   vertex 59.23606872558594 1.6488590240478516 4
  endloop
 endfacet
 facet normal 0.8743580003489088 -0.4774342384976948 -0.08691740410288404
  outer loop
   vertex 59.33076477050781 1.8594485521316528 3.4307405948638916
   vertex 59.60149383544922 2.355253219604492 3.4307405948638916
   vertex 59.4640998840332 2 4
  endloop
 endfacet
 facet normal 0.16879244241480815 -0.7759257062745262 -0.6078226795094283
  outer loop
   vertex 56.71528625488281 0.711887001991272 1.8374366760253906
   vertex 56.43021774291992 1.0077714920043945 1.3805570602416992
   vertex 56.85167694091797 1.099454402923584 1.3805570602416992
  endloop
 endfacet
 facet normal 0.22757058058612964 -0.77503430779286 -0.5895196795661145
  outer loop
   vertex 56.71528625488281 0.711887001991272 1.8374366760253906
   vertex 56.85167694091797 1.099454402923584 1.3805570602416992
   vertex 57.17595291137695 0.8471509218215942 1.8374366760253906
  endloop
 endfacet
 facet normal 0.423882268821439 -0.7762846466871351 -0.4665897228793397
  outer loop
   vertex 57.511497497558594 0.6902785301208496 2.3383400440216064
   vertex 57.61267852783203 1.0465978384017944 1.8374366760253906
   vertex 57.96713638305664 0.9390754699707031 2.3383400440216064
  endloop
 endfacet
 facet normal 0.3619655342725015 -0.7925899472458581 -0.4906955548235895
  outer loop
   vertex 57.511497497558594 0.6902785301208496 2.3383400440216064
   vertex 57.17595291137695 0.8471509218215942 1.8374366760253906
   vertex 57.61267852783203 1.0465978384017944 1.8374366760253906
  endloop
 endfacet
 facet normal 0.5582598360987194 -0.7457474269746582 -0.36360243475492254
  outer loop
   vertex 58.300010681152344 0.9275451898574829 2.8730697631835938
   vertex 57.96713638305664 0.9390754699707031 2.3383400440216064
   vertex 58.382728576660156 1.2501840591430664 2.3383400440216064
  endloop
 endfacet
 facet normal 0.6171870900140904 -0.7122717909872949 -0.3342887848607706
  outer loop
   vertex 58.300010681152344 0.9275451898574829 2.8730697631835938
   vertex 58.382728576660156 1.2501840591430664 2.3383400440216064
   vertex 58.7138557434082 1.2861440181732178 2.8730697631835938
  endloop
 endfacet
 facet normal 0.7850781000567547 -0.5877032065176448 -0.1955947797364611
  outer loop
   vertex 58.99222946166992 1.4072191715240479 3.4307405948638916
   vertex 59.07245635986328 1.6999891996383667 2.8730697631835938
   vertex 59.33076477050781 1.8594485521316528 3.4307405948638916
  endloop
 endfacet
 facet normal 0.77547135291337 -0.6279645785395014 -0.06560997569283056
  outer loop
   vertex 58.99222946166992 1.4072191715240479 3.4307405948638916
   vertex 59.23606872558594 1.6488590240478516 4
   vertex 58.97257995605469 1.3234776258468628 4
  endloop
 endfacet
 facet normal 0.7356945073144844 -0.6374859866957425 -0.2288344569199611
  outer loop
   vertex 58.99222946166992 1.4072191715240479 3.4307405948638916
   vertex 58.7138557434082 1.2861440181732178 2.8730697631835938
   vertex 59.07245635986328 1.6999891996383667 2.8730697631835938
  endloop
 endfacet
 facet normal 0.7974222265675834 -0.5969439212077489 -0.08818019907617716
  outer loop
   vertex 58.99222946166992 1.4072191715240479 3.4307405948638916
   vertex 59.33076477050781 1.8594485521316528 3.4307405948638916
   vertex 59.23606872558594 1.6488590240478516 4
  endloop
 endfacet
 facet normal 0.007305802147633838 -0.8386481357940467 -0.5446245767353418
  outer loop
   vertex 56.24005889892578 0.6435595154762268 1.8374366760253906
   vertex 56 0.5358983874320984 2
   vertex 56 0.7639320492744446 1.6488590240478516
  endloop
 endfacet
 facet normal 0.07473314671911821 -0.794688651731664 -0.6023992891682132
  outer loop
   vertex 56.24005889892578 0.6435595154762268 1.8374366760253906
   vertex 56 0.7639320492744446 1.6488590240478516
   vertex 56.43021774291992 1.0077714920043945 1.3805570602416992
  endloop
 endfacet
 facet normal 0.11495557950172837 -0.79953235345611 -0.5895194912115763
  outer loop
   vertex 56.24005889892578 0.6435595154762268 1.8374366760253906
   vertex 56.43021774291992 1.0077714920043945 1.3805570602416992
   vertex 56.71528625488281 0.711887001991272 1.8374366760253906
  endloop
 endfacet
 facet normal 0.24548215847582883 -0.8360355467731635 -0.4906965196552201
  outer loop
   vertex 57.02509307861328 0.5088579654693604 2.3383400440216064
   vertex 56.71528625488281 0.711887001991272 1.8374366760253906
   vertex 57.17595291137695 0.8471509218215942 1.8374366760253906
  endloop
 endfacet
 facet normal 0.3090937044540909 -0.8287072857669671 -0.46658902299946303
  outer loop
   vertex 57.02509307861328 0.5088579654693604 2.3383400440216064
   vertex 57.17595291137695 0.8471509218215942 1.8374366760253906
   vertex 57.511497497558594 0.6902785301208496 2.3383400440216064
  endloop
 endfacet
 facet normal 0.4464453739323557 -0.8176060072807085 -0.3636027295729467
  outer loop
   vertex 57.8393440246582 0.6314927339553833 2.8730697631835938
   vertex 57.511497497558594 0.6902785301208496 2.3383400440216064
   vertex 57.96713638305664 0.9390754699707031 2.3383400440216064
  endloop
 endfacet
 facet normal 0.5095381408612397 -0.7928568975776669 -0.33428853251523394
  outer loop
   vertex 57.8393440246582 0.6314927339553833 2.8730697631835938
   vertex 57.96713638305664 0.9390754699707031 2.3383400440216064
   vertex 58.300010681152344 0.9275451898574829 2.8730697631835938
  endloop
 endfacet
 facet normal 0.704874626804894 -0.7048786003184572 -0.07935943106999947
  outer loop
   vertex 58.59278106689453 1.0077714920043945 3.4307405948638916
   vertex 58.97257995605469 1.3234776258468628 4
   vertex 58.67652130126953 1.0274206399917603 4
  endloop
 endfacet
 facet normal 0.6279678112405093 -0.7754687684976402 -0.065609581088108
  outer loop
   vertex 58.59278106689453 1.0077714920043945 3.4307405948638916
   vertex 58.67652130126953 1.0274206399917603 4
   vertex 58.35114288330078 0.7639320492744446 4
  endloop
 endfacet
 facet normal 0.6374842637700765 -0.7356959755450542 -0.22883453631900574
  outer loop
   vertex 58.59278106689453 1.0077714920043945 3.4307405948638916
   vertex 58.300010681152344 0.9275451898574829 2.8730697631835938
   vertex 58.7138557434082 1.2861440181732178 2.8730697631835938
  endloop
 endfacet
 facet normal 0.7048758898309992 -0.7048771519901007 -0.07936107696649101
  outer loop
   vertex 58.59278106689453 1.0077714920043945 3.4307405948638916
   vertex 58.99222946166992 1.4072191715240479 3.4307405948638916
   vertex 58.97257995605469 1.3234776258468628 4
  endloop
 endfacet
 facet normal 0.6934480681571928 -0.6934493098535018 -0.19559609258049923
  outer loop
   vertex 58.59278106689453 1.0077714920043945 3.4307405948638916
   vertex 58.7138557434082 1.2861440181732178 2.8730697631835938
   vertex 58.99222946166992 1.4072191715240479 3.4307405948638916
  endloop
 endfacet
 facet normal 0.060118398912520264 -0.889394852674154 -0.45316947618845105
  outer loop
   vertex 56.51781463623047 0.3985069990158081 2.3383400440216064
   vertex 56 0.3458181619644165 2.3730533123016357
   vertex 56 0.5358983874320984 2
  endloop
 endfacet
 facet normal 0.07079164326072093 -0.9312382161977913 -0.3574687789684612
  outer loop
   vertex 56.51781463623047 0.3985069990158081 2.3383400440216064
   vertex 56 0.1957739293575287 2.7639319896698
   vertex 56 0.3458181619644165 2.3730533123016357
  endloop
 endfacet
 facet normal 0.07486405224745356 -0.8787323536765488 -0.47140728068535753
  outer loop
   vertex 56.51781463623047 0.3985069990158081 2.3383400440216064
   vertex 56 0.5358983874320984 2
   vertex 56.24005889892578 0.6435595154762268 1.8374366760253906
  endloop
 endfacet
 facet normal 0.12400351579526678 -0.8624620331641308 -0.49069580130749696
  outer loop
   vertex 56.51781463623047 0.3985069990158081 2.3383400440216064
   vertex 56.24005889892578 0.6435595154762268 1.8374366760253906
   vertex 56.71528625488281 0.711887001991272 1.8374366760253906
  endloop
 endfacet
 facet normal 0.18800735487332004 -0.8642613762408095 -0.4665892283924689
  outer loop
   vertex 56.51781463623047 0.3985069990158081 2.3383400440216064
   vertex 56.71528625488281 0.711887001991272 1.8374366760253906
   vertex 57.02509307861328 0.5088579654693604 2.3383400440216064
  endloop
 endfacet
 facet normal 0.3915156785646643 -0.8573018056037207 -0.3342889282441924
  outer loop
   vertex 57.34123229980469 0.4040132761001587 2.8730697631835938
   vertex 57.511497497558594 0.6902785301208496 2.3383400440216064
   vertex 57.8393440246582 0.6314927339553833 2.8730697631835938
  endloop
 endfacet
 facet normal 0.32554668561322153 -0.872819168871281 -0.36360150431082144
  outer loop
   vertex 57.34123229980469 0.4040132761001587 2.8730697631835938
   vertex 57.02509307861328 0.5088579654693604 2.3383400440216064
   vertex 57.511497497558594 0.6902785301208496 2.3383400440216064
  endloop
 endfacet
 facet normal 0.5435942483205447 -0.8370661162866543 -0.06185151701938322
  outer loop
   vertex 58.14055252075195 0.6692368388175964 3.4307405948638916
   vertex 58.35114288330078 0.7639320492744446 4
   vertex 58 0.5358983874320984 4
  endloop
 endfacet
 facet normal 0.5969437795200591 -0.7974221102625351 -0.08818220997884063
  outer loop
   vertex 58.14055252075195 0.6692368388175964 3.4307405948638916
   vertex 58.59278106689453 1.0077714920043945 3.4307405948638916
   vertex 58.35114288330078 0.7639320492744446 4
  endloop
 endfacet
 facet normal 0.5262949781341562 -0.8189310477697649 -0.22883516991381256
  outer loop
   vertex 58.14055252075195 0.6692368388175964 3.4307405948638916
   vertex 57.8393440246582 0.6314927339553833 2.8730697631835938
   vertex 58.300010681152344 0.9275451898574829 2.8730697631835938
  endloop
 endfacet
 facet normal 0.5877030347797977 -0.7850779424799323 -0.19559592823495076
  outer loop
   vertex 58.14055252075195 0.6692368388175964 3.4307405948638916
   vertex 58.300010681152344 0.9275451898574829 2.8730697631835938
   vertex 58.59278106689453 1.0077714920043945 3.4307405948638916
  endloop
 endfacet
 facet normal 0.1980149242532955 -0.91026572373557 -0.36360198289492374
  outer loop
   vertex 56.815818786621094 0.24973778426647186 2.8730697631835938
   vertex 56.51781463623047 0.3985069990158081 2.3383400440216064
   vertex 57.02509307861328 0.5088579654693604 2.3383400440216064
  endloop
 endfacet
 facet normal 0.26552508586713147 -0.9042944316406459 -0.33428731606056145
  outer loop
   vertex 56.815818786621094 0.24973778426647186 2.8730697631835938
   vertex 57.02509307861328 0.5088579654693604 2.3383400440216064
   vertex 57.34123229980469 0.4040132761001587 2.8730697631835938
  endloop
 endfacet
 facet normal 0.4529350758852153 -0.8889376569367926 -0.06811504321792375
  outer loop
   vertex 57.644744873046875 0.3985069990158081 3.4307405948638916
   vertex 58 0.5358983874320984 4
   vertex 57.62694549560547 0.3458181619644165 4
  endloop
 endfacet
 facet normal 0.35736028215243115 -0.9309510295339296 -0.07499206191091891
  outer loop
   vertex 57.644744873046875 0.3985069990158081 3.4307405948638916
   vertex 57.62694549560547 0.3458181619644165 4
   vertex 57.23606872558594 0.1957739293575287 4
  endloop
 endfacet
 facet normal 0.47743288702888254 -0.8743582784525805 -0.08692202991592989
  outer loop
   vertex 57.644744873046875 0.3985069990158081 3.4307405948638916
   vertex 58.14055252075195 0.6692368388175964 3.4307405948638916
   vertex 58 0.5358983874320984 4
  endloop
 endfacet
 facet normal 0.4043914313138837 -0.8854958389075229 -0.22883332265509446
  outer loop
   vertex 57.644744873046875 0.3985069990158081 3.4307405948638916
   vertex 57.34123229980469 0.4040132761001587 2.8730697631835938
   vertex 57.8393440246582 0.6314927339553833 2.8730697631835938
  endloop
 endfacet
 facet normal 0.4699900180888864 -0.8607276001940685 -0.19559494155260745
  outer loop
   vertex 57.644744873046875 0.3985069990158081 3.4307405948638916
   vertex 57.8393440246582 0.6314927339553833 2.8730697631835938
   vertex 58.14055252075195 0.6692368388175964 3.4307405948638916
  endloop
 endfacet
 facet normal 0.018610872614380897 -0.9657585543748602 -0.25877412944943257
  outer loop
   vertex 56.27379608154297 0.17180681228637695 2.8730697631835938
   vertex 56 0.0874096006155014 3.168353319168091
   vertex 56 0.1957739293575287 2.7639319896698
  endloop
 endfacet
 facet normal 0.1341273616283459 -0.9328778215849403 -0.3342885293538432
  outer loop
   vertex 56.27379608154297 0.17180681228637695 2.8730697631835938
   vertex 56.51781463623047 0.3985069990158081 2.3383400440216064
   vertex 56.815818786621094 0.24973778426647186 2.8730697631835938
  endloop
 endfacet
 facet normal 0.06402248444820142 -0.9289541242043503 -0.36461672562954195
  outer loop
   vertex 56.27379608154297 0.17180681228637695 2.8730697631835938
   vertex 56 0.1957739293575287 2.7639319896698
   vertex 56.51781463623047 0.3985069990158081 2.3383400440216064
  endloop
 endfacet
 facet normal 0.2582919415187772 -0.963962413553826 -0.06373176760410017
  outer loop
   vertex 57.11545944213867 0.20109312236309052 3.4307405948638916
   vertex 57.23606872558594 0.1957739293575287 4
   vertex 56.83164596557617 0.0874096006155014 4
  endloop
 endfacet
 facet normal 0.34827343219708723 -0.9337542869825236 -0.08251392589993399
  outer loop
   vertex 57.11545944213867 0.20109312236309052 3.4307405948638916
   vertex 57.644744873046875 0.3985069990158081 3.4307405948638916
   vertex 57.23606872558594 0.1957739293575287 4
  endloop
 endfacet
 facet normal 0.27425715035403786 -0.9340330805010696 -0.22883448168788945
  outer loop
   vertex 57.11545944213867 0.20109312236309052 3.4307405948638916
   vertex 56.815818786621094 0.24973778426647186 2.8730697631835938
   vertex 57.34123229980469 0.4040132761001587 2.8730697631835938
  endloop
 endfacet
 facet normal 0.34271511408073957 -0.9188519060090156 -0.19559531028177687
  outer loop
   vertex 57.11545944213867 0.20109312236309052 3.4307405948638916
   vertex 57.34123229980469 0.4040132761001587 2.8730697631835938
   vertex 57.644744873046875 0.3985069990158081 3.4307405948638916
  endloop
 endfacet
 facet normal 0.061519056976419906 -0.9858175573489001 -0.1561382376337714
  outer loop
   vertex 56.5634651184082 0.08101405203342438 3.4307405948638916
   vertex 56 0.02191241830587387 3.581886053085327
   vertex 56 0.0874096006155014 3.168353319168091
  endloop
 endfacet
 facet normal 0.08214471626437277 -0.993229328440895 -0.08214466942348962
  outer loop
   vertex 56.5634651184082 0.08101405203342438 3.4307405948638916
   vertex 56.418113708496094 0.02191241830587387 4
   vertex 56 0.02191241830587387 3.581886053085327
  endloop
 endfacet
 facet normal 0.1561290917999055 -0.9857586761925056 -0.06247830827523577
  outer loop
   vertex 56.5634651184082 0.08101405203342438 3.4307405948638916
   vertex 56.83164596557617 0.0874096006155014 4
   vertex 56.418113708496094 0.02191241830587387 4
  endloop
 endfacet
 facet normal 0.20845961509942432 -0.9582729442026025 -0.19559538154536152
  outer loop
   vertex 56.5634651184082 0.08101405203342438 3.4307405948638916
   vertex 56.815818786621094 0.24973778426647186 2.8730697631835938
   vertex 57.11545944213867 0.20109312236309052 3.4307405948638916
  endloop
 endfacet
 facet normal 0.21172544606592766 -0.9732857199579763 -0.08881015039998451
  outer loop
   vertex 56.5634651184082 0.08101405203342438 3.4307405948638916
   vertex 57.11545944213867 0.20109312236309052 3.4307405948638916
   vertex 56.83164596557617 0.0874096006155014 4
  endloop
 endfacet
 facet normal 0.08297883895808313 -0.9758681917492437 -0.20197966387047492
  outer loop
   vertex 56.5634651184082 0.08101405203342438 3.4307405948638916
   vertex 56 0.0874096006155014 3.168353319168091
   vertex 56.27379608154297 0.17180681228637695 2.8730697631835938
  endloop
 endfacet
 facet normal 0.13853834383265923 -0.9635569270251245 -0.22883438480701063
  outer loop
   vertex 56.5634651184082 0.08101405203342438 3.4307405948638916
   vertex 56.27379608154297 0.17180681228637695 2.8730697631835938
   vertex 56.815818786621094 0.24973778426647186 2.8730697631835938
  endloop
 endfacet
 facet normal 0.9972648865701028 -0.05226252433307392 0.052262554134433065
  outer loop
   vertex 59.97808837890625 3.581886053085327 26
   vertex 60 4 26
   vertex 59.97808837890625 4 26.418113708496094
  endloop
 endfacet
 facet normal 0.052264445137559144 -0.9972646868053263 0.052264445137559144
  outer loop
   vertex 56 -8.881784197001252e-16 26
   vertex 56.418113708496094 0.02191241830587387 26
   vertex 56 0.02191241830587387 26.418113708496094
  endloop
 endfacet
 facet normal 0.1553349773795876 0.11851140364433502 0.9807273280625622
  outer loop
   vertex 56.56781005859375 3.9593894481658936 29.959285736083984
   vertex 56.83164596557617 4 29.91259002685547
   vertex 56.418113708496094 4 29.97808837890625
  endloop
 endfacet
 facet normal 0.05209738717106876 -0.09499899320883536 0.9941131995599168
  outer loop
   vertex 56.556251525878906 3.878995180130005 29.959285736083984
   vertex 56.418113708496094 4 29.97808837890625
   vertex 56 4 30
  endloop
 endfacet
 facet normal 0.11999839948009368 -0.01725254125705058 0.9926241655039381
  outer loop
   vertex 56.556251525878906 3.878995180130005 29.959285736083984
   vertex 56.56781005859375 3.9593894481658936 29.959285736083984
   vertex 56.418113708496094 4 29.97808837890625
  endloop
 endfacet
 facet normal 0.0686229513408862 -0.020151087483872968 0.9974391330915806
  outer loop
   vertex 56.53336715698242 3.8010642528533936 29.959285736083984
   vertex 56.556251525878906 3.878995180130005 29.959285736083984
   vertex 56 4 30
  endloop
 endfacet
 facet normal 0.2588080087315907 0.008610756004845047 0.9658904024253547
  outer loop
   vertex 57.11545944213867 3.839621067047119 29.83797264099121
   vertex 57.23606872558594 4 29.80422592163086
   vertex 56.83164596557617 4 29.91259002685547
  endloop
 endfacet
 facet normal 0.19045054307895576 -0.11648487368674622 0.9747614399652426
  outer loop
   vertex 57.11545944213867 3.839621067047119 29.83797264099121
   vertex 56.83164596557617 4 29.91259002685547
   vertex 56.56781005859375 3.9593894481658936 29.959285736083984
  endloop
 endfacet
 facet normal 0.20987988218899994 -0.03017508018589291 0.9772614284765907
  outer loop
   vertex 57.11545944213867 3.839621067047119 29.83797264099121
   vertex 56.56781005859375 3.9593894481658936 29.959285736083984
   vertex 56.556251525878906 3.878995180130005 29.959285736083984
  endloop
 endfacet
 facet normal 0.06505722184777302 -0.029711172182447523 0.9974391230210465
  outer loop
   vertex 56.49962615966797 3.7271831035614014 29.959285736083984
   vertex 56.53336715698242 3.8010642528533936 29.959285736083984
   vertex 56 4 30
  endloop
 endfacet
 facet normal 0.20873272531585324 -0.04540918064972855 0.97691793703204
  outer loop
   vertex 57.08127975463867 3.682507038116455 29.83797264099121
   vertex 57.11545944213867 3.839621067047119 29.83797264099121
   vertex 56.556251525878906 3.878995180130005 29.959285736083984
  endloop
 endfacet
 facet normal 0.20344797957171004 -0.0597423741570277 0.9772613613247333
  outer loop
   vertex 57.08127975463867 3.682507038116455 29.83797264099121
   vertex 56.556251525878906 3.878995180130005 29.959285736083984
   vertex 56.53336715698242 3.8010642528533936 29.959285736083984
  endloop
 endfacet
 facet normal 0.349080511341973 -0.06582320906892108 0.9347781029469484
  outer loop
   vertex 57.65742492675781 3.8814585208892822 29.63852882385254
   vertex 57.23606872558594 4 29.80422592163086
   vertex 57.11545944213867 3.839621067047119 29.83797264099121
  endloop
 endfacet
 facet normal 0.35819425481157485 -0.031122172956072586 0.9331282260067331
  outer loop
   vertex 57.65742492675781 3.8814585208892822 29.63852882385254
   vertex 57.62694549560547 4 29.65418243408203
   vertex 57.23606872558594 4 29.80422592163086
  endloop
 endfacet
 facet normal 0.45399007383040063 -0.0009288348837995349 0.8910062570651375
  outer loop
   vertex 57.65742492675781 3.8814585208892822 29.63852882385254
   vertex 58 4 29.464101791381836
   vertex 57.62694549560547 4 29.65418243408203
  endloop
 endfacet
 facet normal 0.060167118654824776 -0.038666715210690705 0.9974391224368491
  outer loop
   vertex 56.45571517944336 3.658855676651001 29.959285736083984
   vertex 56.49962615966797 3.7271831035614014 29.959285736083984
   vertex 56 4 30
  endloop
 endfacet
 facet normal 0.1928748615331272 -0.08808458243245178 0.9772616814990128
  outer loop
   vertex 57.02509307861328 3.5318562984466553 29.83797264099121
   vertex 56.53336715698242 3.8010642528533936 29.959285736083984
   vertex 56.49962615966797 3.7271831035614014 29.959285736083984
  endloop
 endfacet
 facet normal 0.20014697343394852 -0.07464678353683568 0.9769181371705795
  outer loop
   vertex 57.02509307861328 3.5318562984466553 29.83797264099121
   vertex 57.08127975463867 3.682507038116455 29.83797264099121
   vertex 56.53336715698242 3.8010642528533936 29.959285736083984
  endloop
 endfacet
 facet normal 0.3398727522299309 -0.07393830162747941 0.9375604726331502
  outer loop
   vertex 57.623687744140625 3.6467888355255127 29.63852882385254
   vertex 57.11545944213867 3.839621067047119 29.83797264099121
   vertex 57.08127975463867 3.682507038116455 29.83797264099121
  endloop
 endfacet
 facet normal 0.3483272940796631 -0.050077118025278124 0.9360343895655876
  outer loop
   vertex 57.623687744140625 3.6467888355255127 29.63852882385254
   vertex 57.65742492675781 3.8814585208892822 29.63852882385254
   vertex 57.11545944213867 3.839621067047119 29.83797264099121
  endloop
 endfacet
 facet normal 0.05405170919633963 -0.04683594101248753 0.9974391246399096
  outer loop
   vertex 56.40252685546875 3.597472906112671 29.959285736083984
   vertex 56.45571517944336 3.658855676651001 29.959285736083984
   vertex 56 4 30
  endloop
 endfacet
 facet normal 0.18748268200235013 -0.10237725192484512 0.9769181860511773
  outer loop
   vertex 56.94803237915039 3.390735626220703 29.83797264099121
   vertex 57.02509307861328 3.5318562984466553 29.83797264099121
   vertex 56.49962615966797 3.7271831035614014 29.959285736083984
  endloop
 endfacet
 facet normal 0.17837794816969516 -0.11463552644616895 0.9772614817351493
  outer loop
   vertex 56.94803237915039 3.390735626220703 29.83797264099121
   vertex 56.49962615966797 3.7271831035614014 29.959285736083984
   vertex 56.45571517944336 3.658855676651001 29.959285736083984
  endloop
 endfacet
 facet normal 0.3258953708755426 -0.12154588594581821 0.9375600273324043
  outer loop
   vertex 57.55689239501953 3.419309377670288 29.63852882385254
   vertex 57.08127975463867 3.682507038116455 29.83797264099121
   vertex 57.02509307861328 3.5318562984466553 29.83797264099121
  endloop
 endfacet
 facet normal 0.3376518784168555 -0.09914554620840006 0.9360349190434121
  outer loop
   vertex 57.55689239501953 3.419309377670288 29.63852882385254
   vertex 57.623687744140625 3.6467888355255127 29.63852882385254
   vertex 57.08127975463867 3.682507038116455 29.83797264099121
  endloop
 endfacet
 facet normal 0.5445126749164909 -0.021282141012536424 0.8384825682917985
  outer loop
   vertex 58.14055252075195 3.692235231399536 29.365015029907227
   vertex 58.35114288330078 4 29.236068725585938
   vertex 58 4 29.464101791381836
  endloop
 endfacet
 facet normal 0.471248663097916 -0.06790884077566038 0.879382218874667
  outer loop
   vertex 58.14055252075195 3.692235231399536 29.365015029907227
   vertex 58 4 29.464101791381836
   vertex 57.65742492675781 3.8814585208892822 29.63852882385254
  endloop
 endfacet
 facet normal 0.47129965013698627 -0.06775618392908504 0.8793666694389335
  outer loop
   vertex 58.14055252075195 3.692235231399536 29.365015029907227
   vertex 57.65742492675781 3.8814585208892822 29.63852882385254
   vertex 57.623687744140625 3.6467888355255127 29.63852882385254
  endloop
 endfacet
 facet normal 0.046836246550915596 -0.05405139962980032 0.9974391270684551
  outer loop
   vertex 56.34114456176758 3.5442843437194824 29.959285736083984
   vertex 56.40252685546875 3.597472906112671 29.959285736083984
   vertex 56 4 30
  endloop
 endfacet
 facet normal 0.1602473180720728 -0.13885470132628458 0.9772615663016203
  outer loop
   vertex 56.85167694091797 3.2620177268981934 29.83797264099121
   vertex 56.45571517944336 3.658855676651001 29.959285736083984
   vertex 56.40252685546875 3.597472906112671 29.959285736083984
  endloop
 endfacet
 facet normal 0.1710079372462409 -0.12801284686365683 0.9769181114283059
  outer loop
   vertex 56.85167694091797 3.2620177268981934 29.83797264099121
   vertex 56.94803237915039 3.390735626220703 29.83797264099121
   vertex 56.45571517944336 3.658855676651001 29.959285736083984
  endloop
 endfacet
 facet normal 0.3052747605172446 -0.16669908244313975 0.9375599908825858
  outer loop
   vertex 57.458404541015625 3.203651189804077 29.63852882385254
   vertex 57.02509307861328 3.5318562984466553 29.83797264099121
   vertex 56.94803237915039 3.390735626220703 29.83797264099121
  endloop
 endfacet
 facet normal 0.32010788873311247 -0.14618846296994698 0.9360341194984904
  outer loop
   vertex 57.458404541015625 3.203651189804077 29.63852882385254
   vertex 57.55689239501953 3.419309377670288 29.63852882385254
   vertex 57.02509307861328 3.5318562984466553 29.83797264099121
  endloop
 endfacet
 facet normal 0.4568596919691133 -0.13414882782010903 0.8793652903363751
  outer loop
   vertex 58.0749626159668 3.390735626220703 29.365015029907227
   vertex 57.623687744140625 3.6467888355255127 29.63852882385254
   vertex 57.55689239501953 3.419309377670288 29.63852882385254
  endloop
 endfacet
 facet normal 0.4722941413873753 -0.10274550026627989 0.8754322396314829
  outer loop
   vertex 58.0749626159668 3.390735626220703 29.365015029907227
   vertex 58.14055252075195 3.692235231399536 29.365015029907227
   vertex 57.623687744140625 3.6467888355255127 29.63852882385254
  endloop
 endfacet
 facet normal 0.03866627437845656 -0.060167365668192134 0.9974391246257788
  outer loop
   vertex 56.2728157043457 3.500373125076294 29.959285736083984
   vertex 56.34114456176758 3.5442843437194824 29.959285736083984
   vertex 56 4 30
  endloop
 endfacet
 facet normal 0.6293161090388932 -0.005016903192147591 0.7771332354149502
  outer loop
   vertex 58.612770080566406 3.813131093978882 29.022998809814453
   vertex 58.67652130126953 4 28.972579956054688
   vertex 58.35114288330078 4 29.236068725585938
  endloop
 endfacet
 facet normal 0.7062064294878299 -0.05038384428623132 0.7062109792299973
  outer loop
   vertex 58.612770080566406 3.813131093978882 29.022998809814453
   vertex 58.97257995605469 4 28.676523208618164
   vertex 58.67652130126953 4 28.972579956054688
  endloop
 endfacet
 facet normal 0.5973539825704963 -0.0741741395743626 0.798540178404049
  outer loop
   vertex 58.612770080566406 3.813131093978882 29.022998809814453
   vertex 58.35114288330078 4 29.236068725585938
   vertex 58.14055252075195 3.692235231399536 29.365015029907227
  endloop
 endfacet
 facet normal 0.1510487022645521 -0.1510468017629194 0.9769181916728686
  outer loop
   vertex 56.73798370361328 3.1483230590820312 29.83797264099121
   vertex 56.85167694091797 3.2620177268981934 29.83797264099121
   vertex 56.40252685546875 3.597472906112671 29.959285736083984
  endloop
 endfacet
 facet normal 0.13885551483050484 -0.1602462937491425 0.9772616186778332
  outer loop
   vertex 56.73798370361328 3.1483230590820312 29.83797264099121
   vertex 56.40252685546875 3.597472906112671 29.959285736083984
   vertex 56.34114456176758 3.5442843437194824 29.959285736083984
  endloop
 endfacet
 facet normal 0.2960432470985369 -0.19025676725005353 0.9360345925033506
  outer loop
   vertex 57.33022689819336 3.004204273223877 29.63852882385254
   vertex 57.458404541015625 3.203651189804077 29.63852882385254
   vertex 56.94803237915039 3.390735626220703 29.83797264099121
  endloop
 endfacet
 facet normal 0.2784488641348356 -0.20844080326239622 0.9375599509350571
  outer loop
   vertex 57.33022689819336 3.004204273223877 29.63852882385254
   vertex 56.94803237915039 3.390735626220703 29.83797264099121
   vertex 56.85167694091797 3.2620177268981934 29.83797264099121
  endloop
 endfacet
 facet normal 0.45286626953110715 -0.1689083324479287 0.8754325314669535
  outer loop
   vertex 57.96713638305664 3.1016387939453125 29.365015029907227
   vertex 58.0749626159668 3.390735626220703 29.365015029907227
   vertex 57.55689239501953 3.419309377670288 29.63852882385254
  endloop
 endfacet
 facet normal 0.4331178820207702 -0.19779842886098056 0.8793660681502158
  outer loop
   vertex 57.96713638305664 3.1016387939453125 29.365015029907227
   vertex 57.55689239501953 3.419309377670288 29.63852882385254
   vertex 57.458404541015625 3.203651189804077 29.63852882385254
  endloop
 endfacet
 facet normal 0.02971144200699049 -0.06505705251339162 0.9974391260283182
  outer loop
   vertex 56.198936462402344 3.466632604598999 29.959285736083984
   vertex 56.2728157043457 3.500373125076294 29.959285736083984
   vertex 56 4 30
  endloop
 endfacet
 facet normal 0.5987687931394426 -0.08608974038269286 0.7962816643394319
  outer loop
   vertex 58.5595817565918 3.443197250366211 29.022998809814453
   vertex 58.612770080566406 3.813131093978882 29.022998809814453
   vertex 58.14055252075195 3.692235231399536 29.365015029907227
  endloop
 endfacet
 facet normal 0.581079595415974 -0.1264112943475476 0.8039693330299271
  outer loop
   vertex 58.5595817565918 3.443197250366211 29.022998809814453
   vertex 58.14055252075195 3.692235231399536 29.365015029907227
   vertex 58.0749626159668 3.390735626220703 29.365015029907227
  endloop
 endfacet
 facet normal 0.12801323010688334 -0.1710073877732457 0.9769181573932244
  outer loop
   vertex 56.6092643737793 3.0519659519195557 29.83797264099121
   vertex 56.73798370361328 3.1483230590820312 29.83797264099121
   vertex 56.34114456176758 3.5442843437194824 29.959285736083984
  endloop
 endfacet
 facet normal 0.11463404123451347 -0.1783784030876911 0.9772615729179823
  outer loop
   vertex 56.6092643737793 3.0519659519195557 29.83797264099121
   vertex 56.34114456176758 3.5442843437194824 29.959285736083984
   vertex 56.2728157043457 3.500373125076294 29.959285736083984
  endloop
 endfacet
 facet normal 0.24594993013221822 -0.24594683557902597 0.9375600172450937
  outer loop
   vertex 57.17497253417969 2.825028896331787 29.63852882385254
   vertex 56.85167694091797 3.2620177268981934 29.83797264099121
   vertex 56.73798370361328 3.1483230590820312 29.83797264099121
  endloop
 endfacet
 facet normal 0.2659561785744649 -0.23044939587292135 0.9360343941436515
  outer loop
   vertex 57.17497253417969 2.825028896331787 29.63852882385254
   vertex 57.33022689819336 3.004204273223877 29.63852882385254
   vertex 56.85167694091797 3.2620177268981934 29.83797264099121
  endloop
 endfacet
 facet normal 0.4242171182023687 -0.23164036744154257 0.8754327939914206
  outer loop
   vertex 57.81926345825195 2.8308300971984863 29.365015029907227
   vertex 57.96713638305664 3.1016387939453125 29.365015029907227
   vertex 57.458404541015625 3.203651189804077 29.63852882385254
  endloop
 endfacet
 facet normal 0.40055877447156596 -0.2574252859050607 0.8793661867336808
  outer loop
   vertex 57.81926345825195 2.8308300971984863 29.365015029907227
   vertex 57.458404541015625 3.203651189804077 29.63852882385254
   vertex 57.33022689819336 3.004204273223877 29.63852882385254
  endloop
 endfacet
 facet normal 0.0949988115734 -0.052097358452390684 0.9941132184222904
  outer loop
   vertex 56.12100601196289 3.4437499046325684 29.959285736083984
   vertex 56 4 30
   vertex 56 3.581886053085327 29.97808837890625
  endloop
 endfacet
 facet normal 0.02014985874615594 -0.06862335173222245 0.997439130368137
  outer loop
   vertex 56.12100601196289 3.4437499046325684 29.959285736083984
   vertex 56.198936462402344 3.466632604598999 29.959285736083984
   vertex 56 4 30
  endloop
 endfacet
 facet normal 0.5571791610931455 -0.20781455654098896 0.8039679673551744
  outer loop
   vertex 58.45428466796875 3.0845985412597656 29.022998809814453
   vertex 58.0749626159668 3.390735626220703 29.365015029907227
   vertex 57.96713638305664 3.1016387939453125 29.365015029907227
  endloop
 endfacet
 facet normal 0.5804199749371454 -0.17043154921509104 0.796282449716247
  outer loop
   vertex 58.45428466796875 3.0845985412597656 29.022998809814453
   vertex 58.5595817565918 3.443197250366211 29.022998809814453
   vertex 58.0749626159668 3.390735626220703 29.365015029907227
  endloop
 endfacet
 facet normal 0.08808566245082448 -0.19287497275937962 0.9772615622000428
  outer loop
   vertex 56.468143463134766 2.9749081134796143 29.83797264099121
   vertex 56.2728157043457 3.500373125076294 29.959285736083984
   vertex 56.198936462402344 3.466632604598999 29.959285736083984
  endloop
 endfacet
 facet normal 0.10237417389785526 -0.1874843226780489 0.9769181937443304
  outer loop
   vertex 56.468143463134766 2.9749081134796143 29.83797264099121
   vertex 56.6092643737793 3.0519659519195557 29.83797264099121
   vertex 56.2728157043457 3.500373125076294 29.959285736083984
  endloop
 endfacet
 facet normal 0.7762527790394543 -0.047947911257523235 0.6285957531192561
  outer loop
   vertex 58.99222946166992 3.5697824954986572 28.619441986083984
   vertex 59.23606872558594 4 28.35114097595215
   vertex 58.97257995605469 4 28.676523208618164
  endloop
 endfacet
 facet normal 0.7085791157189514 -0.06091042339646402 0.7029975512678632
  outer loop
   vertex 58.99222946166992 3.5697824954986572 28.619441986083984
   vertex 58.97257995605469 4 28.676523208618164
   vertex 58.612770080566406 3.813131093978882 29.022998809814453
  endloop
 endfacet
 facet normal 0.6941475758125482 -0.09980310476043976 0.7128804130243299
  outer loop
   vertex 58.99222946166992 3.5697824954986572 28.619441986083984
   vertex 58.612770080566406 3.813131093978882 29.022998809814453
   vertex 58.5595817565918 3.443197250366211 29.022998809814453
  endloop
 endfacet
 facet normal 0.20844177867764221 -0.27844843884269715 0.9375598603863998
  outer loop
   vertex 56.99579620361328 2.6697726249694824 29.63852882385254
   vertex 56.73798370361328 3.1483230590820312 29.83797264099121
   vertex 56.6092643737793 3.0519659519195557 29.83797264099121
  endloop
 endfacet
 facet normal 0.2304505683363888 -0.26595567991646535 0.9360342471691975
  outer loop
   vertex 56.99579620361328 2.6697726249694824 29.63852882385254
   vertex 57.17497253417969 2.825028896331787 29.63852882385254
   vertex 56.73798370361328 3.1483230590820312 29.83797264099121
  endloop
 endfacet
 facet normal 0.3598486603757412 -0.31180665489239967 0.8793665626976024
  outer loop
   vertex 57.63435745239258 2.583822250366211 29.365015029907227
   vertex 57.33022689819336 3.004204273223877 29.63852882385254
   vertex 57.17497253417969 2.825028896331787 29.63852882385254
  endloop
 endfacet
 facet normal 0.3869339700623303 -0.289652397092139 0.8754333736330718
  outer loop
   vertex 57.63435745239258 2.583822250366211 29.365015029907227
   vertex 57.81926345825195 2.8308300971984863 29.365015029907227
   vertex 57.33022689819336 3.004204273223877 29.63852882385254
  endloop
 endfacet
 facet normal -0.11850330329522414 -0.15533495388685387 0.9807283105983475
  outer loop
   vertex 56.040611267089844 3.4321911334991455 29.959285736083984
   vertex 56 3.581886053085327 29.97808837890625
   vertex 56 3.168353319168091 29.91259002685547
  endloop
 endfacet
 facet normal 0.01725293045204426 -0.11999934300920616 0.9926240446756143
  outer loop
   vertex 56.040611267089844 3.4321911334991455 29.959285736083984
   vertex 56.12100601196289 3.4437499046325684 29.959285736083984
   vertex 56 3.581886053085327 29.97808837890625
  endloop
 endfacet
 facet normal 0.521930575234481 -0.284996019817891 0.8039687452403631
  outer loop
   vertex 58.29903030395508 2.7446346282958984 29.022998809814453
   vertex 57.96713638305664 3.1016387939453125 29.365015029907227
   vertex 57.81926345825195 2.8308300971984863 29.365015029907227
  endloop
 endfacet
 facet normal 0.5502616801022153 -0.25129292824219235 0.7962813244240702
  outer loop
   vertex 58.29903030395508 2.7446346282958984 29.022998809814453
   vertex 58.45428466796875 3.0845985412597656 29.022998809814453
   vertex 57.96713638305664 3.1016387939453125 29.365015029907227
  endloop
 endfacet
 facet normal 0.05973846816411085 -0.2034482705022446 0.9772615395333284
  outer loop
   vertex 56.3174934387207 2.9187183380126953 29.83797264099121
   vertex 56.198936462402344 3.466632604598999 29.959285736083984
   vertex 56.12100601196289 3.4437499046325684 29.959285736083984
  endloop
 endfacet
 facet normal 0.07465072196285022 -0.2001455423656534 0.9769181294159627
  outer loop
   vertex 56.3174934387207 2.9187183380126953 29.83797264099121
   vertex 56.468143463134766 2.9749081134796143 29.83797264099121
   vertex 56.198936462402344 3.466632604598999 29.959285736083984
  endloop
 endfacet
 facet normal 0.6728755946045024 -0.1975797439257491 0.7128819530440313
  outer loop
   vertex 58.90054702758789 3.1483230590820312 28.619441986083984
   vertex 58.5595817565918 3.443197250366211 29.022998809814453
   vertex 58.45428466796875 3.0845985412597656 29.022998809814453
  endloop
 endfacet
 facet normal 0.6975735719310432 -0.15174708999210348 0.7002599034803394
  outer loop
   vertex 58.90054702758789 3.1483230590820312 28.619441986083984
   vertex 58.99222946166992 3.5697824954986572 28.619441986083984
   vertex 58.5595817565918 3.443197250366211 29.022998809814453
  endloop
 endfacet
 facet normal 0.16669428465375152 -0.30527782411014137 0.9375598463940057
  outer loop
   vertex 56.796348571777344 2.541595935821533 29.63852882385254
   vertex 56.6092643737793 3.0519659519195557 29.83797264099121
   vertex 56.468143463134766 2.9749081134796143 29.83797264099121
  endloop
 endfacet
 facet normal 0.19025570349950657 -0.2960448561942278 0.9360342998025483
  outer loop
   vertex 56.796348571777344 2.541595935821533 29.63852882385254
   vertex 56.99579620361328 2.6697726249694824 29.63852882385254
   vertex 56.6092643737793 3.0519659519195557 29.83797264099121
  endloop
 endfacet
 facet normal 0.8386509002870337 -0.007300340018562292 0.5446203930109127
  outer loop
   vertex 59.356441497802734 3.7599425315856934 28.16256332397461
   vertex 59.4640998840332 4 28
   vertex 59.23606872558594 4 28.35114097595215
  endloop
 endfacet
 facet normal 0.7946881537921406 -0.07473353103962689 0.6023998983738195
  outer loop
   vertex 59.356441497802734 3.7599425315856934 28.16256332397461
   vertex 59.23606872558594 4 28.35114097595215
   vertex 58.99222946166992 3.5697824954986572 28.619441986083984
  endloop
 endfacet
 facet normal 0.3118078548103631 -0.3598475396612429 0.8793665958394766
  outer loop
   vertex 57.41617965698242 2.3656437397003174 29.365015029907227
   vertex 57.17497253417969 2.825028896331787 29.63852882385254
   vertex 56.99579620361328 2.6697726249694824 29.63852882385254
  endloop
 endfacet
 facet normal 0.34177303455691327 -0.34177191412061053 0.8754331222703953
  outer loop
   vertex 57.41617965698242 2.3656437397003174 29.365015029907227
   vertex 57.63435745239258 2.583822250366211 29.365015029907227
   vertex 57.17497253417969 2.825028896331787 29.63852882385254
  endloop
 endfacet
 facet normal 0.4760606037788173 -0.35637112715498387 0.8039688559017906
  outer loop
   vertex 58.09697341918945 2.4302263259887695 29.022998809814453
   vertex 57.81926345825195 2.8308300971984863 29.365015029907227
   vertex 57.63435745239258 2.583822250366211 29.365015029907227
  endloop
 endfacet
 facet normal 0.5088962795659456 -0.32704606132654307 0.7962822680524376
  outer loop
   vertex 58.09697341918945 2.4302263259887695 29.022998809814453
   vertex 58.29903030395508 2.7446346282958984 29.022998809814453
   vertex 57.81926345825195 2.8308300971984863 29.365015029907227
  endloop
 endfacet
 facet normal -0.00861168124117851 -0.2588088607969968 0.9658901658673005
  outer loop
   vertex 56.160377502441406 2.884540319442749 29.83797264099121
   vertex 56 3.168353319168091 29.91259002685547
   vertex 56 2.7639319896698 29.80422592163086
  endloop
 endfacet
 facet normal 0.11648758802220857 -0.19044986586510562 0.9747612479108569
  outer loop
   vertex 56.160377502441406 2.884540319442749 29.83797264099121
   vertex 56.040611267089844 3.4321911334991455 29.959285736083984
   vertex 56 3.168353319168091 29.91259002685547
  endloop
 endfacet
 facet normal 0.030175453074003076 -0.2098793914431187 0.9772615223568587
  outer loop
   vertex 56.160377502441406 2.884540319442749 29.83797264099121
   vertex 56.12100601196289 3.4437499046325684 29.959285736083984
   vertex 56.040611267089844 3.4321911334991455 29.959285736083984
  endloop
 endfacet
 facet normal 0.04540637390603964 -0.20873254939268013 0.9769181050798155
  outer loop
   vertex 56.160377502441406 2.884540319442749 29.83797264099121
   vertex 56.3174934387207 2.9187183380126953 29.83797264099121
   vertex 56.12100601196289 3.4437499046325684 29.959285736083984
  endloop
 endfacet
 facet normal 0.668874587903119 -0.2494780948012431 0.7002624264315305
  outer loop
   vertex 58.74981689453125 2.744201183319092 28.619441986083984
   vertex 58.90054702758789 3.1483230590820312 28.619441986083984
   vertex 58.45428466796875 3.0845985412597656 29.022998809814453
  endloop
 endfacet
 facet normal 0.6379118201278747 -0.2913209024667371 0.7128819267782764
  outer loop
   vertex 58.74981689453125 2.744201183319092 28.619441986083984
   vertex 58.45428466796875 3.0845985412597656 29.022998809814453
   vertex 58.29903030395508 2.7446346282958984 29.022998809814453
  endloop
 endfacet
 facet normal 0.1461892800500522 -0.320106846737532 0.9360343482320517
  outer loop
   vertex 56.580692291259766 2.443108081817627 29.63852882385254
   vertex 56.796348571777344 2.541595935821533 29.63852882385254
   vertex 56.468143463134766 2.9749081134796143 29.83797264099121
  endloop
 endfacet
 facet normal 0.12155232636502078 -0.32589311458020265 0.9375599766545425
  outer loop
   vertex 56.580692291259766 2.443108081817627 29.63852882385254
   vertex 56.468143463134766 2.9749081134796143 29.83797264099121
   vertex 56.3174934387207 2.9187183380126953 29.83797264099121
  endloop
 endfacet
 facet normal 0.7995320941223303 -0.11495773330927223 0.5895194229376631
  outer loop
   vertex 59.28811264038086 3.284714698791504 28.16256332397461
   vertex 59.356441497802734 3.7599425315856934 28.16256332397461
   vertex 58.99222946166992 3.5697824954986572 28.619441986083984
  endloop
 endfacet
 facet normal 0.7759266967531455 -0.16879168451512735 0.6078216255648511
  outer loop
   vertex 59.28811264038086 3.284714698791504 28.16256332397461
   vertex 58.99222946166992 3.5697824954986572 28.619441986083984
   vertex 58.90054702758789 3.1483230590820312 28.619441986083984
  endloop
 endfacet
 facet normal 0.2896531047706081 -0.3869336639013959 0.8754332748054466
  outer loop
   vertex 57.16917037963867 2.1807360649108887 29.365015029907227
   vertex 57.41617965698242 2.3656437397003174 29.365015029907227
   vertex 56.99579620361328 2.6697726249694824 29.63852882385254
  endloop
 endfacet
 facet normal 0.25742304281891276 -0.4005597009216769 0.8793664213644896
  outer loop
   vertex 57.16917037963867 2.1807360649108887 29.365015029907227
   vertex 56.99579620361328 2.6697726249694824 29.63852882385254
   vertex 56.796348571777344 2.541595935821533 29.63852882385254
  endloop
 endfacet
 facet normal 0.4571720898183902 -0.3961435192080034 0.7962813525887591
  outer loop
   vertex 57.85222625732422 2.1477742195129395 29.022998809814453
   vertex 58.09697341918945 2.4302263259887695 29.022998809814453
   vertex 57.63435745239258 2.583822250366211 29.365015029907227
  endloop
 endfacet
 facet normal 0.42049786651338006 -0.42049648799305456 0.803967815178694
  outer loop
   vertex 57.85222625732422 2.1477742195129395 29.022998809814453
   vertex 57.63435745239258 2.583822250366211 29.365015029907227
   vertex 57.41617965698242 2.3656437397003174 29.365015029907227
  endloop
 endfacet
 facet normal 0.5899590088588256 -0.3791416403278839 0.7128814659084594
  outer loop
   vertex 58.54310989379883 2.3656437397003174 28.619441986083984
   vertex 58.29903030395508 2.7446346282958984 29.022998809814453
   vertex 58.09697341918945 2.4302263259887695 29.022998809814453
  endloop
 endfacet
 facet normal 0.6265643017610256 -0.3421283341966293 0.7002609361506309
  outer loop
   vertex 58.54310989379883 2.3656437397003174 28.619441986083984
   vertex 58.74981689453125 2.744201183319092 28.619441986083984
   vertex 58.29903030395508 2.7446346282958984 29.022998809814453
  endloop
 endfacet
 facet normal 0.07393435565471408 -0.3398753350234131 0.9375598475279565
  outer loop
   vertex 56.35321044921875 2.376314163208008 29.63852882385254
   vertex 56.3174934387207 2.9187183380126953 29.83797264099121
   vertex 56.160377502441406 2.884540319442749 29.83797264099121
  endloop
 endfacet
 facet normal 0.0991431217368637 -0.3376543917150934 0.9360342692272433
  outer loop
   vertex 56.35321044921875 2.376314163208008 29.63852882385254
   vertex 56.580692291259766 2.443108081817627 29.63852882385254
   vertex 56.3174934387207 2.9187183380126953 29.83797264099121
  endloop
 endfacet
 facet normal 0.7440077242461919 -0.27750139251699785 0.6078202722952974
  outer loop
   vertex 59.15284729003906 2.8240480422973633 28.16256332397461
   vertex 58.90054702758789 3.1483230590820312 28.619441986083984
   vertex 58.74981689453125 2.744201183319092 28.619441986083984
  endloop
 endfacet
 facet normal 0.7750352523057594 -0.2275732646426406 0.5895174016967087
  outer loop
   vertex 59.15284729003906 2.8240480422973633 28.16256332397461
   vertex 59.28811264038086 3.284714698791504 28.16256332397461
   vertex 58.90054702758789 3.1483230590820312 28.619441986083984
  endloop
 endfacet
 facet normal 0.19779970366469682 -0.4331168427948061 0.8793662932576034
  outer loop
   vertex 56.89836120605469 2.032863140106201 29.365015029907227
   vertex 56.796348571777344 2.541595935821533 29.63852882385254
   vertex 56.580692291259766 2.443108081817627 29.63852882385254
  endloop
 endfacet
 facet normal 0.23163967141244848 -0.42421659047676014 0.8754332338860603
  outer loop
   vertex 56.89836120605469 2.032863140106201 29.365015029907227
   vertex 57.16917037963867 2.1807360649108887 29.365015029907227
   vertex 56.796348571777344 2.541595935821533 29.63852882385254
  endloop
 endfacet
 facet normal 0.8893922585519605 -0.060118414779441756 0.4531745652971377
  outer loop
   vertex 59.60149383544922 3.4821834564208984 27.661659240722656
   vertex 59.65418243408203 4 27.6269474029541
   vertex 59.4640998840332 4 28
  endloop
 endfacet
 facet normal 0.9312387795981368 -0.07079210308975319 0.3574672201932682
  outer loop
   vertex 59.60149383544922 3.4821834564208984 27.661659240722656
   vertex 59.80422592163086 4 27.236068725585938
   vertex 59.65418243408203 4 27.6269474029541
  endloop
 endfacet
 facet normal 0.8624613028456095 -0.12400577434096521 0.4906965141754641
  outer loop
   vertex 59.60149383544922 3.4821834564208984 27.661659240722656
   vertex 59.356441497802734 3.7599425315856934 28.16256332397461
   vertex 59.28811264038086 3.284714698791504 28.16256332397461
  endloop
 endfacet
 facet normal 0.8787345450057394 -0.07485750696214451 0.47140423530656655
  outer loop
   vertex 59.60149383544922 3.4821834564208984 27.661659240722656
   vertex 59.4640998840332 4 28
   vertex 59.356441497802734 3.7599425315856934 28.16256332397461
  endloop
 endfacet
 facet normal 0.3961434396326624 -0.45717278491354174 0.7962809930987929
  outer loop
   vertex 57.56977462768555 1.903027892112732 29.022998809814453
   vertex 57.85222625732422 2.1477742195129395 29.022998809814453
   vertex 57.41617965698242 2.3656437397003174 29.365015029907227
  endloop
 endfacet
 facet normal 0.3563723173666029 -0.4760606539360079 0.8039682986217663
  outer loop
   vertex 57.56977462768555 1.903027892112732 29.022998809814453
   vertex 57.41617965698242 2.3656437397003174 29.365015029907227
   vertex 57.16917037963867 2.1807360649108887 29.365015029907227
  endloop
 endfacet
 facet normal 0.5714954544903595 -0.4278190434390202 0.7002598171877202
  outer loop
   vertex 58.284629821777344 2.020357131958008 28.619441986083984
   vertex 58.54310989379883 2.3656437397003174 28.619441986083984
   vertex 58.09697341918945 2.4302263259887695 29.022998809814453
  endloop
 endfacet
 facet normal 0.5299954987139426 -0.4592456247894432 0.7128802335979819
  outer loop
   vertex 58.284629821777344 2.020357131958008 28.619441986083984
   vertex 58.09697341918945 2.4302263259887695 29.022998809814453
   vertex 57.85222625732422 2.1477742195129395 29.022998809814453
  endloop
 endfacet
 facet normal 0.031121859159099922 -0.35819273492470255 0.9331288199008982
  outer loop
   vertex 56.1185417175293 2.342573642730713 29.63852882385254
   vertex 56 2.7639319896698 29.80422592163086
   vertex 56 2.3730533123016357 29.65418243408203
  endloop
 endfacet
 facet normal 0.000927546298869435 -0.45399122609366777 0.891005671299477
  outer loop
   vertex 56.1185417175293 2.342573642730713 29.63852882385254
   vertex 56 2.3730533123016357 29.65418243408203
   vertex 56 2 29.464101791381836
  endloop
 endfacet
 facet normal 0.05008219658038967 -0.3483267414221039 0.9360343235138023
  outer loop
   vertex 56.1185417175293 2.342573642730713 29.63852882385254
   vertex 56.35321044921875 2.376314163208008 29.63852882385254
   vertex 56.160377502441406 2.884540319442749 29.83797264099121
  endloop
 endfacet
 facet normal 0.0658208905014379 -0.3490795535480691 0.9347786238828306
  outer loop
   vertex 56.1185417175293 2.342573642730713 29.63852882385254
   vertex 56.160377502441406 2.884540319442749 29.83797264099121
   vertex 56 2.7639319896698 29.80422592163086
  endloop
 endfacet
 facet normal 0.7347613504500055 -0.3355491019715052 0.5895189208592041
  outer loop
   vertex 58.95340347290039 2.3873202800750732 28.16256332397461
   vertex 59.15284729003906 2.8240480422973633 28.16256332397461
   vertex 58.74981689453125 2.744201183319092 28.619441986083984
  endloop
 endfacet
 facet normal 0.6969414424203166 -0.3805569740530835 0.6078231776895722
  outer loop
   vertex 58.95340347290039 2.3873202800750732 28.16256332397461
   vertex 58.74981689453125 2.744201183319092 28.619441986083984
   vertex 58.54310989379883 2.3656437397003174 28.619441986083984
  endloop
 endfacet
 facet normal 0.1689097447706604 -0.4528650494274588 0.8754328901341186
  outer loop
   vertex 56.6092643737793 1.9250357151031494 29.365015029907227
   vertex 56.89836120605469 2.032863140106201 29.365015029907227
   vertex 56.580692291259766 2.443108081817627 29.63852882385254
  endloop
 endfacet
 facet normal 0.13414435238231107 -0.4568590227154697 0.8793663207602372
  outer loop
   vertex 56.6092643737793 1.9250357151031494 29.365015029907227
   vertex 56.580692291259766 2.443108081817627 29.63852882385254
   vertex 56.35321044921875 2.376314163208008 29.63852882385254
  endloop
 endfacet
 facet normal 0.8360342824971113 -0.24548438339418413 0.4906975606207119
  outer loop
   vertex 59.49114227294922 2.9749081134796143 27.661659240722656
   vertex 59.28811264038086 3.284714698791504 28.16256332397461
   vertex 59.15284729003906 2.8240480422973633 28.16256332397461
  endloop
 endfacet
 facet normal 0.8642603748399953 -0.18800930125529144 0.4665902990021627
  outer loop
   vertex 59.49114227294922 2.9749081134796143 27.661659240722656
   vertex 59.60149383544922 3.4821834564208984 27.661659240722656
   vertex 59.28811264038086 3.284714698791504 28.16256332397461
  endloop
 endfacet
 facet normal 0.3270482398853418 -0.5088954237371988 0.7962819202312941
  outer loop
   vertex 57.255367279052734 1.700969934463501 29.022998809814453
   vertex 57.56977462768555 1.903027892112732 29.022998809814453
   vertex 57.16917037963867 2.1807360649108887 29.365015029907227
  endloop
 endfacet
 facet normal 0.28499556470780874 -0.5219306607721611 0.8039688510401461
  outer loop
   vertex 57.255367279052734 1.700969934463501 29.022998809814453
   vertex 57.16917037963867 2.1807360649108887 29.365015029907227
   vertex 56.89836120605469 2.032863140106201 29.365015029907227
  endloop
 endfacet
 facet normal 0.9657589564655126 -0.018608657771146335 0.25877278810300064
  outer loop
   vertex 59.82819366455078 3.7262022495269775 27.126930236816406
   vertex 59.91259002685547 4 26.831645965576172
   vertex 59.80422592163086 4 27.236068725585938
  endloop
 endfacet
 facet normal 0.9289540483074741 -0.06402110366084174 0.36461716144361994
  outer loop
   vertex 59.82819366455078 3.7262022495269775 27.126930236816406
   vertex 59.80422592163086 4 27.236068725585938
   vertex 59.60149383544922 3.4821834564208984 27.661659240722656
  endloop
 endfacet
 facet normal 0.4592443960018098 -0.52999499290149 0.7128814012444723
  outer loop
   vertex 57.979644775390625 1.7153702974319458 28.619441986083984
   vertex 57.85222625732422 2.1477742195129395 29.022998809814453
   vertex 57.56977462768555 1.903027892112732 29.022998809814453
  endloop
 endfacet
 facet normal 0.5047961024150343 -0.5047931427929494 0.7002605072227102
  outer loop
   vertex 57.979644775390625 1.7153702974319458 28.619441986083984
   vertex 58.284629821777344 2.020357131958008 28.619441986083984
   vertex 57.85222625732422 2.1477742195129395 29.022998809814453
  endloop
 endfacet
 facet normal 0.6795252894762163 -0.43670693542660166 0.5895188152320251
  outer loop
   vertex 58.69383239746094 1.9834221601486206 28.16256332397461
   vertex 58.95340347290039 2.3873202800750732 28.16256332397461
   vertex 58.54310989379883 2.3656437397003174 28.619441986083984
  endloop
 endfacet
 facet normal 0.6356867593893081 -0.47587237867238713 0.6078221969900443
  outer loop
   vertex 58.69383239746094 1.9834221601486206 28.16256332397461
   vertex 58.54310989379883 2.3656437397003174 28.619441986083984
   vertex 58.284629821777344 2.020357131958008 28.619441986083984
  endloop
 endfacet
 facet normal 0.021282571545149422 -0.5445147502938184 0.8384812096051328
  outer loop
   vertex 56.30776596069336 1.8594485521316528 29.365015029907227
   vertex 56 2 29.464101791381836
   vertex 56 1.6488590240478516 29.236068725585938
  endloop
 endfacet
 facet normal 0.06790916685659497 -0.4712503247983505 0.8793813032094167
  outer loop
   vertex 56.30776596069336 1.8594485521316528 29.365015029907227
   vertex 56.1185417175293 2.342573642730713 29.63852882385254
   vertex 56 2 29.464101791381836
  endloop
 endfacet
 facet normal 0.06776308612900574 -0.47129911608677855 0.8793664238155187
  outer loop
   vertex 56.30776596069336 1.8594485521316528 29.365015029907227
   vertex 56.35321044921875 2.376314163208008 29.63852882385254
   vertex 56.1185417175293 2.342573642730713 29.63852882385254
  endloop
 endfacet
 facet normal 0.10274140037872491 -0.47229317093459994 0.8754332443634748
  outer loop
   vertex 56.30776596069336 1.8594485521316528 29.365015029907227
   vertex 56.6092643737793 1.9250357151031494 29.365015029907227
   vertex 56.35321044921875 2.376314163208008 29.63852882385254
  endloop
 endfacet
 facet normal 0.7925915547181703 -0.36195886494709845 0.49069787800197556
  outer loop
   vertex 59.309722900390625 2.4885008335113525 27.661659240722656
   vertex 59.15284729003906 2.8240480422973633 28.16256332397461
   vertex 58.95340347290039 2.3873202800750732 28.16256332397461
  endloop
 endfacet
 facet normal 0.8287068415470672 -0.3090896896902795 0.4665924715426203
  outer loop
   vertex 59.309722900390625 2.4885008335113525 27.661659240722656
   vertex 59.49114227294922 2.9749081134796143 27.661659240722656
   vertex 59.15284729003906 2.8240480422973633 28.16256332397461
  endloop
 endfacet
 facet normal 0.20781641125156944 -0.5571779738407757 0.8039683107444013
  outer loop
   vertex 56.915401458740234 1.5457136631011963 29.022998809814453
   vertex 56.89836120605469 2.032863140106201 29.365015029907227
   vertex 56.6092643737793 1.9250357151031494 29.365015029907227
  endloop
 endfacet
 facet normal 0.25129409915707074 -0.5502605711833841 0.7962817212078726
  outer loop
   vertex 56.915401458740234 1.5457136631011963 29.022998809814453
   vertex 57.255367279052734 1.700969934463501 29.022998809814453
   vertex 56.89836120605469 2.032863140106201 29.365015029907227
  endloop
 endfacet
 facet normal 0.9328778839879334 -0.13412670896674408 0.334288617078037
  outer loop
   vertex 59.75026321411133 3.184180498123169 27.126930236816406
   vertex 59.82819366455078 3.7262022495269775 27.126930236816406
   vertex 59.60149383544922 3.4821834564208984 27.661659240722656
  endloop
 endfacet
 facet normal 0.910264785217146 -0.19801699951551893 0.36360320226375037
  outer loop
   vertex 59.75026321411133 3.184180498123169 27.126930236816406
   vertex 59.60149383544922 3.4821834564208984 27.661659240722656
   vertex 59.49114227294922 2.9749081134796143 27.661659240722656
  endloop
 endfacet
 facet normal 0.3791443869718172 -0.5899583606786782 0.7128805415306909
  outer loop
   vertex 57.63435745239258 1.4568920135498047 28.619441986083984
   vertex 57.56977462768555 1.903027892112732 29.022998809814453
   vertex 57.255367279052734 1.700969934463501 29.022998809814453
  endloop
 endfacet
 facet normal 0.4278162630437166 -0.5714968777367353 0.7002603543057911
  outer loop
   vertex 57.63435745239258 1.4568920135498047 28.619441986083984
   vertex 57.979644775390625 1.7153702974319458 28.619441986083984
   vertex 57.56977462768555 1.903027892112732 29.022998809814453
  endloop
 endfacet
 facet normal 0.5614957072801177 -0.5614924152279646 0.6078230320968987
  outer loop
   vertex 58.379425048828125 1.6205756664276123 28.16256332397461
   vertex 58.284629821777344 2.020357131958008 28.619441986083984
   vertex 57.979644775390625 1.7153702974319458 28.619441986083984
  endloop
 endfacet
 facet normal 0.6104602238575216 -0.5289652339217958 0.5895202255986509
  outer loop
   vertex 58.379425048828125 1.6205756664276123 28.16256332397461
   vertex 58.69383239746094 1.9834221601486206 28.16256332397461
   vertex 58.284629821777344 2.020357131958008 28.619441986083984
  endloop
 endfacet
 facet normal 0.7330092113590175 -0.4710791655433608 0.4906953391400839
  outer loop
   vertex 59.0609245300293 2.032863140106201 27.661659240722656
   vertex 58.95340347290039 2.3873202800750732 28.16256332397461
   vertex 58.69383239746094 1.9834221601486206 28.16256332397461
  endloop
 endfacet
 facet normal 0.7762837674948326 -0.42388533496268227 0.4665884001211381
  outer loop
   vertex 59.0609245300293 2.032863140106201 27.661659240722656
   vertex 59.309722900390625 2.4885008335113525 27.661659240722656
   vertex 58.95340347290039 2.3873202800750732 28.16256332397461
  endloop
 endfacet
 facet normal 0.17042668149449783 -0.5804229123388955 0.7962813504451852
  outer loop
   vertex 56.556800842285156 1.4404195547103882 29.022998809814453
   vertex 56.915401458740234 1.5457136631011963 29.022998809814453
   vertex 56.6092643737793 1.9250357151031494 29.365015029907227
  endloop
 endfacet
 facet normal 0.1264070979371256 -0.5810822987938186 0.8039680389291637
  outer loop
   vertex 56.556800842285156 1.4404195547103882 29.022998809814453
   vertex 56.6092643737793 1.9250357151031494 29.365015029907227
   vertex 56.30776596069336 1.8594485521316528 29.365015029907227
  endloop
 endfacet
 facet normal 0.9042931814785463 -0.2655283325248268 0.33428811907992434
  outer loop
   vertex 59.595985412597656 2.658766269683838 27.126930236816406
   vertex 59.75026321411133 3.184180498123169 27.126930236816406
   vertex 59.49114227294922 2.9749081134796143 27.661659240722656
  endloop
 endfacet
 facet normal 0.8728212231265807 -0.3255433978409633 0.36359951675157626
  outer loop
   vertex 59.595985412597656 2.658766269683838 27.126930236816406
   vertex 59.49114227294922 2.9749081134796143 27.661659240722656
   vertex 59.309722900390625 2.4885008335113525 27.661659240722656
  endloop
 endfacet
 facet normal 0.2913232737674229 -0.6379127546567582 0.7128801214844314
  outer loop
   vertex 57.25579833984375 1.2501840591430664 28.619441986083984
   vertex 57.255367279052734 1.700969934463501 29.022998809814453
   vertex 56.915401458740234 1.5457136631011963 29.022998809814453
  endloop
 endfacet
 facet normal 0.3421291464137061 -0.6265656607902589 0.7002593233172231
  outer loop
   vertex 57.25579833984375 1.2501840591430664 28.619441986083984
   vertex 57.63435745239258 1.4568920135498047 28.619441986083984
   vertex 57.255367279052734 1.700969934463501 29.022998809814453
  endloop
 endfacet
 facet normal 0.9858172128428387 -0.06151718153895026 0.15614115164901565
  outer loop
   vertex 59.91898727416992 3.436534881591797 26.569259643554688
   vertex 59.97808837890625 4 26.418113708496094
   vertex 59.91259002685547 4 26.831645965576172
  endloop
 endfacet
 facet normal 0.9857583697687585 -0.15613165160715034 0.06247674605213734
  outer loop
   vertex 59.91898727416992 3.436534881591797 26.569259643554688
   vertex 59.91259002685547 3.168353319168091 26
   vertex 59.97808837890625 3.581886053085327 26
  endloop
 endfacet
 facet normal 0.9758685757944249 -0.08297535344196892 0.2019792402652841
  outer loop
   vertex 59.91898727416992 3.436534881591797 26.569259643554688
   vertex 59.91259002685547 4 26.831645965576172
   vertex 59.82819366455078 3.7262022495269775 27.126930236816406
  endloop
 endfacet
 facet normal 0.993229452948458 -0.08214391669621149 0.08214396353666542
  outer loop
   vertex 59.91898727416992 3.436534881591797 26.569259643554688
   vertex 59.97808837890625 3.581886053085327 26
   vertex 59.97808837890625 4 26.418113708496094
  endloop
 endfacet
 facet normal 0.9635568427767693 -0.13853764832708393 0.2288351606158141
  outer loop
   vertex 59.91898727416992 3.436534881591797 26.569259643554688
   vertex 59.82819366455078 3.7262022495269775 27.126930236816406
   vertex 59.75026321411133 3.184180498123169 27.126930236816406
  endloop
 endfacet
 facet normal 0.5289667081344728 -0.6104598729600406 0.5895192661745592
  outer loop
   vertex 58.016578674316406 1.3061673641204834 28.16256332397461
   vertex 58.379425048828125 1.6205756664276123 28.16256332397461
   vertex 57.979644775390625 1.7153702974319458 28.619441986083984
  endloop
 endfacet
 facet normal 0.47586934892301025 -0.6356884265812104 0.6078228253909977
  outer loop
   vertex 58.016578674316406 1.3061673641204834 28.16256332397461
   vertex 57.979644775390625 1.7153702974319458 28.619441986083984
   vertex 57.63435745239258 1.4568920135498047 28.619441986083984
  endloop
 endfacet
 facet normal 0.7080584081933455 -0.5300445498206278 0.46658982607012983
  outer loop
   vertex 58.74981689453125 1.6172709465026855 27.661659240722656
   vertex 59.0609245300293 2.032863140106201 27.661659240722656
   vertex 58.69383239746094 1.9834221601486206 28.16256332397461
  endloop
 endfacet
 facet normal 0.6585085454916141 -0.5705992187408613 0.49069647144323086
  outer loop
   vertex 58.74981689453125 1.6172709465026855 27.661659240722656
   vertex 58.69383239746094 1.9834221601486206 28.16256332397461
   vertex 58.379425048828125 1.6205756664276123 28.16256332397461
  endloop
 endfacet
 facet normal 0.005022537650154006 -0.6293126100271509 0.7771360324784636
  outer loop
   vertex 56.18687057495117 1.3872311115264893 29.022998809814453
   vertex 56 1.6488590240478516 29.236068725585938
   vertex 56 1.3234776258468628 28.972579956054688
  endloop
 endfacet
 facet normal 0.050393146393233335 -0.7062080881469004 0.7062086568660071
  outer loop
   vertex 56.18687057495117 1.3872311115264893 29.022998809814453
   vertex 56 1.3234776258468628 28.972579956054688
   vertex 56 1.0274206399917603 28.676523208618164
  endloop
 endfacet
 facet normal 0.07417192510503721 -0.5973537607115921 0.7985405500598769
  outer loop
   vertex 56.18687057495117 1.3872311115264893 29.022998809814453
   vertex 56.30776596069336 1.8594485521316528 29.365015029907227
   vertex 56 1.6488590240478516 29.236068725585938
  endloop
 endfacet
 facet normal 0.08609078892544123 -0.5987689553550031 0.7962814289968552
  outer loop
   vertex 56.18687057495117 1.3872311115264893 29.022998809814453
   vertex 56.556800842285156 1.4404195547103882 29.022998809814453
   vertex 56.30776596069336 1.8594485521316528 29.365015029907227
  endloop
 endfacet
 facet normal 0.8573033141805747 -0.391515029824182 0.33428581919784256
  outer loop
   vertex 59.368507385253906 2.160655975341797 27.126930236816406
   vertex 59.595985412597656 2.658766269683838 27.126930236816406
   vertex 59.309722900390625 2.4885008335113525 27.661659240722656
  endloop
 endfacet
 facet normal 0.8176048288850735 -0.4464484654593307 0.36360158343002086
  outer loop
   vertex 59.368507385253906 2.160655975341797 27.126930236816406
   vertex 59.309722900390625 2.4885008335113525 27.661659240722656
   vertex 59.0609245300293 2.032863140106201 27.661659240722656
  endloop
 endfacet
 facet normal 0.2494785145521086 -0.6688770400691237 0.7002599346280217
  outer loop
   vertex 56.85167694091797 1.099454402923584 28.619441986083984
   vertex 57.25579833984375 1.2501840591430664 28.619441986083984
   vertex 56.915401458740234 1.5457136631011963 29.022998809814453
  endloop
 endfacet
 facet normal 0.19757394039163653 -0.6728784535306891 0.7128808630144804
  outer loop
   vertex 56.85167694091797 1.099454402923584 28.619441986083984
   vertex 56.915401458740234 1.5457136631011963 29.022998809814453
   vertex 56.556800842285156 1.4404195547103882 29.022998809814453
  endloop
 endfacet
 facet normal 0.9582728893536229 -0.20845946139208169 0.19559581408093132
  outer loop
   vertex 59.79890823364258 2.884540319442749 26.569259643554688
   vertex 59.91898727416992 3.436534881591797 26.569259643554688
   vertex 59.75026321411133 3.184180498123169 27.126930236816406
  endloop
 endfacet
 facet normal 0.9639624985579671 -0.25829234515375465 0.063728845971465
  outer loop
   vertex 59.79890823364258 2.884540319442749 26.569259643554688
   vertex 59.80422592163086 2.7639319896698 26
   vertex 59.91259002685547 3.168353319168091 26
  endloop
 endfacet
 facet normal 0.9340315968593536 -0.2742604472965932 0.22883658605441318
  outer loop
   vertex 59.79890823364258 2.884540319442749 26.569259643554688
   vertex 59.75026321411133 3.184180498123169 27.126930236816406
   vertex 59.595985412597656 2.658766269683838 27.126930236816406
  endloop
 endfacet
 facet normal 0.9732859867605663 -0.21172536010845808 0.0888074313470151
  outer loop
   vertex 59.79890823364258 2.884540319442749 26.569259643554688
   vertex 59.91259002685547 3.168353319168091 26
   vertex 59.91898727416992 3.436534881591797 26.569259643554688
  endloop
 endfacet
 facet normal 0.3805572906702148 -0.6969418793948781 0.6078224784123082
  outer loop
   vertex 57.61267852783203 1.0465978384017944 28.16256332397461
   vertex 57.63435745239258 1.4568920135498047 28.619441986083984
   vertex 57.25579833984375 1.2501840591430664 28.619441986083984
  endloop
 endfacet
 facet normal 0.4367033519605534 -0.6795271800058824 0.5895192906255656
  outer loop
   vertex 57.61267852783203 1.0465978384017944 28.16256332397461
   vertex 58.016578674316406 1.3061673641204834 28.16256332397461
   vertex 57.63435745239258 1.4568920135498047 28.619441986083984
  endloop
 endfacet
 facet normal 0.6254167103650354 -0.625419147569445 0.4665884999115235
  outer loop
   vertex 58.382728576660156 1.2501840591430664 27.661659240722656
   vertex 58.74981689453125 1.6172709465026855 27.661659240722656
   vertex 58.379425048828125 1.6205756664276123 28.16256332397461
  endloop
 endfacet
 facet normal 0.5706009768587982 -0.6585083607105676 0.49069467500887565
  outer loop
   vertex 58.382728576660156 1.2501840591430664 27.661659240722656
   vertex 58.379425048828125 1.6205756664276123 28.16256332397461
   vertex 58.016578674316406 1.3061673641204834 28.16256332397461
  endloop
 endfacet
 facet normal 0.7928577362608542 -0.5095360859278217 0.3342896755639779
  outer loop
   vertex 59.07245635986328 1.6999891996383667 27.126930236816406
   vertex 59.368507385253906 2.160655975341797 27.126930236816406
   vertex 59.0609245300293 2.032863140106201 27.661659240722656
  endloop
 endfacet
 facet normal 0.745747811599706 -0.5582584127313234 0.3636038312627535
  outer loop
   vertex 59.07245635986328 1.6999891996383667 27.126930236816406
   vertex 59.0609245300293 2.032863140106201 27.661659240722656
   vertex 58.74981689453125 1.6172709465026855 27.661659240722656
  endloop
 endfacet
 facet normal 0.06091102881887208 -0.7085787973574156 0.7029978197005627
  outer loop
   vertex 56.43021774291992 1.0077714920043945 28.619441986083984
   vertex 56.18687057495117 1.3872311115264893 29.022998809814453
   vertex 56 1.0274206399917603 28.676523208618164
  endloop
 endfacet
 facet normal 0.09980422645147356 -0.6941471109542016 0.7128807086296827
  outer loop
   vertex 56.43021774291992 1.0077714920043945 28.619441986083984
   vertex 56.556800842285156 1.4404195547103882 29.022998809814453
   vertex 56.18687057495117 1.3872311115264893 29.022998809814453
  endloop
 endfacet
 facet normal 0.15174782265444373 -0.6975729172720416 0.7002603968583464
  outer loop
   vertex 56.43021774291992 1.0077714920043945 28.619441986083984
   vertex 56.85167694091797 1.099454402923584 28.619441986083984
   vertex 56.556800842285156 1.4404195547103882 29.022998809814453
  endloop
 endfacet
 facet normal 0.04794848492803198 -0.7762529662721981 0.6285954781468923
  outer loop
   vertex 56.43021774291992 1.0077714920043945 28.619441986083984
   vertex 56 1.0274206399917603 28.676523208618164
   vertex 56 0.7639320492744446 28.35114097595215
  endloop
 endfacet
 facet normal 0.9188512752200895 -0.3427147035743107 0.19559899278980925
  outer loop
   vertex 59.60149383544922 2.355253219604492 26.569259643554688
   vertex 59.79890823364258 2.884540319442749 26.569259643554688
   vertex 59.595985412597656 2.658766269683838 27.126930236816406
  endloop
 endfacet
 facet normal 0.9309522530914373 -0.3573572335431141 0.07499140016287474
  outer loop
   vertex 59.60149383544922 2.355253219604492 26.569259643554688
   vertex 59.65418243408203 2.3730533123016357 26
   vertex 59.80422592163086 2.7639319896698 26
  endloop
 endfacet
 facet normal 0.8889349158902644 -0.45294066576532344 0.068113644794814
  outer loop
   vertex 59.60149383544922 2.355253219604492 26.569259643554688
   vertex 59.4640998840332 2 26
   vertex 59.65418243408203 2.3730533123016357 26
  endloop
 endfacet
 facet normal 0.9337545856180952 -0.348273365506956 0.08251082786905725
  outer loop
   vertex 59.60149383544922 2.355253219604492 26.569259643554688
   vertex 59.80422592163086 2.7639319896698 26
   vertex 59.79890823364258 2.884540319442749 26.569259643554688
  endloop
 endfacet
 facet normal 0.8854957057523538 -0.40438998883164856 0.22883638702548936
  outer loop
   vertex 59.60149383544922 2.355253219604492 26.569259643554688
   vertex 59.595985412597656 2.658766269683838 27.126930236816406
   vertex 59.368507385253906 2.160655975341797 27.126930236816406
  endloop
 endfacet
 facet normal 0.33555434963616715 -0.7347578128143695 0.5895203431167517
  outer loop
   vertex 57.17595291137695 0.8471509218215942 28.16256332397461
   vertex 57.61267852783203 1.0465978384017944 28.16256332397461
   vertex 57.25579833984375 1.2501840591430664 28.619441986083984
  endloop
 endfacet
 facet normal 0.27749996857666026 -0.7440053823234638 0.6078237890323716
  outer loop
   vertex 57.17595291137695 0.8471509218215942 28.16256332397461
   vertex 57.25579833984375 1.2501840591430664 28.619441986083984
   vertex 56.85167694091797 1.099454402923584 28.619441986083984
  endloop
 endfacet
 facet normal 0.5300461843232355 -0.7080584211451119 0.46658794961922245
  outer loop
   vertex 57.96713638305664 0.9390754699707031 27.661659240722656
   vertex 58.382728576660156 1.2501840591430664 27.661659240722656
   vertex 58.016578674316406 1.3061673641204834 28.16256332397461
  endloop
 endfacet
 facet normal 0.4710753856986562 -0.7330113839907189 0.49069572234621456
  outer loop
   vertex 57.96713638305664 0.9390754699707031 27.661659240722656
   vertex 58.016578674316406 1.3061673641204834 28.16256332397461
   vertex 57.61267852783203 1.0465978384017944 28.16256332397461
  endloop
 endfacet
 facet normal 0.7122704258047718 -0.6171888068674344 0.3342885238853434
  outer loop
   vertex 58.7138557434082 1.2861440181732178 27.126930236816406
   vertex 59.07245635986328 1.6999891996383667 27.126930236816406
   vertex 58.74981689453125 1.6172709465026855 27.661659240722656
  endloop
 endfacet
 facet normal 0.6587070901374531 -0.6587096570721035 0.3636021962015642
  outer loop
   vertex 58.7138557434082 1.2861440181732178 27.126930236816406
   vertex 58.74981689453125 1.6172709465026855 27.661659240722656
   vertex 58.382728576660156 1.2501840591430664 27.661659240722656
  endloop
 endfacet
 facet normal 0.8607266179113937 -0.46999096161210696 0.19559699696503646
  outer loop
   vertex 59.33076477050781 1.8594485521316528 26.569259643554688
   vertex 59.60149383544922 2.355253219604492 26.569259643554688
   vertex 59.368507385253906 2.160655975341797 27.126930236816406
  endloop
 endfacet
 facet normal 0.8189322350400201 -0.5262930619183983 0.22883532810498056
  outer loop
   vertex 59.33076477050781 1.8594485521316528 26.569259643554688
   vertex 59.368507385253906 2.160655975341797 27.126930236816406
   vertex 59.07245635986328 1.6999891996383667 27.126930236816406
  endloop
 endfacet
 facet normal 0.8370676520437076 -0.5435922306608587 0.061848465358372746
  outer loop
   vertex 59.33076477050781 1.8594485521316528 26.569259643554688
   vertex 59.23606872558594 1.6488590240478516 26
   vertex 59.4640998840332 2 26
  endloop
 endfacet
 facet normal 0.8743580031154197 -0.4774342400083197 0.08691736797495594
  outer loop
   vertex 59.33076477050781 1.8594485521316528 26.569259643554688
   vertex 59.4640998840332 2 26
   vertex 59.60149383544922 2.355253219604492 26.569259643554688
  endloop
 endfacet
 facet normal 0.16879231224628988 -0.7759251078999899 0.6078234795209376
  outer loop
   vertex 56.71528625488281 0.711887001991272 28.16256332397461
   vertex 56.85167694091797 1.099454402923584 28.619441986083984
   vertex 56.43021774291992 1.0077714920043945 28.619441986083984
  endloop
 endfacet
 facet normal 0.22757041549949114 -0.7750337455593399 0.5895204824547229
  outer loop
   vertex 56.71528625488281 0.711887001991272 28.16256332397461
   vertex 57.17595291137695 0.8471509218215942 28.16256332397461
   vertex 56.85167694091797 1.099454402923584 28.619441986083984
  endloop
 endfacet
 facet normal 0.42388240059317217 -0.7762848880097403 0.46658920167002843
  outer loop
   vertex 57.511497497558594 0.6902785301208496 27.661659240722656
   vertex 57.96713638305664 0.9390754699707031 27.661659240722656
   vertex 57.61267852783203 1.0465978384017944 28.16256332397461
  endloop
 endfacet
 facet normal 0.3619656587234352 -0.7925902197540106 0.49069502285553995
  outer loop
   vertex 57.511497497558594 0.6902785301208496 27.661659240722656
   vertex 57.61267852783203 1.0465978384017944 28.16256332397461
   vertex 57.17595291137695 0.8471509218215942 28.16256332397461
  endloop
 endfacet
 facet normal 0.5582597373758582 -0.7457472950964269 0.36360285681138443
  outer loop
   vertex 58.300010681152344 0.9275451898574829 27.126930236816406
   vertex 58.382728576660156 1.2501840591430664 27.661659240722656
   vertex 57.96713638305664 0.9390754699707031 27.661659240722656
  endloop
 endfacet
 facet normal 0.6171869977594441 -0.7122716845197694 0.3342891820386269
  outer loop
   vertex 58.300010681152344 0.9275451898574829 27.126930236816406
   vertex 58.7138557434082 1.2861440181732178 27.126930236816406
   vertex 58.382728576660156 1.2501840591430664 27.661659240722656
  endloop
 endfacet
 facet normal 0.7850780872160217 -0.5877031969051744 0.19559486015913172
  outer loop
   vertex 58.99222946166992 1.4072191715240479 26.569259643554688
   vertex 59.33076477050781 1.8594485521316528 26.569259643554688
   vertex 59.07245635986328 1.6999891996383667 27.126930236816406
  endloop
 endfacet
 facet normal 0.7754713543114601 -0.6279645796716529 0.06560994833220343
  outer loop
   vertex 58.99222946166992 1.4072191715240479 26.569259643554688
   vertex 58.97257995605469 1.3234776258468628 26
   vertex 59.23606872558594 1.6488590240478516 26
  endloop
 endfacet
 facet normal 0.7356944908441362 -0.6374859724240358 0.22883454962957087
  outer loop
   vertex 58.99222946166992 1.4072191715240479 26.569259643554688
   vertex 59.07245635986328 1.6999891996383667 27.126930236816406
   vertex 58.7138557434082 1.2861440181732178 27.126930236816406
  endloop
 endfacet
 facet normal 0.7974222291645127 -0.5969439231517895 0.08818016243152414
  outer loop
   vertex 58.99222946166992 1.4072191715240479 26.569259643554688
   vertex 59.23606872558594 1.6488590240478516 26
   vertex 59.33076477050781 1.8594485521316528 26.569259643554688
  endloop
 endfacet
 facet normal 0.007305802147633838 -0.8386481357940467 0.5446245767353418
  outer loop
   vertex 56.24005889892578 0.6435595154762268 28.16256332397461
   vertex 56 0.7639320492744446 28.35114097595215
   vertex 56 0.5358983874320984 28
  endloop
 endfacet
 facet normal 0.07473384428962547 -0.7946881538851531 0.6023998593893439
  outer loop
   vertex 56.24005889892578 0.6435595154762268 28.16256332397461
   vertex 56.43021774291992 1.0077714920043945 28.619441986083984
   vertex 56 0.7639320492744446 28.35114097595215
  endloop
 endfacet
 facet normal 0.11495549610949897 -0.7995317734513313 0.5895202941002015
  outer loop
   vertex 56.24005889892578 0.6435595154762268 28.16256332397461
   vertex 56.71528625488281 0.711887001991272 28.16256332397461
   vertex 56.43021774291992 1.0077714920043945 28.619441986083984
  endloop
 endfacet
 facet normal 0.2454822428777983 -0.8360358342199056 0.490695987686788
  outer loop
   vertex 57.02509307861328 0.5088579654693604 27.661659240722656
   vertex 57.17595291137695 0.8471509218215942 28.16256332397461
   vertex 56.71528625488281 0.711887001991272 28.16256332397461
  endloop
 endfacet
 facet normal 0.3090938005413632 -0.8287075433853575 0.46658850179049843
  outer loop
   vertex 57.02509307861328 0.5088579654693604 27.661659240722656
   vertex 57.511497497558594 0.6902785301208496 27.661659240722656
   vertex 57.17595291137695 0.8471509218215942 28.16256332397461
  endloop
 endfacet
 facet normal 0.4464452949826744 -0.8176058626947469 0.36360315162964657
  outer loop
   vertex 57.8393440246582 0.6314927339553833 27.126930236816406
   vertex 57.96713638305664 0.9390754699707031 27.661659240722656
   vertex 57.511497497558594 0.6902785301208496 27.661659240722656
  endloop
 endfacet
 facet normal 0.5095380646976406 -0.7928567790647824 0.33428892969286583
  outer loop
   vertex 57.8393440246582 0.6314927339553833 27.126930236816406
   vertex 58.300010681152344 0.9275451898574829 27.126930236816406
   vertex 57.96713638305664 0.9390754699707031 27.661659240722656
  endloop
 endfacet
 facet normal 0.7048746286641475 -0.7048786021777211 0.07935939804183449
  outer loop
   vertex 58.59278106689453 1.0077714920043945 26.569259643554688
   vertex 58.67652130126953 1.0274206399917603 26
   vertex 58.97257995605469 1.3234776258468628 26
  endloop
 endfacet
 facet normal 0.627967812372653 -0.7754687698957088 0.06560955372764402
  outer loop
   vertex 58.59278106689453 1.0077714920043945 26.569259643554688
   vertex 58.35114288330078 0.7639320492744446 26
   vertex 58.67652130126953 1.0274206399917603 26
  endloop
 endfacet
 facet normal 0.6374842494983985 -0.7356959590746618 0.22883462902864415
  outer loop
   vertex 58.59278106689453 1.0077714920043945 26.569259643554688
   vertex 58.7138557434082 1.2861440181732178 27.126930236816406
   vertex 58.300010681152344 0.9275451898574829 27.126930236816406
  endloop
 endfacet
 facet normal 0.7048758916903332 -0.704877153849438 0.07936104393764973
  outer loop
   vertex 58.59278106689453 1.0077714920043945 26.569259643554688
   vertex 58.97257995605469 1.3234776258468628 26
   vertex 58.99222946166992 1.4072191715240479 26.569259643554688
  endloop
 endfacet
 facet normal 0.6934480568150079 -0.6934492985112966 0.1955961730036667
  outer loop
   vertex 58.59278106689453 1.0077714920043945 26.569259643554688
   vertex 58.99222946166992 1.4072191715240479 26.569259643554688
   vertex 58.7138557434082 1.2861440181732178 27.126930236816406
  endloop
 endfacet
 facet normal 0.060119564605135026 -0.8893944386558934 0.45317013409938756
  outer loop
   vertex 56.51781463623047 0.3985069990158081 27.661659240722656
   vertex 56 0.5358983874320984 28
   vertex 56 0.3458181619644165 27.6269474029541
  endloop
 endfacet
 facet normal 0.07079262585261126 -0.9312381510948051 0.35746875397777184
  outer loop
   vertex 56.51781463623047 0.3985069990158081 27.661659240722656
   vertex 56 0.3458181619644165 27.6269474029541
   vertex 56 0.1957739293575287 27.236068725585938
  endloop
 endfacet
 facet normal 0.07486439905620743 -0.8787325345944669 0.47140688836623607
  outer loop
   vertex 56.51781463623047 0.3985069990158081 27.661659240722656
   vertex 56.24005889892578 0.6435595154762268 28.16256332397461
   vertex 56 0.5358983874320984 28
  endloop
 endfacet
 facet normal 0.12400355843017911 -0.8624623296959909 0.49069526933934965
  outer loop
   vertex 56.51781463623047 0.3985069990158081 27.661659240722656
   vertex 56.71528625488281 0.711887001991272 28.16256332397461
   vertex 56.24005889892578 0.6435595154762268 28.16256332397461
  endloop
 endfacet
 facet normal 0.18800741331879967 -0.8642616449120574 0.46658870718340256
  outer loop
   vertex 56.51781463623047 0.3985069990158081 27.661659240722656
   vertex 57.02509307861328 0.5088579654693604 27.661659240722656
   vertex 56.71528625488281 0.711887001991272 28.16256332397461
  endloop
 endfacet
 facet normal 0.39151562004242363 -0.8573016774575816 0.3342893254221762
  outer loop
   vertex 57.34123229980469 0.4040132761001587 27.126930236816406
   vertex 57.8393440246582 0.6314927339553833 27.126930236816406
   vertex 57.511497497558594 0.6902785301208496 27.661659240722656
  endloop
 endfacet
 facet normal 0.3255466280437285 -0.8728190145224294 0.3636019263665325
  outer loop
   vertex 57.34123229980469 0.4040132761001587 27.126930236816406
   vertex 57.511497497558594 0.6902785301208496 27.661659240722656
   vertex 57.02509307861328 0.5088579654693604 27.661659240722656
  endloop
 endfacet
 facet normal 0.5435942491915188 -0.8370661176278438 0.061851491213696055
  outer loop
   vertex 58.14055252075195 0.6692368388175964 26.569259643554688
   vertex 58 0.5358983874320984 26
   vertex 58.35114288330078 0.7639320492744446 26
  endloop
 endfacet
 facet normal 0.5969437814641877 -0.7974221128595823 0.08818217333336503
  outer loop
   vertex 58.14055252075195 0.6692368388175964 26.569259643554688
   vertex 58.35114288330078 0.7639320492744446 26
   vertex 58.59278106689453 1.0077714920043945 26.569259643554688
  endloop
 endfacet
 facet normal 0.5262949663516628 -0.8189310294358457 0.22883526262367923
  outer loop
   vertex 58.14055252075195 0.6692368388175964 26.569259643554688
   vertex 58.300010681152344 0.9275451898574829 27.126930236816406
   vertex 57.8393440246582 0.6314927339553833 27.126930236816406
  endloop
 endfacet
 facet normal 0.5877030251672172 -0.785077929639051 0.195596008658056
  outer loop
   vertex 58.14055252075195 0.6692368388175964 26.569259643554688
   vertex 58.59278106689453 1.0077714920043945 26.569259643554688
   vertex 58.300010681152344 0.9275451898574829 27.126930236816406
  endloop
 endfacet
 facet normal 0.19801488923635535 -0.9102655627642671 0.3636024049510211
  outer loop
   vertex 56.815818786621094 0.24973778426647186 27.126930236816406
   vertex 57.02509307861328 0.5088579654693604 27.661659240722656
   vertex 56.51781463623047 0.3985069990158081 27.661659240722656
  endloop
 endfacet
 facet normal 0.26552504617785727 -0.9042942964715355 0.3342877132371117
  outer loop
   vertex 56.815818786621094 0.24973778426647186 27.126930236816406
   vertex 57.34123229980469 0.4040132761001587 27.126930236816406
   vertex 57.02509307861328 0.5088579654693604 27.661659240722656
  endloop
 endfacet
 facet normal 0.452935076765355 -0.888937658664169 0.06811501482219169
  outer loop
   vertex 57.644744873046875 0.3985069990158081 26.569259643554688
   vertex 57.62694549560547 0.3458181619644165 26
   vertex 58 0.5358983874320984 26
  endloop
 endfacet
 facet normal 0.35736028299414896 -0.9309510317266693 0.07499203067921262
  outer loop
   vertex 57.644744873046875 0.3985069990158081 26.569259643554688
   vertex 57.23606872558594 0.1957739293575287 26
   vertex 57.62694549560547 0.3458181619644165 26
  endloop
 endfacet
 facet normal 0.47743288853966415 -0.874358281219387 0.08692199378610833
  outer loop
   vertex 57.644744873046875 0.3985069990158081 26.569259643554688
   vertex 58 0.5358983874320984 26
   vertex 58.14055252075195 0.6692368388175964 26.569259643554688
  endloop
 endfacet
 facet normal 0.4043914222606672 -0.8854958190836965 0.22883341536429544
  outer loop
   vertex 57.644744873046875 0.3985069990158081 26.569259643554688
   vertex 57.8393440246582 0.6314927339553833 27.126930236816406
   vertex 57.34123229980469 0.4040132761001587 27.126930236816406
  endloop
 endfacet
 facet normal 0.4699900104017196 -0.8607275861159895 0.19559502197533932
  outer loop
   vertex 57.644744873046875 0.3985069990158081 26.569259643554688
   vertex 58.14055252075195 0.6692368388175964 26.569259643554688
   vertex 57.8393440246582 0.6314927339553833 27.126930236816406
  endloop
 endfacet
 facet normal 0.01861118806689825 -0.9657587775345585 0.25877327391694327
  outer loop
   vertex 56.27379608154297 0.17180681228637695 27.126930236816406
   vertex 56 0.1957739293575287 27.236068725585938
   vertex 56 0.0874096006155014 26.831645965576172
  endloop
 endfacet
 facet normal 0.1341273415795575 -0.9328776821423251 0.3342889265314723
  outer loop
   vertex 56.27379608154297 0.17180681228637695 27.126930236816406
   vertex 56.815818786621094 0.24973778426647186 27.126930236816406
   vertex 56.51781463623047 0.3985069990158081 27.661659240722656
  endloop
 endfacet
 facet normal 0.06402344982479458 -0.9289540512891994 0.36461674188922777
  outer loop
   vertex 56.27379608154297 0.17180681228637695 27.126930236816406
   vertex 56.51781463623047 0.3985069990158081 27.661659240722656
   vertex 56 0.1957739293575287 27.236068725585938
  endloop
 endfacet
 facet normal 0.2582919419581694 -0.9639624151936664 0.06373174102023771
  outer loop
   vertex 57.11545944213867 0.20109312236309052 26.569259643554688
   vertex 56.83164596557617 0.0874096006155014 26
   vertex 57.23606872558594 0.1957739293575287 26
  endloop
 endfacet
 facet normal 0.3482734331902135 -0.9337542896451898 0.08251389157656379
  outer loop
   vertex 57.11545944213867 0.20109312236309052 26.569259643554688
   vertex 57.23606872558594 0.1957739293575287 26
   vertex 57.644744873046875 0.3985069990158081 26.569259643554688
  endloop
 endfacet
 facet normal 0.27425714421410924 -0.9340330595904154 0.2288345743975081
  outer loop
   vertex 57.11545944213867 0.20109312236309052 26.569259643554688
   vertex 57.34123229980469 0.4040132761001587 27.126930236816406
   vertex 56.815818786621094 0.24973778426647186 27.126930236816406
  endloop
 endfacet
 facet normal 0.3427151084752627 -0.9188518909801975 0.1955953907046483
  outer loop
   vertex 57.11545944213867 0.20109312236309052 26.569259643554688
   vertex 57.644744873046875 0.3985069990158081 26.569259643554688
   vertex 57.34123229980469 0.4040132761001587 27.126930236816406
  endloop
 endfacet
 facet normal 0.061518875501886866 -0.9858175405787019 0.1561384150180299
  outer loop
   vertex 56.5634651184082 0.08101405203342438 26.569259643554688
   vertex 56 0.0874096006155014 26.831645965576172
   vertex 56 0.02191241830587387 26.418113708496094
  endloop
 endfacet
 facet normal 0.08214465210198957 -0.9932293351799905 0.08214465210198957
  outer loop
   vertex 56.5634651184082 0.08101405203342438 26.569259643554688
   vertex 56 0.02191241830587387 26.418113708496094
   vertex 56.418113708496094 0.02191241830587387 26
  endloop
 endfacet
 facet normal 0.15612909205515915 -0.9857586778041111 0.06247828221007796
  outer loop
   vertex 56.5634651184082 0.08101405203342438 26.569259643554688
   vertex 56.418113708496094 0.02191241830587387 26
   vertex 56.83164596557617 0.0874096006155014 26
  endloop
 endfacet
 facet normal 0.20845961168983904 -0.9582729285289991 0.1955954619682599
  outer loop
   vertex 56.5634651184082 0.08101405203342438 26.569259643554688
   vertex 57.11545944213867 0.20109312236309052 26.569259643554688
   vertex 56.815818786621094 0.24973778426647186 27.126930236816406
  endloop
 endfacet
 facet normal 0.21172544676533123 -0.9732857231730812 0.08881011349769252
  outer loop
   vertex 56.5634651184082 0.08101405203342438 26.569259643554688
   vertex 56.83164596557617 0.0874096006155014 26
   vertex 57.11545944213867 0.20109312236309052 26.569259643554688
  endloop
 endfacet
 facet normal 0.08297844583161681 -0.97586824768388 0.2019795551281437
  outer loop
   vertex 56.5634651184082 0.08101405203342438 26.569259643554688
   vertex 56.27379608154297 0.17180681228637695 27.126930236816406
   vertex 56 0.0874096006155014 26.831645965576172
  endloop
 endfacet
 facet normal 0.13853834073113636 -0.9635569054535237 0.22883447751659433
  outer loop
   vertex 56.5634651184082 0.08101405203342438 26.569259643554688
   vertex 56.815818786621094 0.24973778426647186 27.126930236816406
   vertex 56.27379608154297 0.17180681228637695 27.126930236816406
  endloop
 endfacet
 facet normal 1 0 0
  outer loop
   vertex 60 4 26
   vertex 60 4 4
   vertex 60 36 4
  endloop
 endfacet
 facet normal 1 0 0
  outer loop
   vertex 60 4 26
   vertex 60 36 4
   vertex 60 36 26
  endloop
 endfacet
 facet normal 0.9972648865701028 0.052262554134433065 -0.05226252433307392
  outer loop
   vertex 59.97808837890625 36.418113708496094 4
   vertex 60 36 4
   vertex 59.97808837890625 36 3.581886053085327
  endloop
 endfacet
 facet normal 0.052262554134433065 0.9972648865701028 -0.05226252433307392
  outer loop
   vertex 56 40 4
   vertex 56.418113708496094 39.97808837890625 4
   vertex 56 39.97808837890625 3.581886053085327
  endloop
 endfacet
 facet normal 0.15533212918182554 -0.1185190058712288 -0.9807268604923269
  outer loop
   vertex 56.56781005859375 36.040611267089844 0.04071423411369324
   vertex 56.83164596557617 36 0.0874096006155014
   vertex 56.418113708496094 36 0.02191241830587387
  endloop
 endfacet
 facet normal 0.052099326455784946 0.09498917914511226 -0.9941140357263805
  outer loop
   vertex 56.556251525878906 36.12100601196289 0.04071423411369324
   vertex 56.418113708496094 36 0.02191241830587387
   vertex 56 36 0
  endloop
 endfacet
 facet normal 0.11999314741112677 0.017251683827080148 -0.9926248153151835
  outer loop
   vertex 56.556251525878906 36.12100601196289 0.04071423411369324
   vertex 56.56781005859375 36.040611267089844 0.04071423411369324
   vertex 56.418113708496094 36 0.02191241830587387
  endloop
 endfacet
 facet normal 0.06862283572863336 0.020151176833720273 -0.9974391392404736
  outer loop
   vertex 56.53336715698242 36.198936462402344 0.04071423411369324
   vertex 56.556251525878906 36.12100601196289 0.04071423411369324
   vertex 56 36 0
  endloop
 endfacet
 facet normal 0.25880851952458794 -0.008605045956288023 -0.9658903164467388
  outer loop
   vertex 57.11545944213867 36.160377502441406 0.16202810406684875
   vertex 57.23606872558594 36 0.1957739293575287
   vertex 56.83164596557617 36 0.0874096006155014
  endloop
 endfacet
 facet normal 0.1904505703795122 0.11649224466156094 -0.9747605537647845
  outer loop
   vertex 57.11545944213867 36.160377502441406 0.16202810406684875
   vertex 56.83164596557617 36 0.0874096006155014
   vertex 56.56781005859375 36.040611267089844 0.04071423411369324
  endloop
 endfacet
 facet normal 0.20988130932548432 0.030175106394126572 -0.9772611211697331
  outer loop
   vertex 57.11545944213867 36.160377502441406 0.16202810406684875
   vertex 56.56781005859375 36.040611267089844 0.04071423411369324
   vertex 56.556251525878906 36.12100601196289 0.04071423411369324
  endloop
 endfacet
 facet normal 0.06505689591131715 0.029711790382382412 -0.9974391258651613
  outer loop
   vertex 56.49962615966797 36.2728157043457 0.04071423411369324
   vertex 56.53336715698242 36.198936462402344 0.04071423411369324
   vertex 56 36 0
  endloop
 endfacet
 facet normal 0.2087342395988019 0.045408958817230324 -0.9769176237934523
  outer loop
   vertex 57.08127975463867 36.3174934387207 0.16202810406684875
   vertex 57.11545944213867 36.160377502441406 0.16202810406684875
   vertex 56.556251525878906 36.12100601196289 0.04071423411369324
  endloop
 endfacet
 facet normal 0.20344916849789524 0.059743088835423834 -0.9772610701209364
  outer loop
   vertex 57.08127975463867 36.3174934387207 0.16202810406684875
   vertex 56.556251525878906 36.12100601196289 0.04071423411369324
   vertex 56.53336715698242 36.198936462402344 0.04071423411369324
  endloop
 endfacet
 facet normal 0.3490807428477762 0.0658292897637471 -0.9347775882968339
  outer loop
   vertex 57.65742492675781 36.1185417175293 0.3614720106124878
   vertex 57.23606872558594 36 0.1957739293575287
   vertex 57.11545944213867 36.160377502441406 0.16202810406684875
  endloop
 endfacet
 facet normal 0.3581957901314395 0.031123508656878247 -0.9331275921014224
  outer loop
   vertex 57.65742492675781 36.1185417175293 0.3614720106124878
   vertex 57.62694549560547 36 0.3458181619644165
   vertex 57.23606872558594 36 0.1957739293575287
  endloop
 endfacet
 facet normal 0.4539892818346413 0.0009308817084627569 -0.891006658470357
  outer loop
   vertex 57.65742492675781 36.1185417175293 0.3614720106124878
   vertex 58 36 0.5358983874320984
   vertex 57.62694549560547 36 0.3458181619644165
  endloop
 endfacet
 facet normal 0.06016747019878714 0.03866613161334518 -0.9974391238546528
  outer loop
   vertex 56.45571517944336 36.34114456176758 0.04071423411369324
   vertex 56.49962615966797 36.2728157043457 0.04071423411369324
   vertex 56 36 0
  endloop
 endfacet
 facet normal 0.1928751787716676 0.08808700140627872 -0.9772614008529383
  outer loop
   vertex 57.02509307861328 36.468143463134766 0.16202810406684875
   vertex 56.53336715698242 36.198936462402344 0.04071423411369324
   vertex 56.49962615966797 36.2728157043457 0.04071423411369324
  endloop
 endfacet
 facet normal 0.2001481491607227 0.0746475764455658 -0.9769178357048971
  outer loop
   vertex 57.02509307861328 36.468143463134766 0.16202810406684875
   vertex 57.08127975463867 36.3174934387207 0.16202810406684875
   vertex 56.53336715698242 36.198936462402344 0.04071423411369324
  endloop
 endfacet
 facet normal 0.3398731007569203 0.07393747985485725 -0.9375604110960472
  outer loop
   vertex 57.623687744140625 36.35321044921875 0.3614720106124878
   vertex 57.11545944213867 36.160377502441406 0.16202810406684875
   vertex 57.08127975463867 36.3174934387207 0.16202810406684875
  endloop
 endfacet
 facet normal 0.3483273046326248 0.05007732305169195 -0.936034374669727
  outer loop
   vertex 57.623687744140625 36.35321044921875 0.3614720106124878
   vertex 57.65742492675781 36.1185417175293 0.3614720106124878
   vertex 57.11545944213867 36.160377502441406 0.16202810406684875
  endloop
 endfacet
 facet normal 0.05405148976744121 0.046836114711791235 -0.9974391283745712
  outer loop
   vertex 56.40252685546875 36.40252685546875 0.04071423411369324
   vertex 56.45571517944336 36.34114456176758 0.04071423411369324
   vertex 56 36 0
  endloop
 endfacet
 facet normal 0.18748373178276243 0.10237765220694123 -0.9769179426366391
  outer loop
   vertex 56.94803237915039 36.6092643737793 0.16202810406684875
   vertex 57.02509307861328 36.468143463134766 0.16202810406684875
   vertex 56.49962615966797 36.2728157043457 0.04071423411369324
  endloop
 endfacet
 facet normal 0.17838004930942156 0.1146344767530567 -0.9772612213466373
  outer loop
   vertex 56.94803237915039 36.6092643737793 0.16202810406684875
   vertex 56.49962615966797 36.2728157043457 0.04071423411369324
   vertex 56.45571517944336 36.34114456176758 0.04071423411369324
  endloop
 endfacet
 facet normal 0.32589502177165797 0.12154633281866581 -0.9375600907476729
  outer loop
   vertex 57.55689239501953 36.580692291259766 0.3614720106124878
   vertex 57.08127975463867 36.3174934387207 0.16202810406684875
   vertex 57.02509307861328 36.468143463134766 0.16202810406684875
  endloop
 endfacet
 facet normal 0.33765229193011487 0.09914462850596668 -0.9360348670817525
  outer loop
   vertex 57.55689239501953 36.580692291259766 0.3614720106124878
   vertex 57.623687744140625 36.35321044921875 0.3614720106124878
   vertex 57.08127975463867 36.3174934387207 0.16202810406684875
  endloop
 endfacet
 facet normal 0.5445136621065585 0.021283340195289567 -0.8384818967690575
  outer loop
   vertex 58.14055252075195 36.30776596069336 0.6349858641624451
   vertex 58.35114288330078 36 0.7639320492744446
   vertex 58 36 0.5358983874320984
  endloop
 endfacet
 facet normal 0.47124790830223373 0.06791104165634569 -0.8793824533966547
  outer loop
   vertex 58.14055252075195 36.30776596069336 0.6349858641624451
   vertex 58 36 0.5358983874320984
   vertex 57.65742492675781 36.1185417175293 0.3614720106124878
  endloop
 endfacet
 facet normal 0.4712995439020661 0.06775644401173452 -0.8793667063362072
  outer loop
   vertex 58.14055252075195 36.30776596069336 0.6349858641624451
   vertex 57.65742492675781 36.1185417175293 0.3614720106124878
   vertex 57.623687744140625 36.35321044921875 0.3614720106124878
  endloop
 endfacet
 facet normal 0.046836114711791235 0.05405148976744121 -0.9974391283745712
  outer loop
   vertex 56.34114456176758 36.45571517944336 0.04071423411369324
   vertex 56.40252685546875 36.40252685546875 0.04071423411369324
   vertex 56 36 0
  endloop
 endfacet
 facet normal 0.16024750533358895 0.1388559422575496 -0.9772613592760789
  outer loop
   vertex 56.85167694091797 36.73798370361328 0.16202810406684875
   vertex 56.45571517944336 36.34114456176758 0.04071423411369324
   vertex 56.40252685546875 36.40252685546875 0.04071423411369324
  endloop
 endfacet
 facet normal 0.17100957814598597 0.1280126525320647 -0.9769178496547378
  outer loop
   vertex 56.85167694091797 36.73798370361328 0.16202810406684875
   vertex 56.94803237915039 36.6092643737793 0.16202810406684875
   vertex 56.45571517944336 36.34114456176758 0.04071423411369324
  endloop
 endfacet
 facet normal 0.30527502778894056 0.16669894675797126 -0.9375599279823369
  outer loop
   vertex 57.458404541015625 36.796348571777344 0.3614720106124878
   vertex 57.02509307861328 36.468143463134766 0.16202810406684875
   vertex 56.94803237915039 36.6092643737793 0.16202810406684875
  endloop
 endfacet
 facet normal 0.32010731643670354 0.14618949455650349 -0.9360341541017646
  outer loop
   vertex 57.458404541015625 36.796348571777344 0.3614720106124878
   vertex 57.55689239501953 36.580692291259766 0.3614720106124878
   vertex 57.02509307861328 36.468143463134766 0.16202810406684875
  endloop
 endfacet
 facet normal 0.45686024298183914 0.13414758363007065 -0.8793651938692979
  outer loop
   vertex 58.0749626159668 36.6092643737793 0.6349858641624451
   vertex 57.623687744140625 36.35321044921875 0.3614720106124878
   vertex 57.55689239501953 36.580692291259766 0.3614720106124878
  endloop
 endfacet
 facet normal 0.47229393221677385 0.10274586100682233 -0.8754323101400727
  outer loop
   vertex 58.0749626159668 36.6092643737793 0.6349858641624451
   vertex 58.14055252075195 36.30776596069336 0.6349858641624451
   vertex 57.623687744140625 36.35321044921875 0.3614720106124878
  endloop
 endfacet
 facet normal 0.03866613161334518 0.06016747019878714 -0.9974391238546528
  outer loop
   vertex 56.2728157043457 36.49962615966797 0.04071423411369324
   vertex 56.34114456176758 36.45571517944336 0.04071423411369324
   vertex 56 36 0
  endloop
 endfacet
 facet normal 0.6293158524837021 0.005016466170970028 -0.7771334459922998
  outer loop
   vertex 58.612770080566406 36.18687057495117 0.9770017266273499
   vertex 58.67652130126953 36 1.0274206399917603
   vertex 58.35114288330078 36 0.7639320492744446
  endloop
 endfacet
 facet normal 0.7062067316922839 0.05038334406153785 -0.706210712715178
  outer loop
   vertex 58.612770080566406 36.18687057495117 0.9770017266273499
   vertex 58.97257995605469 36 1.3234776258468628
   vertex 58.67652130126953 36 1.0274206399917603
  endloop
 endfacet
 facet normal 0.5973534807824205 0.07417364157397942 -0.7985406000278141
  outer loop
   vertex 58.612770080566406 36.18687057495117 0.9770017266273499
   vertex 58.35114288330078 36 0.7639320492744446
   vertex 58.14055252075195 36.30776596069336 0.6349858641624451
  endloop
 endfacet
 facet normal 0.15104849755561398 0.15104849755561398 -0.9769179611269226
  outer loop
   vertex 56.73798370361328 36.85167694091797 0.16202810406684875
   vertex 56.85167694091797 36.73798370361328 0.16202810406684875
   vertex 56.40252685546875 36.40252685546875 0.04071423411369324
  endloop
 endfacet
 facet normal 0.1388559422575496 0.16024750533358895 -0.9772613592760789
  outer loop
   vertex 56.73798370361328 36.85167694091797 0.16202810406684875
   vertex 56.40252685546875 36.40252685546875 0.04071423411369324
   vertex 56.34114456176758 36.45571517944336 0.04071423411369324
  endloop
 endfacet
 facet normal 0.29604364218067475 0.19025633885917015 -0.9360345546230144
  outer loop
   vertex 57.33022689819336 36.99579620361328 0.3614720106124878
   vertex 57.458404541015625 36.796348571777344 0.3614720106124878
   vertex 56.94803237915039 36.6092643737793 0.16202810406684875
  endloop
 endfacet
 facet normal 0.278450150243455 0.20843944951543814 -0.9375598699363674
  outer loop
   vertex 57.33022689819336 36.99579620361328 0.3614720106124878
   vertex 56.94803237915039 36.6092643737793 0.16202810406684875
   vertex 56.85167694091797 36.73798370361328 0.16202810406684875
  endloop
 endfacet
 facet normal 0.45286675376930746 0.1689085130572441 -0.8754322461203039
  outer loop
   vertex 57.96713638305664 36.89836120605469 0.6349858641624451
   vertex 58.0749626159668 36.6092643737793 0.6349858641624451
   vertex 57.55689239501953 36.580692291259766 0.3614720106124878
  endloop
 endfacet
 facet normal 0.4331174909585779 0.19779999967397033 -0.879365907432579
  outer loop
   vertex 57.96713638305664 36.89836120605469 0.6349858641624451
   vertex 57.55689239501953 36.580692291259766 0.3614720106124878
   vertex 57.458404541015625 36.796348571777344 0.3614720106124878
  endloop
 endfacet
 facet normal 0.029711790382382412 0.06505689591131715 -0.9974391258651613
  outer loop
   vertex 56.198936462402344 36.53336715698242 0.04071423411369324
   vertex 56.2728157043457 36.49962615966797 0.04071423411369324
   vertex 56 36 0
  endloop
 endfacet
 facet normal 0.5987684362884667 0.08609052134230566 -0.7962818482419868
  outer loop
   vertex 58.5595817565918 36.556800842285156 0.9770017266273499
   vertex 58.612770080566406 36.18687057495117 0.9770017266273499
   vertex 58.14055252075195 36.30776596069336 0.6349858641624451
  endloop
 endfacet
 facet normal 0.5810795311246928 0.12641178017812096 -0.8039693031080885
  outer loop
   vertex 58.5595817565918 36.556800842285156 0.9770017266273499
   vertex 58.14055252075195 36.30776596069336 0.6349858641624451
   vertex 58.0749626159668 36.6092643737793 0.6349858641624451
  endloop
 endfacet
 facet normal 0.1280126525320647 0.17100957814598597 -0.9769178496547378
  outer loop
   vertex 56.6092643737793 36.94803237915039 0.16202810406684875
   vertex 56.73798370361328 36.85167694091797 0.16202810406684875
   vertex 56.34114456176758 36.45571517944336 0.04071423411369324
  endloop
 endfacet
 facet normal 0.1146344767530567 0.17838004930942156 -0.9772612213466373
  outer loop
   vertex 56.6092643737793 36.94803237915039 0.16202810406684875
   vertex 56.34114456176758 36.45571517944336 0.04071423411369324
   vertex 56.2728157043457 36.49962615966797 0.04071423411369324
  endloop
 endfacet
 facet normal 0.24594827638385236 0.24594827638385236 -0.9375600731087179
  outer loop
   vertex 57.17497253417969 37.17497253417969 0.3614720106124878
   vertex 56.85167694091797 36.73798370361328 0.16202810406684875
   vertex 56.73798370361328 36.85167694091797 0.16202810406684875
  endloop
 endfacet
 facet normal 0.26595702724328235 0.2304489046577464 -0.9360342739461844
  outer loop
   vertex 57.17497253417969 37.17497253417969 0.3614720106124878
   vertex 57.33022689819336 36.99579620361328 0.3614720106124878
   vertex 56.85167694091797 36.73798370361328 0.16202810406684875
  endloop
 endfacet
 facet normal 0.42421721063865203 0.23164001004629753 -0.8754328437657068
  outer loop
   vertex 57.81926345825195 37.16917037963867 0.6349858641624451
   vertex 57.96713638305664 36.89836120605469 0.6349858641624451
   vertex 57.458404541015625 36.796348571777344 0.3614720106124878
  endloop
 endfacet
 facet normal 0.4005591432865599 0.25742459975464194 -0.8793662195983535
  outer loop
   vertex 57.81926345825195 37.16917037963867 0.6349858641624451
   vertex 57.458404541015625 36.796348571777344 0.3614720106124878
   vertex 57.33022689819336 36.99579620361328 0.3614720106124878
  endloop
 endfacet
 facet normal 0.09498917914511226 0.052099326455784946 -0.9941140357263805
  outer loop
   vertex 56.12100601196289 36.556251525878906 0.04071423411369324
   vertex 56 36 0
   vertex 56 36.418113708496094 0.02191241830587387
  endloop
 endfacet
 facet normal 0.020151176833720273 0.06862283572863336 -0.9974391392404736
  outer loop
   vertex 56.12100601196289 36.556251525878906 0.04071423411369324
   vertex 56.198936462402344 36.53336715698242 0.04071423411369324
   vertex 56 36 0
  endloop
 endfacet
 facet normal 0.5571787845131477 0.20781441608561896 -0.8039682646444722
  outer loop
   vertex 58.45428466796875 36.915401458740234 0.9770017266273499
   vertex 58.0749626159668 36.6092643737793 0.6349858641624451
   vertex 57.96713638305664 36.89836120605469 0.6349858641624451
  endloop
 endfacet
 facet normal 0.5804200548008648 0.1704306661631644 -0.796282580505276
  outer loop
   vertex 58.45428466796875 36.915401458740234 0.9770017266273499
   vertex 58.5595817565918 36.556800842285156 0.9770017266273499
   vertex 58.0749626159668 36.6092643737793 0.6349858641624451
  endloop
 endfacet
 facet normal 0.08808700140627872 0.1928751787716676 -0.9772614008529383
  outer loop
   vertex 56.468143463134766 37.02509307861328 0.16202810406684875
   vertex 56.2728157043457 36.49962615966797 0.04071423411369324
   vertex 56.198936462402344 36.53336715698242 0.04071423411369324
  endloop
 endfacet
 facet normal 0.10237765220694123 0.18748373178276243 -0.9769179426366391
  outer loop
   vertex 56.468143463134766 37.02509307861328 0.16202810406684875
   vertex 56.6092643737793 36.94803237915039 0.16202810406684875
   vertex 56.2728157043457 36.49962615966797 0.04071423411369324
  endloop
 endfacet
 facet normal 0.7762520826945358 0.04794544289014345 -0.628596801311034
  outer loop
   vertex 58.99222946166992 36.43021774291992 1.3805570602416992
   vertex 59.23606872558594 36 1.6488590240478516
   vertex 58.97257995605469 36 1.3234776258468628
  endloop
 endfacet
 facet normal 0.708578915996854 0.06090753674436516 -0.7029980026802759
  outer loop
   vertex 58.99222946166992 36.43021774291992 1.3805570602416992
   vertex 58.97257995605469 36 1.3234776258468628
   vertex 58.612770080566406 36.18687057495117 0.9770017266273499
  endloop
 endfacet
 facet normal 0.6941460935603533 0.09980385648375362 -0.7128817510820933
  outer loop
   vertex 58.99222946166992 36.43021774291992 1.3805570602416992
   vertex 58.612770080566406 36.18687057495117 0.9770017266273499
   vertex 58.5595817565918 36.556800842285156 0.9770017266273499
  endloop
 endfacet
 facet normal 0.20843944951543814 0.278450150243455 -0.9375598699363674
  outer loop
   vertex 56.99579620361328 37.33022689819336 0.3614720106124878
   vertex 56.73798370361328 36.85167694091797 0.16202810406684875
   vertex 56.6092643737793 36.94803237915039 0.16202810406684875
  endloop
 endfacet
 facet normal 0.2304489046577464 0.26595702724328235 -0.9360342739461844
  outer loop
   vertex 56.99579620361328 37.33022689819336 0.3614720106124878
   vertex 57.17497253417969 37.17497253417969 0.3614720106124878
   vertex 56.73798370361328 36.85167694091797 0.16202810406684875
  endloop
 endfacet
 facet normal 0.3598491983473209 0.31180546143363025 -0.8793667657291531
  outer loop
   vertex 57.63435745239258 37.41617965698242 0.6349858641624451
   vertex 57.33022689819336 36.99579620361328 0.3614720106124878
   vertex 57.17497253417969 37.17497253417969 0.3614720106124878
  endloop
 endfacet
 facet normal 0.3869345828709024 0.2896511783561647 -0.8754335060159657
  outer loop
   vertex 57.63435745239258 37.41617965698242 0.6349858641624451
   vertex 57.81926345825195 37.16917037963867 0.6349858641624451
   vertex 57.33022689819336 36.99579620361328 0.3614720106124878
  endloop
 endfacet
 facet normal -0.1185190058712288 0.15533212918182554 -0.9807268604923269
  outer loop
   vertex 56.040611267089844 36.56781005859375 0.04071423411369324
   vertex 56 36.418113708496094 0.02191241830587387
   vertex 56 36.83164596557617 0.0874096006155014
  endloop
 endfacet
 facet normal 0.017251683827080148 0.11999314741112677 -0.9926248153151835
  outer loop
   vertex 56.040611267089844 36.56781005859375 0.04071423411369324
   vertex 56.12100601196289 36.556251525878906 0.04071423411369324
   vertex 56 36.418113708496094 0.02191241830587387
  endloop
 endfacet
 facet normal 0.5219298500002341 0.2849951219930565 -0.8039695343225985
  outer loop
   vertex 58.29903030395508 37.255367279052734 0.9770017266273499
   vertex 57.96713638305664 36.89836120605469 0.6349858641624451
   vertex 57.81926345825195 37.16917037963867 0.6349858641624451
  endloop
 endfacet
 facet normal 0.550261541002816 0.2512914548616877 -0.7962818855196335
  outer loop
   vertex 58.29903030395508 37.255367279052734 0.9770017266273499
   vertex 58.45428466796875 36.915401458740234 0.9770017266273499
   vertex 57.96713638305664 36.89836120605469 0.6349858641624451
  endloop
 endfacet
 facet normal 0.059743088835423834 0.20344916849789524 -0.9772610701209364
  outer loop
   vertex 56.3174934387207 37.08127975463867 0.16202810406684875
   vertex 56.198936462402344 36.53336715698242 0.04071423411369324
   vertex 56.12100601196289 36.556251525878906 0.04071423411369324
  endloop
 endfacet
 facet normal 0.0746475764455658 0.2001481491607227 -0.9769178357048971
  outer loop
   vertex 56.3174934387207 37.08127975463867 0.16202810406684875
   vertex 56.468143463134766 37.02509307861328 0.16202810406684875
   vertex 56.198936462402344 36.53336715698242 0.04071423411369324
  endloop
 endfacet
 facet normal 0.6728743920557411 0.19757833991718124 -0.7128834772325613
  outer loop
   vertex 58.90054702758789 36.85167694091797 1.3805570602416992
   vertex 58.5595817565918 36.556800842285156 0.9770017266273499
   vertex 58.45428466796875 36.915401458740234 0.9770017266273499
  endloop
 endfacet
 facet normal 0.6975719187957734 0.15174681621912528 -0.7002616095966864
  outer loop
   vertex 58.90054702758789 36.85167694091797 1.3805570602416992
   vertex 58.99222946166992 36.43021774291992 1.3805570602416992
   vertex 58.5595817565918 36.556800842285156 0.9770017266273499
  endloop
 endfacet
 facet normal 0.16669894675797126 0.30527502778894056 -0.9375599279823369
  outer loop
   vertex 56.796348571777344 37.458404541015625 0.3614720106124878
   vertex 56.6092643737793 36.94803237915039 0.16202810406684875
   vertex 56.468143463134766 37.02509307861328 0.16202810406684875
  endloop
 endfacet
 facet normal 0.19025633885917015 0.29604364218067475 -0.9360345546230144
  outer loop
   vertex 56.796348571777344 37.458404541015625 0.3614720106124878
   vertex 56.99579620361328 37.33022689819336 0.3614720106124878
   vertex 56.6092643737793 36.94803237915039 0.16202810406684875
  endloop
 endfacet
 facet normal 0.8386509005533758 0.007300296518139498 -0.5446203931838755
  outer loop
   vertex 59.356441497802734 36.24005889892578 1.8374366760253906
   vertex 59.4640998840332 36 2
   vertex 59.23606872558594 36 1.6488590240478516
  endloop
 endfacet
 facet normal 0.7946885274970553 0.07473260162160122 -0.6023995206832666
  outer loop
   vertex 59.356441497802734 36.24005889892578 1.8374366760253906
   vertex 59.23606872558594 36 1.6488590240478516
   vertex 58.99222946166992 36.43021774291992 1.3805570602416992
  endloop
 endfacet
 facet normal 0.31180546143363025 0.3598491983473209 -0.8793667657291531
  outer loop
   vertex 57.41617965698242 37.63435745239258 0.6349858641624451
   vertex 57.17497253417969 37.17497253417969 0.3614720106124878
   vertex 56.99579620361328 37.33022689819336 0.3614720106124878
  endloop
 endfacet
 facet normal 0.34177248685043293 0.34177248685043293 -0.8754331125015443
  outer loop
   vertex 57.41617965698242 37.63435745239258 0.6349858641624451
   vertex 57.63435745239258 37.41617965698242 0.6349858641624451
   vertex 57.17497253417969 37.17497253417969 0.3614720106124878
  endloop
 endfacet
 facet normal 0.47606136723665005 0.35636963480193506 -0.8039690653351701
  outer loop
   vertex 58.09697341918945 37.56977462768555 0.9770017266273499
   vertex 57.81926345825195 37.16917037963867 0.6349858641624451
   vertex 57.63435745239258 37.41617965698242 0.6349858641624451
  endloop
 endfacet
 facet normal 0.5088951214443471 0.32704630905925963 -0.7962829064477389
  outer loop
   vertex 58.09697341918945 37.56977462768555 0.9770017266273499
   vertex 58.29903030395508 37.255367279052734 0.9770017266273499
   vertex 57.81926345825195 37.16917037963867 0.6349858641624451
  endloop
 endfacet
 facet normal -0.008605045956288023 0.25880851952458794 -0.9658903164467388
  outer loop
   vertex 56.160377502441406 37.11545944213867 0.16202810406684875
   vertex 56 36.83164596557617 0.0874096006155014
   vertex 56 37.23606872558594 0.1957739293575287
  endloop
 endfacet
 facet normal 0.11649224466156094 0.1904505703795122 -0.9747605537647845
  outer loop
   vertex 56.160377502441406 37.11545944213867 0.16202810406684875
   vertex 56.040611267089844 36.56781005859375 0.04071423411369324
   vertex 56 36.83164596557617 0.0874096006155014
  endloop
 endfacet
 facet normal 0.030175106394126572 0.20988130932548432 -0.9772611211697331
  outer loop
   vertex 56.160377502441406 37.11545944213867 0.16202810406684875
   vertex 56.12100601196289 36.556251525878906 0.04071423411369324
   vertex 56.040611267089844 36.56781005859375 0.04071423411369324
  endloop
 endfacet
 facet normal 0.045408958817230324 0.2087342395988019 -0.9769176237934523
  outer loop
   vertex 56.160377502441406 37.11545944213867 0.16202810406684875
   vertex 56.3174934387207 37.08127975463867 0.16202810406684875
   vertex 56.12100601196289 36.556251525878906 0.04071423411369324
  endloop
 endfacet
 facet normal 0.6688733494459986 0.24947792724668907 -0.7002636690687205
  outer loop
   vertex 58.74981689453125 37.25579833984375 1.3805570602416992
   vertex 58.90054702758789 36.85167694091797 1.3805570602416992
   vertex 58.45428466796875 36.915401458740234 0.9770017266273499
  endloop
 endfacet
 facet normal 0.6379117102916481 0.2913192178765685 -0.7128827134729591
  outer loop
   vertex 58.74981689453125 37.25579833984375 1.3805570602416992
   vertex 58.45428466796875 36.915401458740234 0.9770017266273499
   vertex 58.29903030395508 37.255367279052734 0.9770017266273499
  endloop
 endfacet
 facet normal 0.14618949455650349 0.32010731643670354 -0.9360341541017646
  outer loop
   vertex 56.580692291259766 37.55689239501953 0.3614720106124878
   vertex 56.796348571777344 37.458404541015625 0.3614720106124878
   vertex 56.468143463134766 37.02509307861328 0.16202810406684875
  endloop
 endfacet
 facet normal 0.12154633281866581 0.32589502177165797 -0.9375600907476729
  outer loop
   vertex 56.580692291259766 37.55689239501953 0.3614720106124878
   vertex 56.468143463134766 37.02509307861328 0.16202810406684875
   vertex 56.3174934387207 37.08127975463867 0.16202810406684875
  endloop
 endfacet
 facet normal 0.7995325447746786 0.11495791345184578 -0.5895187766143878
  outer loop
   vertex 59.28811264038086 36.71528625488281 1.8374366760253906
   vertex 59.356441497802734 36.24005889892578 1.8374366760253906
   vertex 58.99222946166992 36.43021774291992 1.3805570602416992
  endloop
 endfacet
 facet normal 0.7759271298955729 0.1687918742241811 -0.6078210199457623
  outer loop
   vertex 59.28811264038086 36.71528625488281 1.8374366760253906
   vertex 58.99222946166992 36.43021774291992 1.3805570602416992
   vertex 58.90054702758789 36.85167694091797 1.3805570602416992
  endloop
 endfacet
 facet normal 0.2896511783561647 0.3869345828709024 -0.8754335060159657
  outer loop
   vertex 57.16917037963867 37.81926345825195 0.6349858641624451
   vertex 57.41617965698242 37.63435745239258 0.6349858641624451
   vertex 56.99579620361328 37.33022689819336 0.3614720106124878
  endloop
 endfacet
 facet normal 0.25742459975464194 0.4005591432865599 -0.8793662195983535
  outer loop
   vertex 57.16917037963867 37.81926345825195 0.6349858641624451
   vertex 56.99579620361328 37.33022689819336 0.3614720106124878
   vertex 56.796348571777344 37.458404541015625 0.3614720106124878
  endloop
 endfacet
 facet normal 0.45717195837451163 0.3961440740833069 -0.7962811520089456
  outer loop
   vertex 57.85222625732422 37.85222625732422 0.9770017266273499
   vertex 58.09697341918945 37.56977462768555 0.9770017266273499
   vertex 57.63435745239258 37.41617965698242 0.6349858641624451
  endloop
 endfacet
 facet normal 0.42049733898641006 0.42049733898641006 -0.8039676459974595
  outer loop
   vertex 57.85222625732422 37.85222625732422 0.9770017266273499
   vertex 57.63435745239258 37.41617965698242 0.6349858641624451
   vertex 57.41617965698242 37.63435745239258 0.6349858641624451
  endloop
 endfacet
 facet normal 0.5899574729499044 0.3791418032905913 -0.7128826503065715
  outer loop
   vertex 58.54310989379883 37.63435745239258 1.3805570602416992
   vertex 58.29903030395508 37.255367279052734 0.9770017266273499
   vertex 58.09697341918945 37.56977462768555 0.9770017266273499
  endloop
 endfacet
 facet normal 0.6265643781569455 0.3421268675916282 -0.700261584335983
  outer loop
   vertex 58.54310989379883 37.63435745239258 1.3805570602416992
   vertex 58.74981689453125 37.25579833984375 1.3805570602416992
   vertex 58.29903030395508 37.255367279052734 0.9770017266273499
  endloop
 endfacet
 facet normal 0.07393747985485725 0.3398731007569203 -0.9375604110960472
  outer loop
   vertex 56.35321044921875 37.623687744140625 0.3614720106124878
   vertex 56.3174934387207 37.08127975463867 0.16202810406684875
   vertex 56.160377502441406 37.11545944213867 0.16202810406684875
  endloop
 endfacet
 facet normal 0.09914462850596668 0.33765229193011487 -0.9360348670817525
  outer loop
   vertex 56.35321044921875 37.623687744140625 0.3614720106124878
   vertex 56.580692291259766 37.55689239501953 0.3614720106124878
   vertex 56.3174934387207 37.08127975463867 0.16202810406684875
  endloop
 endfacet
 facet normal 0.7440078633523182 0.2775017718348482 -0.6078199288427769
  outer loop
   vertex 59.15284729003906 37.17595291137695 1.8374366760253906
   vertex 58.90054702758789 36.85167694091797 1.3805570602416992
   vertex 58.74981689453125 37.25579833984375 1.3805570602416992
  endloop
 endfacet
 facet normal 0.7750355974955551 0.22757336600057043 -0.5895169087497647
  outer loop
   vertex 59.15284729003906 37.17595291137695 1.8374366760253906
   vertex 59.28811264038086 36.71528625488281 1.8374366760253906
   vertex 58.90054702758789 36.85167694091797 1.3805570602416992
  endloop
 endfacet
 facet normal 0.19779999967397033 0.4331174909585779 -0.879365907432579
  outer loop
   vertex 56.89836120605469 37.96713638305664 0.6349858641624451
   vertex 56.796348571777344 37.458404541015625 0.3614720106124878
   vertex 56.580692291259766 37.55689239501953 0.3614720106124878
  endloop
 endfacet
 facet normal 0.23164001004629753 0.42421721063865203 -0.8754328437657068
  outer loop
   vertex 56.89836120605469 37.96713638305664 0.6349858641624451
   vertex 57.16917037963867 37.81926345825195 0.6349858641624451
   vertex 56.796348571777344 37.458404541015625 0.3614720106124878
  endloop
 endfacet
 facet normal 0.8893926607353155 0.06011746971850004 -0.4531739013500236
  outer loop
   vertex 59.60149383544922 36.51781463623047 2.3383400440216064
   vertex 59.65418243408203 36 2.3730533123016357
   vertex 59.4640998840332 36 2
  endloop
 endfacet
 facet normal 0.9312388275101936 0.07079137995501122 -0.35746723858488816
  outer loop
   vertex 59.60149383544922 36.51781463623047 2.3383400440216064
   vertex 59.80422592163086 36 2.7639319896698
   vertex 59.65418243408203 36 2.3730533123016357
  endloop
 endfacet
 facet normal 0.8624613135165017 0.12400590030107705 -0.4906964635881432
  outer loop
   vertex 59.60149383544922 36.51781463623047 2.3383400440216064
   vertex 59.356441497802734 36.24005889892578 1.8374366760253906
   vertex 59.28811264038086 36.71528625488281 1.8374366760253906
  endloop
 endfacet
 facet normal 0.8787345939813476 0.07485710102033936 -0.47140420847428455
  outer loop
   vertex 59.60149383544922 36.51781463623047 2.3383400440216064
   vertex 59.4640998840332 36 2
   vertex 59.356441497802734 36.24005889892578 1.8374366760253906
  endloop
 endfacet
 facet normal 0.3961440740833069 0.45717195837451163 -0.7962811520089456
  outer loop
   vertex 57.56977462768555 38.09697341918945 0.9770017266273499
   vertex 57.85222625732422 37.85222625732422 0.9770017266273499
   vertex 57.41617965698242 37.63435745239258 0.6349858641624451
  endloop
 endfacet
 facet normal 0.35636963480193506 0.47606136723665005 -0.8039690653351701
  outer loop
   vertex 57.56977462768555 38.09697341918945 0.9770017266273499
   vertex 57.41617965698242 37.63435745239258 0.6349858641624451
   vertex 57.16917037963867 37.81926345825195 0.6349858641624451
  endloop
 endfacet
 facet normal 0.571494591994224 0.4278175115609195 -0.7002614569738774
  outer loop
   vertex 58.284629821777344 37.979644775390625 1.3805570602416992
   vertex 58.54310989379883 37.63435745239258 1.3805570602416992
   vertex 58.09697341918945 37.56977462768555 0.9770017266273499
  endloop
 endfacet
 facet normal 0.529993607915941 0.4592447616962962 -0.7128821953329708
  outer loop
   vertex 58.284629821777344 37.979644775390625 1.3805570602416992
   vertex 58.09697341918945 37.56977462768555 0.9770017266273499
   vertex 57.85222625732422 37.85222625732422 0.9770017266273499
  endloop
 endfacet
 facet normal 0.031123508656878247 0.3581957901314395 -0.9331275921014224
  outer loop
   vertex 56.1185417175293 37.65742492675781 0.3614720106124878
   vertex 56 37.23606872558594 0.1957739293575287
   vertex 56 37.62694549560547 0.3458181619644165
  endloop
 endfacet
 facet normal 0.0009308817084627569 0.4539892818346413 -0.891006658470357
  outer loop
   vertex 56.1185417175293 37.65742492675781 0.3614720106124878
   vertex 56 37.62694549560547 0.3458181619644165
   vertex 56 38 0.5358983874320984
  endloop
 endfacet
 facet normal 0.05007732305169195 0.3483273046326248 -0.936034374669727
  outer loop
   vertex 56.1185417175293 37.65742492675781 0.3614720106124878
   vertex 56.35321044921875 37.623687744140625 0.3614720106124878
   vertex 56.160377502441406 37.11545944213867 0.16202810406684875
  endloop
 endfacet
 facet normal 0.0658292897637471 0.3490807428477762 -0.9347775882968339
  outer loop
   vertex 56.1185417175293 37.65742492675781 0.3614720106124878
   vertex 56.160377502441406 37.11545944213867 0.16202810406684875
   vertex 56 37.23606872558594 0.1957739293575287
  endloop
 endfacet
 facet normal 0.7347611467113722 0.33555065758405617 -0.5895182893501242
  outer loop
   vertex 58.95340347290039 37.61267852783203 1.8374366760253906
   vertex 59.15284729003906 37.17595291137695 1.8374366760253906
   vertex 58.74981689453125 37.25579833984375 1.3805570602416992
  endloop
 endfacet
 facet normal 0.696943232404925 0.3805562737116768 -0.6078215637369724
  outer loop
   vertex 58.95340347290039 37.61267852783203 1.8374366760253906
   vertex 58.74981689453125 37.25579833984375 1.3805570602416992
   vertex 58.54310989379883 37.63435745239258 1.3805570602416992
  endloop
 endfacet
 facet normal 0.1689085130572441 0.45286675376930746 -0.8754322461203039
  outer loop
   vertex 56.6092643737793 38.0749626159668 0.6349858641624451
   vertex 56.89836120605469 37.96713638305664 0.6349858641624451
   vertex 56.580692291259766 37.55689239501953 0.3614720106124878
  endloop
 endfacet
 facet normal 0.13414758363007065 0.45686024298183914 -0.8793651938692979
  outer loop
   vertex 56.6092643737793 38.0749626159668 0.6349858641624451
   vertex 56.580692291259766 37.55689239501953 0.3614720106124878
   vertex 56.35321044921875 37.623687744140625 0.3614720106124878
  endloop
 endfacet
 facet normal 0.8360339471145617 0.2454842849159517 -0.4906981813002263
  outer loop
   vertex 59.49114227294922 37.02509307861328 2.3383400440216064
   vertex 59.28811264038086 36.71528625488281 1.8374366760253906
   vertex 59.15284729003906 37.17595291137695 1.8374366760253906
  endloop
 endfacet
 facet normal 0.8642605432415562 0.1880081891629699 -0.46659043518215343
  outer loop
   vertex 59.49114227294922 37.02509307861328 2.3383400440216064
   vertex 59.60149383544922 36.51781463623047 2.3383400440216064
   vertex 59.28811264038086 36.71528625488281 1.8374366760253906
  endloop
 endfacet
 facet normal 0.32704630905925963 0.5088951214443471 -0.7962829064477389
  outer loop
   vertex 57.255367279052734 38.29903030395508 0.9770017266273499
   vertex 57.56977462768555 38.09697341918945 0.9770017266273499
   vertex 57.16917037963867 37.81926345825195 0.6349858641624451
  endloop
 endfacet
 facet normal 0.2849951219930565 0.5219298500002341 -0.8039695343225985
  outer loop
   vertex 57.255367279052734 38.29903030395508 0.9770017266273499
   vertex 57.16917037963867 37.81926345825195 0.6349858641624451
   vertex 56.89836120605469 37.96713638305664 0.6349858641624451
  endloop
 endfacet
 facet normal 0.9657587312673944 0.01860845570997953 -0.25877364308770323
  outer loop
   vertex 59.82819366455078 36.27379608154297 2.8730697631835938
   vertex 59.91259002685547 36 3.168353319168091
   vertex 59.80422592163086 36 2.7639319896698
  endloop
 endfacet
 facet normal 0.9289541438665802 0.06402047965214236 -0.36461702754838354
  outer loop
   vertex 59.82819366455078 36.27379608154297 2.8730697631835938
   vertex 59.80422592163086 36 2.7639319896698
   vertex 59.60149383544922 36.51781463623047 2.3383400440216064
  endloop
 endfacet
 facet normal 0.4592447616962962 0.529993607915941 -0.7128821953329708
  outer loop
   vertex 57.979644775390625 38.284629821777344 1.3805570602416992
   vertex 57.85222625732422 37.85222625732422 0.9770017266273499
   vertex 57.56977462768555 38.09697341918945 0.9770017266273499
  endloop
 endfacet
 facet normal 0.5047934714002492 0.5047934714002492 -0.7002621669513294
  outer loop
   vertex 57.979644775390625 38.284629821777344 1.3805570602416992
   vertex 58.284629821777344 37.979644775390625 1.3805570602416992
   vertex 57.85222625732422 37.85222625732422 0.9770017266273499
  endloop
 endfacet
 facet normal 0.6795273039291304 0.43670603887285303 -0.5895171573642191
  outer loop
   vertex 58.69383239746094 38.016578674316406 1.8374366760253906
   vertex 58.95340347290039 37.61267852783203 1.8374366760253906
   vertex 58.54310989379883 37.63435745239258 1.3805570602416992
  endloop
 endfacet
 facet normal 0.6356880103817381 0.47587232939795826 -0.6078209272230335
  outer loop
   vertex 58.69383239746094 38.016578674316406 1.8374366760253906
   vertex 58.54310989379883 37.63435745239258 1.3805570602416992
   vertex 58.284629821777344 37.979644775390625 1.3805570602416992
  endloop
 endfacet
 facet normal 0.021283340195289567 0.5445136621065585 -0.8384818967690575
  outer loop
   vertex 56.30776596069336 38.14055252075195 0.6349858641624451
   vertex 56 38 0.5358983874320984
   vertex 56 38.35114288330078 0.7639320492744446
  endloop
 endfacet
 facet normal 0.06791104165634569 0.47124790830223373 -0.8793824533966547
  outer loop
   vertex 56.30776596069336 38.14055252075195 0.6349858641624451
   vertex 56.1185417175293 37.65742492675781 0.3614720106124878
   vertex 56 38 0.5358983874320984
  endloop
 endfacet
 facet normal 0.06775644401173452 0.4712995439020661 -0.8793667063362072
  outer loop
   vertex 56.30776596069336 38.14055252075195 0.6349858641624451
   vertex 56.35321044921875 37.623687744140625 0.3614720106124878
   vertex 56.1185417175293 37.65742492675781 0.3614720106124878
  endloop
 endfacet
 facet normal 0.10274586100682233 0.47229393221677385 -0.8754323101400727
  outer loop
   vertex 56.30776596069336 38.14055252075195 0.6349858641624451
   vertex 56.6092643737793 38.0749626159668 0.6349858641624451
   vertex 56.35321044921875 37.623687744140625 0.3614720106124878
  endloop
 endfacet
 facet normal 0.7925910457292692 0.3619604109172676 -0.4906975597640428
  outer loop
   vertex 59.309722900390625 37.511497497558594 2.3383400440216064
   vertex 59.15284729003906 37.17595291137695 1.8374366760253906
   vertex 58.95340347290039 37.61267852783203 1.8374366760253906
  endloop
 endfacet
 facet normal 0.8287062730729274 0.3090912957210707 -0.46659241729698964
  outer loop
   vertex 59.309722900390625 37.511497497558594 2.3383400440216064
   vertex 59.49114227294922 37.02509307861328 2.3383400440216064
   vertex 59.15284729003906 37.17595291137695 1.8374366760253906
  endloop
 endfacet
 facet normal 0.20781441608561896 0.5571787845131477 -0.8039682646444722
  outer loop
   vertex 56.915401458740234 38.45428466796875 0.9770017266273499
   vertex 56.89836120605469 37.96713638305664 0.6349858641624451
   vertex 56.6092643737793 38.0749626159668 0.6349858641624451
  endloop
 endfacet
 facet normal 0.2512914548616877 0.550261541002816 -0.7962818855196335
  outer loop
   vertex 56.915401458740234 38.45428466796875 0.9770017266273499
   vertex 57.255367279052734 38.29903030395508 0.9770017266273499
   vertex 56.89836120605469 37.96713638305664 0.6349858641624451
  endloop
 endfacet
 facet normal 0.9328780007250693 0.1341264897585471 -0.3342883792599558
  outer loop
   vertex 59.75026321411133 36.815818786621094 2.8730697631835938
   vertex 59.82819366455078 36.27379608154297 2.8730697631835938
   vertex 59.60149383544922 36.51781463623047 2.3383400440216064
  endloop
 endfacet
 facet normal 0.9102652413209492 0.1980158888624787 -0.3636026652830213
  outer loop
   vertex 59.75026321411133 36.815818786621094 2.8730697631835938
   vertex 59.60149383544922 36.51781463623047 2.3383400440216064
   vertex 59.49114227294922 37.02509307861328 2.3383400440216064
  endloop
 endfacet
 facet normal 0.3791418032905913 0.5899574729499044 -0.7128826503065715
  outer loop
   vertex 57.63435745239258 38.54310989379883 1.3805570602416992
   vertex 57.56977462768555 38.09697341918945 0.9770017266273499
   vertex 57.255367279052734 38.29903030395508 0.9770017266273499
  endloop
 endfacet
 facet normal 0.4278175115609195 0.571494591994224 -0.7002614569738774
  outer loop
   vertex 57.63435745239258 38.54310989379883 1.3805570602416992
   vertex 57.979644775390625 38.284629821777344 1.3805570602416992
   vertex 57.56977462768555 38.09697341918945 0.9770017266273499
  endloop
 endfacet
 facet normal 0.5614946192667984 0.5614946192667984 -0.6078220011392036
  outer loop
   vertex 58.379425048828125 38.379425048828125 1.8374366760253906
   vertex 58.284629821777344 37.979644775390625 1.3805570602416992
   vertex 57.979644775390625 38.284629821777344 1.3805570602416992
  endloop
 endfacet
 facet normal 0.610461052557595 0.5289661257784749 -0.5895185672132673
  outer loop
   vertex 58.379425048828125 38.379425048828125 1.8374366760253906
   vertex 58.69383239746094 38.016578674316406 1.8374366760253906
   vertex 58.284629821777344 37.979644775390625 1.3805570602416992
  endloop
 endfacet
 facet normal 0.7330101351643515 0.4710773956106753 -0.49069565831684564
  outer loop
   vertex 59.0609245300293 37.96713638305664 2.3383400440216064
   vertex 58.95340347290039 37.61267852783203 1.8374366760253906
   vertex 58.69383239746094 38.016578674316406 1.8374366760253906
  endloop
 endfacet
 facet normal 0.7762839561168304 0.4238843289426404 -0.46658900024802363
  outer loop
   vertex 59.0609245300293 37.96713638305664 2.3383400440216064
   vertex 59.309722900390625 37.511497497558594 2.3383400440216064
   vertex 58.95340347290039 37.61267852783203 1.8374366760253906
  endloop
 endfacet
 facet normal 0.1704306661631644 0.5804200548008648 -0.796282580505276
  outer loop
   vertex 56.556800842285156 38.5595817565918 0.9770017266273499
   vertex 56.915401458740234 38.45428466796875 0.9770017266273499
   vertex 56.6092643737793 38.0749626159668 0.6349858641624451
  endloop
 endfacet
 facet normal 0.12641178017812096 0.5810795311246928 -0.8039693031080885
  outer loop
   vertex 56.556800842285156 38.5595817565918 0.9770017266273499
   vertex 56.6092643737793 38.0749626159668 0.6349858641624451
   vertex 56.30776596069336 38.14055252075195 0.6349858641624451
  endloop
 endfacet
 facet normal 0.9042935589273482 0.2655288048245077 -0.3342867228757059
  outer loop
   vertex 59.595985412597656 37.34123229980469 2.8730697631835938
   vertex 59.75026321411133 36.815818786621094 2.8730697631835938
   vertex 59.49114227294922 37.02509307861328 2.3383400440216064
  endloop
 endfacet
 facet normal 0.8728209808189724 0.32554522230596267 -0.36359846489770586
  outer loop
   vertex 59.595985412597656 37.34123229980469 2.8730697631835938
   vertex 59.49114227294922 37.02509307861328 2.3383400440216064
   vertex 59.309722900390625 37.511497497558594 2.3383400440216064
  endloop
 endfacet
 facet normal 0.2913192178765685 0.6379117102916481 -0.7128827134729591
  outer loop
   vertex 57.25579833984375 38.74981689453125 1.3805570602416992
   vertex 57.255367279052734 38.29903030395508 0.9770017266273499
   vertex 56.915401458740234 38.45428466796875 0.9770017266273499
  endloop
 endfacet
 facet normal 0.3421268675916282 0.6265643781569455 -0.700261584335983
  outer loop
   vertex 57.25579833984375 38.74981689453125 1.3805570602416992
   vertex 57.63435745239258 38.54310989379883 1.3805570602416992
   vertex 57.255367279052734 38.29903030395508 0.9770017266273499
  endloop
 endfacet
 facet normal 0.9858172296141123 0.061517363016684284 -0.15614097426181933
  outer loop
   vertex 59.91898727416992 36.5634651184082 3.4307405948638916
   vertex 59.97808837890625 36 3.581886053085327
   vertex 59.91259002685547 36 3.168353319168091
  endloop
 endfacet
 facet normal 0.9857583473070338 0.15613182808230036 -0.062476659435221266
  outer loop
   vertex 59.91898727416992 36.5634651184082 3.4307405948638916
   vertex 59.91259002685547 36.83164596557617 4
   vertex 59.97808837890625 36.418113708496094 4
  endloop
 endfacet
 facet normal 0.9758684429494962 0.08297589255559693 -0.20197966063425282
  outer loop
   vertex 59.91898727416992 36.5634651184082 3.4307405948638916
   vertex 59.91259002685547 36 3.168353319168091
   vertex 59.82819366455078 36.27379608154297 2.8730697631835938
  endloop
 endfacet
 facet normal 0.9932294484144881 0.08214399094753011 -0.08214394410706055
  outer loop
   vertex 59.91898727416992 36.5634651184082 3.4307405948638916
   vertex 59.97808837890625 36.418113708496094 4
   vertex 59.97808837890625 36 3.581886053085327
  endloop
 endfacet
 facet normal 0.9635568333869473 0.13853740322379052 -0.22883534853979057
  outer loop
   vertex 59.91898727416992 36.5634651184082 3.4307405948638916
   vertex 59.82819366455078 36.27379608154297 2.8730697631835938
   vertex 59.75026321411133 36.815818786621094 2.8730697631835938
  endloop
 endfacet
 facet normal 0.5289661257784749 0.610461052557595 -0.5895185672132673
  outer loop
   vertex 58.016578674316406 38.69383239746094 1.8374366760253906
   vertex 58.379425048828125 38.379425048828125 1.8374366760253906
   vertex 57.979644775390625 38.284629821777344 1.3805570602416992
  endloop
 endfacet
 facet normal 0.47587232939795826 0.6356880103817381 -0.6078209272230335
  outer loop
   vertex 58.016578674316406 38.69383239746094 1.8374366760253906
   vertex 57.979644775390625 38.284629821777344 1.3805570602416992
   vertex 57.63435745239258 38.54310989379883 1.3805570602416992
  endloop
 endfacet
 facet normal 0.7080586465017227 0.530044728215595 -0.466589261776356
  outer loop
   vertex 58.74981689453125 38.382728576660156 2.3383400440216064
   vertex 59.0609245300293 37.96713638305664 2.3383400440216064
   vertex 58.69383239746094 38.016578674316406 1.8374366760253906
  endloop
 endfacet
 facet normal 0.6585086870388295 0.570599528856161 -0.49069592087516306
  outer loop
   vertex 58.74981689453125 38.382728576660156 2.3383400440216064
   vertex 58.69383239746094 38.016578674316406 1.8374366760253906
   vertex 58.379425048828125 38.379425048828125 1.8374366760253906
  endloop
 endfacet
 facet normal 0.005016466170970028 0.6293158524837021 -0.7771334459922998
  outer loop
   vertex 56.18687057495117 38.612770080566406 0.9770017266273499
   vertex 56 38.35114288330078 0.7639320492744446
   vertex 56 38.67652130126953 1.0274206399917603
  endloop
 endfacet
 facet normal 0.05038334406153785 0.7062067316922839 -0.706210712715178
  outer loop
   vertex 56.18687057495117 38.612770080566406 0.9770017266273499
   vertex 56 38.67652130126953 1.0274206399917603
   vertex 56 38.97257995605469 1.3234776258468628
  endloop
 endfacet
 facet normal 0.07417364157397942 0.5973534807824205 -0.7985406000278141
  outer loop
   vertex 56.18687057495117 38.612770080566406 0.9770017266273499
   vertex 56.30776596069336 38.14055252075195 0.6349858641624451
   vertex 56 38.35114288330078 0.7639320492744446
  endloop
 endfacet
 facet normal 0.08609052134230566 0.5987684362884667 -0.7962818482419868
  outer loop
   vertex 56.18687057495117 38.612770080566406 0.9770017266273499
   vertex 56.556800842285156 38.5595817565918 0.9770017266273499
   vertex 56.30776596069336 38.14055252075195 0.6349858641624451
  endloop
 endfacet
 facet normal 0.8573036670893018 0.391514066611036 -0.3342860422466434
  outer loop
   vertex 59.368507385253906 37.8393440246582 2.8730697631835938
   vertex 59.595985412597656 37.34123229980469 2.8730697631835938
   vertex 59.309722900390625 37.511497497558594 2.3383400440216064
  endloop
 endfacet
 facet normal 0.8176051984909882 0.4464474992321086 -0.36360193870482627
  outer loop
   vertex 59.368507385253906 37.8393440246582 2.8730697631835938
   vertex 59.309722900390625 37.511497497558594 2.3383400440216064
   vertex 59.0609245300293 37.96713638305664 2.3383400440216064
  endloop
 endfacet
 facet normal 0.24947792724668907 0.6688733494459986 -0.7002636690687205
  outer loop
   vertex 56.85167694091797 38.90054702758789 1.3805570602416992
   vertex 57.25579833984375 38.74981689453125 1.3805570602416992
   vertex 56.915401458740234 38.45428466796875 0.9770017266273499
  endloop
 endfacet
 facet normal 0.19757833991718124 0.6728743920557411 -0.7128834772325613
  outer loop
   vertex 56.85167694091797 38.90054702758789 1.3805570602416992
   vertex 56.915401458740234 38.45428466796875 0.9770017266273499
   vertex 56.556800842285156 38.5595817565918 0.9770017266273499
  endloop
 endfacet
 facet normal 0.9582728445644781 0.20845954168705785 -0.1955959479384102
  outer loop
   vertex 59.79890823364258 37.11545944213867 3.4307405948638916
   vertex 59.91898727416992 36.5634651184082 3.4307405948638916
   vertex 59.75026321411133 36.815818786621094 2.8730697631835938
  endloop
 endfacet
 facet normal 0.9639627097045004 0.2582914881063956 -0.06372912576633301
  outer loop
   vertex 59.79890823364258 37.11545944213867 3.4307405948638916
   vertex 59.80422592163086 37.23606872558594 4
   vertex 59.91259002685547 36.83164596557617 4
  endloop
 endfacet
 facet normal 0.9340314291269317 0.2742607714012553 -0.22883688224036322
  outer loop
   vertex 59.79890823364258 37.11545944213867 3.4307405948638916
   vertex 59.75026321411133 36.815818786621094 2.8730697631835938
   vertex 59.595985412597656 37.34123229980469 2.8730697631835938
  endloop
 endfacet
 facet normal 0.9732859839709932 0.21172545095049775 -0.08880724534306812
  outer loop
   vertex 59.79890823364258 37.11545944213867 3.4307405948638916
   vertex 59.91259002685547 36.83164596557617 4
   vertex 59.91898727416992 36.5634651184082 3.4307405948638916
  endloop
 endfacet
 facet normal 0.3805562737116768 0.696943232404925 -0.6078215637369724
  outer loop
   vertex 57.61267852783203 38.95340347290039 1.8374366760253906
   vertex 57.63435745239258 38.54310989379883 1.3805570602416992
   vertex 57.25579833984375 38.74981689453125 1.3805570602416992
  endloop
 endfacet
 facet normal 0.43670603887285303 0.6795273039291304 -0.5895171573642191
  outer loop
   vertex 57.61267852783203 38.95340347290039 1.8374366760253906
   vertex 58.016578674316406 38.69383239746094 1.8374366760253906
   vertex 57.63435745239258 38.54310989379883 1.3805570602416992
  endloop
 endfacet
 facet normal 0.6254179082827391 0.6254179082827391 -0.46658855536595223
  outer loop
   vertex 58.382728576660156 38.74981689453125 2.3383400440216064
   vertex 58.74981689453125 38.382728576660156 2.3383400440216064
   vertex 58.379425048828125 38.379425048828125 1.8374366760253906
  endloop
 endfacet
 facet normal 0.570599528856161 0.6585086870388295 -0.49069592087516306
  outer loop
   vertex 58.382728576660156 38.74981689453125 2.3383400440216064
   vertex 58.379425048828125 38.379425048828125 1.8374366760253906
   vertex 58.016578674316406 38.69383239746094 1.8374366760253906
  endloop
 endfacet
 facet normal 0.7928576894297291 0.5095361876869388 -0.33428963153171815
  outer loop
   vertex 59.07245635986328 38.300010681152344 2.8730697631835938
   vertex 59.368507385253906 37.8393440246582 2.8730697631835938
   vertex 59.0609245300293 37.96713638305664 2.3383400440216064
  endloop
 endfacet
 facet normal 0.7457478422386433 0.5582584356672867 -0.3636037332078997
  outer loop
   vertex 59.07245635986328 38.300010681152344 2.8730697631835938
   vertex 59.0609245300293 37.96713638305664 2.3383400440216064
   vertex 58.74981689453125 38.382728576660156 2.3383400440216064
  endloop
 endfacet
 facet normal 0.06090753674436516 0.708578915996854 -0.7029980026802759
  outer loop
   vertex 56.43021774291992 38.99222946166992 1.3805570602416992
   vertex 56.18687057495117 38.612770080566406 0.9770017266273499
   vertex 56 38.97257995605469 1.3234776258468628
  endloop
 endfacet
 facet normal 0.09980385648375362 0.6941460935603533 -0.7128817510820933
  outer loop
   vertex 56.43021774291992 38.99222946166992 1.3805570602416992
   vertex 56.556800842285156 38.5595817565918 0.9770017266273499
   vertex 56.18687057495117 38.612770080566406 0.9770017266273499
  endloop
 endfacet
 facet normal 0.15174681621912528 0.6975719187957734 -0.7002616095966864
  outer loop
   vertex 56.43021774291992 38.99222946166992 1.3805570602416992
   vertex 56.85167694091797 38.90054702758789 1.3805570602416992
   vertex 56.556800842285156 38.5595817565918 0.9770017266273499
  endloop
 endfacet
 facet normal 0.04794544289014345 0.7762520826945358 -0.628596801311034
  outer loop
   vertex 56.43021774291992 38.99222946166992 1.3805570602416992
   vertex 56 38.97257995605469 1.3234776258468628
   vertex 56 39.23606872558594 1.6488590240478516
  endloop
 endfacet
 facet normal 0.9188508969142759 0.34271564311245983 -0.19559912373485694
  outer loop
   vertex 59.60149383544922 37.644744873046875 3.4307405948638916
   vertex 59.79890823364258 37.11545944213867 3.4307405948638916
   vertex 59.595985412597656 37.34123229980469 2.8730697631835938
  endloop
 endfacet
 facet normal 0.9309516432309752 0.35735874322413236 -0.07499177692797925
  outer loop
   vertex 59.60149383544922 37.644744873046875 3.4307405948638916
   vertex 59.65418243408203 37.62694549560547 4
   vertex 59.80422592163086 37.23606872558594 4
  endloop
 endfacet
 facet normal 0.8889354597245613 0.45293949549681134 -0.06811432935423047
  outer loop
   vertex 59.60149383544922 37.644744873046875 3.4307405948638916
   vertex 59.4640998840332 38 4
   vertex 59.65418243408203 37.62694549560547 4
  endloop
 endfacet
 facet normal 0.9337541629505453 0.3482743060263762 -0.0825116412051798
  outer loop
   vertex 59.60149383544922 37.644744873046875 3.4307405948638916
   vertex 59.80422592163086 37.23606872558594 4
   vertex 59.79890823364258 37.11545944213867 3.4307405948638916
  endloop
 endfacet
 facet normal 0.8854963395844486 0.4043891169356 -0.22883547514882566
  outer loop
   vertex 59.60149383544922 37.644744873046875 3.4307405948638916
   vertex 59.595985412597656 37.34123229980469 2.8730697631835938
   vertex 59.368507385253906 37.8393440246582 2.8730697631835938
  endloop
 endfacet
 facet normal 0.33555065758405617 0.7347611467113722 -0.5895182893501242
  outer loop
   vertex 57.17595291137695 39.15284729003906 1.8374366760253906
   vertex 57.61267852783203 38.95340347290039 1.8374366760253906
   vertex 57.25579833984375 38.74981689453125 1.3805570602416992
  endloop
 endfacet
 facet normal 0.2775017718348482 0.7440078633523182 -0.6078199288427769
  outer loop
   vertex 57.17595291137695 39.15284729003906 1.8374366760253906
   vertex 57.25579833984375 38.74981689453125 1.3805570602416992
   vertex 56.85167694091797 38.90054702758789 1.3805570602416992
  endloop
 endfacet
 facet normal 0.530044728215595 0.7080586465017227 -0.466589261776356
  outer loop
   vertex 57.96713638305664 39.0609245300293 2.3383400440216064
   vertex 58.382728576660156 38.74981689453125 2.3383400440216064
   vertex 58.016578674316406 38.69383239746094 1.8374366760253906
  endloop
 endfacet
 facet normal 0.4710773956106753 0.7330101351643515 -0.49069565831684564
  outer loop
   vertex 57.96713638305664 39.0609245300293 2.3383400440216064
   vertex 58.016578674316406 38.69383239746094 1.8374366760253906
   vertex 57.61267852783203 38.95340347290039 1.8374366760253906
  endloop
 endfacet
 facet normal 0.7122703623818634 0.6171889296939455 -0.3342884322492344
  outer loop
   vertex 58.7138557434082 38.7138557434082 2.8730697631835938
   vertex 59.07245635986328 38.300010681152344 2.8730697631835938
   vertex 58.74981689453125 38.382728576660156 2.3383400440216064
  endloop
 endfacet
 facet normal 0.6587086307770401 0.6587086307770401 -0.36360126440879453
  outer loop
   vertex 58.7138557434082 38.7138557434082 2.8730697631835938
   vertex 58.74981689453125 38.382728576660156 2.3383400440216064
   vertex 58.382728576660156 38.74981689453125 2.3383400440216064
  endloop
 endfacet
 facet normal 0.8607278794781591 0.46998882542193343 -0.19559657836358718
  outer loop
   vertex 59.33076477050781 38.14055252075195 3.4307405948638916
   vertex 59.60149383544922 37.644744873046875 3.4307405948638916
   vertex 59.368507385253906 37.8393440246582 2.8730697631835938
  endloop
 endfacet
 facet normal 0.8189319911437751 0.5262930413683731 -0.22883624819621529
  outer loop
   vertex 59.33076477050781 38.14055252075195 3.4307405948638916
   vertex 59.368507385253906 37.8393440246582 2.8730697631835938
   vertex 59.07245635986328 38.300010681152344 2.8730697631835938
  endloop
 endfacet
 facet normal 0.8370690095475879 0.543590159519024 -0.061848296088916996
  outer loop
   vertex 59.33076477050781 38.14055252075195 3.4307405948638916
   vertex 59.23606872558594 38.35114288330078 4
   vertex 59.4640998840332 38 4
  endloop
 endfacet
 facet normal 0.8743592128730439 0.4774320307879323 -0.08691733337914784
  outer loop
   vertex 59.33076477050781 38.14055252075195 3.4307405948638916
   vertex 59.4640998840332 38 4
   vertex 59.60149383544922 37.644744873046875 3.4307405948638916
  endloop
 endfacet
 facet normal 0.1687918742241811 0.7759271298955729 -0.6078210199457623
  outer loop
   vertex 56.71528625488281 39.28811264038086 1.8374366760253906
   vertex 56.85167694091797 38.90054702758789 1.3805570602416992
   vertex 56.43021774291992 38.99222946166992 1.3805570602416992
  endloop
 endfacet
 facet normal 0.22757336600057043 0.7750355974955551 -0.5895169087497647
  outer loop
   vertex 56.71528625488281 39.28811264038086 1.8374366760253906
   vertex 57.17595291137695 39.15284729003906 1.8374366760253906
   vertex 56.85167694091797 38.90054702758789 1.3805570602416992
  endloop
 endfacet
 facet normal 0.4238843289426404 0.7762839561168304 -0.46658900024802363
  outer loop
   vertex 57.511497497558594 39.309722900390625 2.3383400440216064
   vertex 57.96713638305664 39.0609245300293 2.3383400440216064
   vertex 57.61267852783203 38.95340347290039 1.8374366760253906
  endloop
 endfacet
 facet normal 0.3619604109172676 0.7925910457292692 -0.4906975597640428
  outer loop
   vertex 57.511497497558594 39.309722900390625 2.3383400440216064
   vertex 57.61267852783203 38.95340347290039 1.8374366760253906
   vertex 57.17595291137695 39.15284729003906 1.8374366760253906
  endloop
 endfacet
 facet normal 0.5582584356672867 0.7457478422386433 -0.3636037332078997
  outer loop
   vertex 58.300010681152344 39.07245635986328 2.8730697631835938
   vertex 58.382728576660156 38.74981689453125 2.3383400440216064
   vertex 57.96713638305664 39.0609245300293 2.3383400440216064
  endloop
 endfacet
 facet normal 0.6171889296939455 0.7122703623818634 -0.3342884322492344
  outer loop
   vertex 58.300010681152344 39.07245635986328 2.8730697631835938
   vertex 58.7138557434082 38.7138557434082 2.8730697631835938
   vertex 58.382728576660156 38.74981689453125 2.3383400440216064
  endloop
 endfacet
 facet normal 0.7850774544035724 0.5877038076326668 -0.19559556508589895
  outer loop
   vertex 58.99222946166992 38.59278106689453 3.4307405948638916
   vertex 59.33076477050781 38.14055252075195 3.4307405948638916
   vertex 59.07245635986328 38.300010681152344 2.8730697631835938
  endloop
 endfacet
 facet normal 0.7754685825656806 0.6279680868384999 -0.0656091408720497
  outer loop
   vertex 58.99222946166992 38.59278106689453 3.4307405948638916
   vertex 58.97257995605469 38.67652130126953 4
   vertex 59.23606872558594 38.35114288330078 4
  endloop
 endfacet
 facet normal 0.7048766181508999 0.7048766181508999 -0.0793593495960049
  outer loop
   vertex 58.99222946166992 38.59278106689453 3.4307405948638916
   vertex 58.67652130126953 38.97257995605469 4
   vertex 58.97257995605469 38.67652130126953 4
  endloop
 endfacet
 facet normal 0.7356943361388173 0.637486022000143 -0.22883490889219307
  outer loop
   vertex 58.99222946166992 38.59278106689453 3.4307405948638916
   vertex 59.07245635986328 38.300010681152344 2.8730697631835938
   vertex 58.7138557434082 38.7138557434082 2.8730697631835938
  endloop
 endfacet
 facet normal 0.797421612052465 0.5969445626837511 -0.08818141365363363
  outer loop
   vertex 58.99222946166992 38.59278106689453 3.4307405948638916
   vertex 59.23606872558594 38.35114288330078 4
   vertex 59.33076477050781 38.14055252075195 3.4307405948638916
  endloop
 endfacet
 facet normal 0.007300296518139498 0.8386509005533758 -0.5446203931838755
  outer loop
   vertex 56.24005889892578 39.356441497802734 1.8374366760253906
   vertex 56 39.23606872558594 1.6488590240478516
   vertex 56 39.4640998840332 2
  endloop
 endfacet
 facet normal 0.07473260162160122 0.7946885274970553 -0.6023995206832666
  outer loop
   vertex 56.24005889892578 39.356441497802734 1.8374366760253906
   vertex 56.43021774291992 38.99222946166992 1.3805570602416992
   vertex 56 39.23606872558594 1.6488590240478516
  endloop
 endfacet
 facet normal 0.11495791345184578 0.7995325447746786 -0.5895187766143878
  outer loop
   vertex 56.24005889892578 39.356441497802734 1.8374366760253906
   vertex 56.71528625488281 39.28811264038086 1.8374366760253906
   vertex 56.43021774291992 38.99222946166992 1.3805570602416992
  endloop
 endfacet
 facet normal 0.2454842849159517 0.8360339471145617 -0.4906981813002263
  outer loop
   vertex 57.02509307861328 39.49114227294922 2.3383400440216064
   vertex 57.17595291137695 39.15284729003906 1.8374366760253906
   vertex 56.71528625488281 39.28811264038086 1.8374366760253906
  endloop
 endfacet
 facet normal 0.3090912957210707 0.8287062730729274 -0.46659241729698964
  outer loop
   vertex 57.02509307861328 39.49114227294922 2.3383400440216064
   vertex 57.511497497558594 39.309722900390625 2.3383400440216064
   vertex 57.17595291137695 39.15284729003906 1.8374366760253906
  endloop
 endfacet
 facet normal 0.4464474992321086 0.8176051984909882 -0.36360193870482627
  outer loop
   vertex 57.8393440246582 39.368507385253906 2.8730697631835938
   vertex 57.96713638305664 39.0609245300293 2.3383400440216064
   vertex 57.511497497558594 39.309722900390625 2.3383400440216064
  endloop
 endfacet
 facet normal 0.5095361876869388 0.7928576894297291 -0.33428963153171815
  outer loop
   vertex 57.8393440246582 39.368507385253906 2.8730697631835938
   vertex 58.300010681152344 39.07245635986328 2.8730697631835938
   vertex 57.96713638305664 39.0609245300293 2.3383400440216064
  endloop
 endfacet
 facet normal 0.6279680868384999 0.7754685825656806 -0.0656091408720497
  outer loop
   vertex 58.59278106689453 38.99222946166992 3.4307405948638916
   vertex 58.35114288330078 39.23606872558594 4
   vertex 58.67652130126953 38.97257995605469 4
  endloop
 endfacet
 facet normal 0.7048766181508999 0.7048766181508999 -0.0793593495960049
  outer loop
   vertex 58.59278106689453 38.99222946166992 3.4307405948638916
   vertex 58.67652130126953 38.97257995605469 4
   vertex 58.99222946166992 38.59278106689453 3.4307405948638916
  endloop
 endfacet
 facet normal 0.637486022000143 0.7356943361388173 -0.22883490889219307
  outer loop
   vertex 58.59278106689453 38.99222946166992 3.4307405948638916
   vertex 58.7138557434082 38.7138557434082 2.8730697631835938
   vertex 58.300010681152344 39.07245635986328 2.8730697631835938
  endloop
 endfacet
 facet normal 0.6934485482646718 0.6934485482646718 -0.19559709051833632
  outer loop
   vertex 58.59278106689453 38.99222946166992 3.4307405948638916
   vertex 58.99222946166992 38.59278106689453 3.4307405948638916
   vertex 58.7138557434082 38.7138557434082 2.8730697631835938
  endloop
 endfacet
 facet normal 0.06011746971850004 0.8893926607353155 -0.4531739013500236
  outer loop
   vertex 56.51781463623047 39.60149383544922 2.3383400440216064
   vertex 56 39.4640998840332 2
   vertex 56 39.65418243408203 2.3730533123016357
  endloop
 endfacet
 facet normal 0.07079137995501122 0.9312388275101936 -0.35746723858488816
  outer loop
   vertex 56.51781463623047 39.60149383544922 2.3383400440216064
   vertex 56 39.65418243408203 2.3730533123016357
   vertex 56 39.80422592163086 2.7639319896698
  endloop
 endfacet
 facet normal 0.07485710102033936 0.8787345939813476 -0.47140420847428455
  outer loop
   vertex 56.51781463623047 39.60149383544922 2.3383400440216064
   vertex 56.24005889892578 39.356441497802734 1.8374366760253906
   vertex 56 39.4640998840332 2
  endloop
 endfacet
 facet normal 0.12400590030107705 0.8624613135165017 -0.4906964635881432
  outer loop
   vertex 56.51781463623047 39.60149383544922 2.3383400440216064
   vertex 56.71528625488281 39.28811264038086 1.8374366760253906
   vertex 56.24005889892578 39.356441497802734 1.8374366760253906
  endloop
 endfacet
 facet normal 0.1880081891629699 0.8642605432415562 -0.46659043518215343
  outer loop
   vertex 56.51781463623047 39.60149383544922 2.3383400440216064
   vertex 57.02509307861328 39.49114227294922 2.3383400440216064
   vertex 56.71528625488281 39.28811264038086 1.8374366760253906
  endloop
 endfacet
 facet normal 0.391514066611036 0.8573036670893018 -0.3342860422466434
  outer loop
   vertex 57.34123229980469 39.595985412597656 2.8730697631835938
   vertex 57.8393440246582 39.368507385253906 2.8730697631835938
   vertex 57.511497497558594 39.309722900390625 2.3383400440216064
  endloop
 endfacet
 facet normal 0.32554522230596267 0.8728209808189724 -0.36359846489770586
  outer loop
   vertex 57.34123229980469 39.595985412597656 2.8730697631835938
   vertex 57.511497497558594 39.309722900390625 2.3383400440216064
   vertex 57.02509307861328 39.49114227294922 2.3383400440216064
  endloop
 endfacet
 facet normal 0.543590159519024 0.8370690095475879 -0.061848296088916996
  outer loop
   vertex 58.14055252075195 39.33076477050781 3.4307405948638916
   vertex 58 39.4640998840332 4
   vertex 58.35114288330078 39.23606872558594 4
  endloop
 endfacet
 facet normal 0.5969445626837511 0.797421612052465 -0.08818141365363363
  outer loop
   vertex 58.14055252075195 39.33076477050781 3.4307405948638916
   vertex 58.35114288330078 39.23606872558594 4
   vertex 58.59278106689453 38.99222946166992 3.4307405948638916
  endloop
 endfacet
 facet normal 0.5262930413683731 0.8189319911437751 -0.22883624819621529
  outer loop
   vertex 58.14055252075195 39.33076477050781 3.4307405948638916
   vertex 58.300010681152344 39.07245635986328 2.8730697631835938
   vertex 57.8393440246582 39.368507385253906 2.8730697631835938
  endloop
 endfacet
 facet normal 0.5877038076326668 0.7850774544035724 -0.19559556508589895
  outer loop
   vertex 58.14055252075195 39.33076477050781 3.4307405948638916
   vertex 58.59278106689453 38.99222946166992 3.4307405948638916
   vertex 58.300010681152344 39.07245635986328 2.8730697631835938
  endloop
 endfacet
 facet normal 0.19801588886247867 0.9102652413209491 -0.36360266528302126
  outer loop
   vertex 56.815818786621094 39.75026321411133 2.8730697631835938
   vertex 57.02509307861328 39.49114227294922 2.3383400440216064
   vertex 56.51781463623047 39.60149383544922 2.3383400440216064
  endloop
 endfacet
 facet normal 0.2655288048245077 0.9042935589273482 -0.3342867228757059
  outer loop
   vertex 56.815818786621094 39.75026321411133 2.8730697631835938
   vertex 57.34123229980469 39.595985412597656 2.8730697631835938
   vertex 57.02509307861328 39.49114227294922 2.3383400440216064
  endloop
 endfacet
 facet normal 0.45293949549681134 0.8889354597245613 -0.06811432935423047
  outer loop
   vertex 57.644744873046875 39.60149383544922 3.4307405948638916
   vertex 57.62694549560547 39.65418243408203 4
   vertex 58 39.4640998840332 4
  endloop
 endfacet
 facet normal 0.35735874322413236 0.9309516432309752 -0.07499177692797925
  outer loop
   vertex 57.644744873046875 39.60149383544922 3.4307405948638916
   vertex 57.23606872558594 39.80422592163086 4
   vertex 57.62694549560547 39.65418243408203 4
  endloop
 endfacet
 facet normal 0.4774320307879323 0.8743592128730439 -0.08691733337914784
  outer loop
   vertex 57.644744873046875 39.60149383544922 3.4307405948638916
   vertex 58 39.4640998840332 4
   vertex 58.14055252075195 39.33076477050781 3.4307405948638916
  endloop
 endfacet
 facet normal 0.4043891169356 0.8854963395844486 -0.22883547514882566
  outer loop
   vertex 57.644744873046875 39.60149383544922 3.4307405948638916
   vertex 57.8393440246582 39.368507385253906 2.8730697631835938
   vertex 57.34123229980469 39.595985412597656 2.8730697631835938
  endloop
 endfacet
 facet normal 0.46998882542193343 0.8607278794781591 -0.19559657836358718
  outer loop
   vertex 57.644744873046875 39.60149383544922 3.4307405948638916
   vertex 58.14055252075195 39.33076477050781 3.4307405948638916
   vertex 57.8393440246582 39.368507385253906 2.8730697631835938
  endloop
 endfacet
 facet normal 0.01860845570997953 0.9657587312673944 -0.25877364308770323
  outer loop
   vertex 56.27379608154297 39.82819366455078 2.8730697631835938
   vertex 56 39.80422592163086 2.7639319896698
   vertex 56 39.91259002685547 3.168353319168091
  endloop
 endfacet
 facet normal 0.1341264897585471 0.9328780007250693 -0.3342883792599558
  outer loop
   vertex 56.27379608154297 39.82819366455078 2.8730697631835938
   vertex 56.815818786621094 39.75026321411133 2.8730697631835938
   vertex 56.51781463623047 39.60149383544922 2.3383400440216064
  endloop
 endfacet
 facet normal 0.06402047965214236 0.9289541438665802 -0.36461702754838354
  outer loop
   vertex 56.27379608154297 39.82819366455078 2.8730697631835938
   vertex 56.51781463623047 39.60149383544922 2.3383400440216064
   vertex 56 39.80422592163086 2.7639319896698
  endloop
 endfacet
 facet normal 0.2582914881063956 0.9639627097045004 -0.06372912576633301
  outer loop
   vertex 57.11545944213867 39.79890823364258 3.4307405948638916
   vertex 56.83164596557617 39.91259002685547 4
   vertex 57.23606872558594 39.80422592163086 4
  endloop
 endfacet
 facet normal 0.34827430602637627 0.9337541629505456 -0.08251164120517983
  outer loop
   vertex 57.11545944213867 39.79890823364258 3.4307405948638916
   vertex 57.23606872558594 39.80422592163086 4
   vertex 57.644744873046875 39.60149383544922 3.4307405948638916
  endloop
 endfacet
 facet normal 0.2742607714012553 0.9340314291269317 -0.22883688224036322
  outer loop
   vertex 57.11545944213867 39.79890823364258 3.4307405948638916
   vertex 57.34123229980469 39.595985412597656 2.8730697631835938
   vertex 56.815818786621094 39.75026321411133 2.8730697631835938
  endloop
 endfacet
 facet normal 0.34271564311245983 0.9188508969142759 -0.19559912373485694
  outer loop
   vertex 57.11545944213867 39.79890823364258 3.4307405948638916
   vertex 57.644744873046875 39.60149383544922 3.4307405948638916
   vertex 57.34123229980469 39.595985412597656 2.8730697631835938
  endloop
 endfacet
 facet normal 0.061517363016684284 0.9858172296141123 -0.15614097426181933
  outer loop
   vertex 56.5634651184082 39.91898727416992 3.4307405948638916
   vertex 56 39.91259002685547 3.168353319168091
   vertex 56 39.97808837890625 3.581886053085327
  endloop
 endfacet
 facet normal 0.08214399094753011 0.9932294484144881 -0.08214394410706055
  outer loop
   vertex 56.5634651184082 39.91898727416992 3.4307405948638916
   vertex 56 39.97808837890625 3.581886053085327
   vertex 56.418113708496094 39.97808837890625 4
  endloop
 endfacet
 facet normal 0.15613182808230036 0.9857583473070338 -0.062476659435221266
  outer loop
   vertex 56.5634651184082 39.91898727416992 3.4307405948638916
   vertex 56.418113708496094 39.97808837890625 4
   vertex 56.83164596557617 39.91259002685547 4
  endloop
 endfacet
 facet normal 0.20845954168705785 0.9582728445644781 -0.1955959479384102
  outer loop
   vertex 56.5634651184082 39.91898727416992 3.4307405948638916
   vertex 57.11545944213867 39.79890823364258 3.4307405948638916
   vertex 56.815818786621094 39.75026321411133 2.8730697631835938
  endloop
 endfacet
 facet normal 0.21172545095049775 0.9732859839709932 -0.08880724534306812
  outer loop
   vertex 56.5634651184082 39.91898727416992 3.4307405948638916
   vertex 56.83164596557617 39.91259002685547 4
   vertex 57.11545944213867 39.79890823364258 3.4307405948638916
  endloop
 endfacet
 facet normal 0.08297589255559693 0.9758684429494962 -0.20197966063425282
  outer loop
   vertex 56.5634651184082 39.91898727416992 3.4307405948638916
   vertex 56.27379608154297 39.82819366455078 2.8730697631835938
   vertex 56 39.91259002685547 3.168353319168091
  endloop
 endfacet
 facet normal 0.13853740322379052 0.9635568333869473 -0.22883534853979057
  outer loop
   vertex 56.5634651184082 39.91898727416992 3.4307405948638916
   vertex 56.815818786621094 39.75026321411133 2.8730697631835938
   vertex 56.27379608154297 39.82819366455078 2.8730697631835938
  endloop
 endfacet
 facet normal 0.997264885016868 0.05226255405303441 0.05226255405303441
  outer loop
   vertex 59.97808837890625 36 26.418113708496094
   vertex 60 36 26
   vertex 59.97808837890625 36.418113708496094 26
  endloop
 endfacet
 facet normal 0.05226255405303441 0.05226255405303441 0.997264885016868
  outer loop
   vertex 56 36 30
   vertex 56.418113708496094 36 29.97808837890625
   vertex 56 36.418113708496094 29.97808837890625
  endloop
 endfacet
 facet normal 0.15533501580342088 0.9807275706563681 -0.11850934570661316
  outer loop
   vertex 56.56781005859375 39.959285736083984 26.040611267089844
   vertex 56.83164596557617 39.91259002685547 26
   vertex 56.418113708496094 39.97808837890625 26
  endloop
 endfacet
 facet normal 0.052097384391890246 0.9941131465281201 0.09499954968042669
  outer loop
   vertex 56.556251525878906 39.959285736083984 26.121004104614258
   vertex 56.418113708496094 39.97808837890625 26
   vertex 56 40 26
  endloop
 endfacet
 facet normal 0.1199982416922943 0.9926241796374144 0.017252825563009878
  outer loop
   vertex 56.556251525878906 39.959285736083984 26.121004104614258
   vertex 56.56781005859375 39.959285736083984 26.040611267089844
   vertex 56.418113708496094 39.97808837890625 26
  endloop
 endfacet
 facet normal 0.06862305132903097 0.9974391330920587 0.02015074695527824
  outer loop
   vertex 56.53336715698242 39.959285736083984 26.198936462402344
   vertex 56.556251525878906 39.959285736083984 26.121004104614258
   vertex 56 40 26
  endloop
 endfacet
 facet normal 0.2588080343708099 0.9658904981127946 -0.00859924418395394
  outer loop
   vertex 57.11545944213867 39.83797073364258 26.16037940979004
   vertex 57.23606872558594 39.80422592163086 26
   vertex 56.83164596557617 39.91259002685547 26
  endloop
 endfacet
 facet normal 0.19045190706753573 0.9747601875741088 0.11649312346583773
  outer loop
   vertex 57.11545944213867 39.83797073364258 26.16037940979004
   vertex 56.83164596557617 39.91259002685547 26
   vertex 56.56781005859375 39.959285736083984 26.040611267089844
  endloop
 endfacet
 facet normal 0.20988293370151664 0.9772607429923101 0.030176055854971434
  outer loop
   vertex 57.11545944213867 39.83797073364258 26.16037940979004
   vertex 56.56781005859375 39.959285736083984 26.040611267089844
   vertex 56.556251525878906 39.959285736083984 26.121004104614258
  endloop
 endfacet
 facet normal 0.065057187977692 0.9974391256909557 0.029711156714221542
  outer loop
   vertex 56.49962615966797 39.959285736083984 26.272817611694336
   vertex 56.53336715698242 39.959285736083984 26.198936462402344
   vertex 56 40 26
  endloop
 endfacet
 facet normal 0.2087357663741228 0.9769172565092203 0.045409842222867695
  outer loop
   vertex 57.08127975463867 39.83797073364258 26.317493438720703
   vertex 57.11545944213867 39.83797073364258 26.16037940979004
   vertex 56.556251525878906 39.959285736083984 26.121004104614258
  endloop
 endfacet
 facet normal 0.20345128422564113 0.9772606810668807 0.05974224792920146
  outer loop
   vertex 57.08127975463867 39.83797073364258 26.317493438720703
   vertex 56.556251525878906 39.959285736083984 26.121004104614258
   vertex 56.53336715698242 39.959285736083984 26.198936462402344
  endloop
 endfacet
 facet normal 0.3490810573492881 0.9347770859577524 0.06583475501766459
  outer loop
   vertex 57.65742492675781 39.638526916503906 26.118541717529297
   vertex 57.23606872558594 39.80422592163086 26
   vertex 57.11545944213867 39.83797073364258 26.16037940979004
  endloop
 endfacet
 facet normal 0.3581940880951688 0.9331277916955117 0.031137109999613246
  outer loop
   vertex 57.65742492675781 39.638526916503906 26.118541717529297
   vertex 57.62694549560547 39.65418243408203 26
   vertex 57.23606872558594 39.80422592163086 26
  endloop
 endfacet
 facet normal 0.45399368482956126 0.8910044033438783 0.0009419961234137488
  outer loop
   vertex 57.65742492675781 39.638526916503906 26.118541717529297
   vertex 58 39.4640998840332 26
   vertex 57.62694549560547 39.65418243408203 26
  endloop
 endfacet
 facet normal 0.06016696874720469 0.9974391247533575 0.03866688871669448
  outer loop
   vertex 56.45571517944336 39.959285736083984 26.341144561767578
   vertex 56.49962615966797 39.959285736083984 26.272817611694336
   vertex 56 40 26
  endloop
 endfacet
 facet normal 0.1928778881938759 0.9772609595553466 0.08808596468696696
  outer loop
   vertex 57.02509307861328 39.83797073364258 26.468143463134766
   vertex 56.53336715698242 39.959285736083984 26.198936462402344
   vertex 56.49962615966797 39.959285736083984 26.272817611694336
  endloop
 endfacet
 facet normal 0.2001499323220064 0.9769174195565407 0.07464824149627348
  outer loop
   vertex 57.02509307861328 39.83797073364258 26.468143463134766
   vertex 57.08127975463867 39.83797073364258 26.317493438720703
   vertex 56.53336715698242 39.959285736083984 26.198936462402344
  endloop
 endfacet
 facet normal 0.3398728930533219 0.9375604191675883 0.07393833226318731
  outer loop
   vertex 57.623687744140625 39.638526916503906 26.35321044921875
   vertex 57.11545944213867 39.83797073364258 26.16037940979004
   vertex 57.08127975463867 39.83797073364258 26.317493438720703
  endloop
 endfacet
 facet normal 0.3483273239670109 0.9360343673260969 0.05007732583130264
  outer loop
   vertex 57.623687744140625 39.638526916503906 26.35321044921875
   vertex 57.65742492675781 39.638526916503906 26.118541717529297
   vertex 57.11545944213867 39.83797073364258 26.16037940979004
  endloop
 endfacet
 facet normal 0.054051529130089246 0.9974391246399053 0.04683614881988903
  outer loop
   vertex 56.40252685546875 39.959285736083984 26.40252685546875
   vertex 56.45571517944336 39.959285736083984 26.341144561767578
   vertex 56 40 26
  endloop
 endfacet
 facet normal 0.18748569693021322 0.9769174530393429 0.1023787252983521
  outer loop
   vertex 56.94803237915039 39.83797073364258 26.609264373779297
   vertex 57.02509307861328 39.83797073364258 26.468143463134766
   vertex 56.49962615966797 39.959285736083984 26.272817611694336
  endloop
 endfacet
 facet normal 0.17838034131062244 0.9772607706603698 0.11463786443494821
  outer loop
   vertex 56.94803237915039 39.83797073364258 26.609264373779297
   vertex 56.49962615966797 39.959285736083984 26.272817611694336
   vertex 56.45571517944336 39.959285736083984 26.341144561767578
  endloop
 endfacet
 facet normal 0.3258952485169572 0.9375600009677829 0.12154641738595824
  outer loop
   vertex 57.55689239501953 39.638526916503906 26.580690383911133
   vertex 57.08127975463867 39.83797073364258 26.317493438720703
   vertex 57.02509307861328 39.83797073364258 26.468143463134766
  endloop
 endfacet
 facet normal 0.33765208443127925 0.9360348603343798 0.09914539887463547
  outer loop
   vertex 57.55689239501953 39.638526916503906 26.580690383911133
   vertex 57.623687744140625 39.638526916503906 26.35321044921875
   vertex 57.08127975463867 39.83797073364258 26.317493438720703
  endloop
 endfacet
 facet normal 0.5445094461119948 0.8384846097095727 0.021284322281769
  outer loop
   vertex 58.14055252075195 39.365013122558594 26.307764053344727
   vertex 58.35114288330078 39.23606872558594 26
   vertex 58 39.4640998840332 26
  endloop
 endfacet
 facet normal 0.47124872776814114 0.8793821753929757 0.06790895506504688
  outer loop
   vertex 58.14055252075195 39.365013122558594 26.307764053344727
   vertex 58 39.4640998840332 26
   vertex 57.65742492675781 39.638526916503906 26.118541717529297
  endloop
 endfacet
 facet normal 0.4712996603057804 0.8793666426597951 0.06775646074653059
  outer loop
   vertex 58.14055252075195 39.365013122558594 26.307764053344727
   vertex 57.65742492675781 39.638526916503906 26.118541717529297
   vertex 57.623687744140625 39.638526916503906 26.35321044921875
  endloop
 endfacet
 facet normal 0.04683614881988903 0.9974391246399053 0.054051529130089246
  outer loop
   vertex 56.34114456176758 39.959285736083984 26.45571517944336
   vertex 56.40252685546875 39.959285736083984 26.40252685546875
   vertex 56 40 26
  endloop
 endfacet
 facet normal 0.16024927590926527 0.9772608509486079 0.13885747647771335
  outer loop
   vertex 56.85167694091797 39.83797073364258 26.73798179626465
   vertex 56.45571517944336 39.959285736083984 26.341144561767578
   vertex 56.40252685546875 39.959285736083984 26.40252685546875
  endloop
 endfacet
 facet normal 0.17101035978187212 0.9769173875881613 0.12801513455524363
  outer loop
   vertex 56.85167694091797 39.83797073364258 26.73798179626465
   vertex 56.94803237915039 39.83797073364258 26.609264373779297
   vertex 56.45571517944336 39.959285736083984 26.341144561767578
  endloop
 endfacet
 facet normal 0.30527490749604475 0.9375599788296611 0.16669888107064929
  outer loop
   vertex 57.458404541015625 39.638526916503906 26.796348571777344
   vertex 57.02509307861328 39.83797073364258 26.468143463134766
   vertex 56.94803237915039 39.83797073364258 26.609264373779297
  endloop
 endfacet
 facet normal 0.32010788873311236 0.9360341194984901 0.14618846296994695
  outer loop
   vertex 57.458404541015625 39.638526916503906 26.796348571777344
   vertex 57.55689239501953 39.638526916503906 26.580690383911133
   vertex 57.02509307861328 39.83797073364258 26.468143463134766
  endloop
 endfacet
 facet normal 0.4568596740264703 0.8793653433593008 0.13414854135250903
  outer loop
   vertex 58.0749626159668 39.365013122558594 26.609264373779297
   vertex 57.623687744140625 39.638526916503906 26.35321044921875
   vertex 57.55689239501953 39.638526916503906 26.580690383911133
  endloop
 endfacet
 facet normal 0.4722941364701207 0.8754322710171327 0.10274525545118085
  outer loop
   vertex 58.0749626159668 39.365013122558594 26.609264373779297
   vertex 58.14055252075195 39.365013122558594 26.307764053344727
   vertex 57.623687744140625 39.638526916503906 26.35321044921875
  endloop
 endfacet
 facet normal 0.03866615977170534 0.9974391201199804 0.06016751401535801
  outer loop
   vertex 56.2728157043457 39.959285736083984 26.49962615966797
   vertex 56.34114456176758 39.959285736083984 26.45571517944336
   vertex 56 40 26
  endloop
 endfacet
 facet normal 0.6293161090186843 0.7771332353899943 0.005016909592861206
  outer loop
   vertex 58.612770080566406 39.02299880981445 26.18686866760254
   vertex 58.67652130126953 38.97257995605469 26
   vertex 58.35114288330078 39.23606872558594 26
  endloop
 endfacet
 facet normal 0.7062086526210566 0.7062086526210566 0.050385294742645276
  outer loop
   vertex 58.612770080566406 39.02299880981445 26.18686866760254
   vertex 58.97257995605469 38.67652130126953 26
   vertex 58.67652130126953 38.97257995605469 26
  endloop
 endfacet
 facet normal 0.5973522776676136 0.7985411231872547 0.07417769842851597
  outer loop
   vertex 58.612770080566406 39.02299880981445 26.18686866760254
   vertex 58.35114288330078 39.23606872558594 26
   vertex 58.14055252075195 39.365013122558594 26.307764053344727
  endloop
 endfacet
 facet normal 0.15105128551436245 0.9769174907948724 0.15104875147947655
  outer loop
   vertex 56.73798370361328 39.83797073364258 26.85167694091797
   vertex 56.85167694091797 39.83797073364258 26.73798179626465
   vertex 56.40252685546875 39.959285736083984 26.40252685546875
  endloop
 endfacet
 facet normal 0.1388571802240671 0.9772609491056868 0.16024893401602694
  outer loop
   vertex 56.73798370361328 39.83797073364258 26.85167694091797
   vertex 56.40252685546875 39.959285736083984 26.40252685546875
   vertex 56.34114456176758 39.959285736083984 26.45571517944336
  endloop
 endfacet
 facet normal 0.29604352590466265 0.9360346065868195 0.19025626413286226
  outer loop
   vertex 57.33022689819336 39.638526916503906 26.99579620361328
   vertex 57.458404541015625 39.638526916503906 26.796348571777344
   vertex 56.94803237915039 39.83797073364258 26.609264373779297
  endloop
 endfacet
 facet normal 0.278448298535845 0.9375600413726267 0.20844115204021366
  outer loop
   vertex 57.33022689819336 39.638526916503906 26.99579620361328
   vertex 56.94803237915039 39.83797073364258 26.609264373779297
   vertex 56.85167694091797 39.83797073364258 26.73798179626465
  endloop
 endfacet
 facet normal 0.4528662111591112 0.8754325658637453 0.16890831067656445
  outer loop
   vertex 57.96713638305664 39.365013122558594 26.898361206054688
   vertex 58.0749626159668 39.365013122558594 26.609264373779297
   vertex 57.55689239501953 39.638526916503906 26.580690383911133
  endloop
 endfacet
 facet normal 0.4331178163519125 0.8793661072401072 0.19779839887099998
  outer loop
   vertex 57.96713638305664 39.365013122558594 26.898361206054688
   vertex 57.55689239501953 39.638526916503906 26.580690383911133
   vertex 57.458404541015625 39.638526916503906 26.796348571777344
  endloop
 endfacet
 facet normal 0.029711812019801605 0.9974391221304919 0.06505694328858086
  outer loop
   vertex 56.198936462402344 39.959285736083984 26.533367156982422
   vertex 56.2728157043457 39.959285736083984 26.49962615966797
   vertex 56 40 26
  endloop
 endfacet
 facet normal 0.5987666121464058 0.7962833442465006 0.08608937132029922
  outer loop
   vertex 58.5595817565918 39.02299880981445 26.55680274963379
   vertex 58.612770080566406 39.02299880981445 26.18686866760254
   vertex 58.14055252075195 39.365013122558594 26.307764053344727
  endloop
 endfacet
 facet normal 0.5810775013632281 0.8039709653105251 0.1264105389084707
  outer loop
   vertex 58.5595817565918 39.02299880981445 26.55680274963379
   vertex 58.14055252075195 39.365013122558594 26.307764053344727
   vertex 58.0749626159668 39.365013122558594 26.609264373779297
  endloop
 endfacet
 facet normal 0.12801524887428756 0.9769174948556083 0.17100966142501176
  outer loop
   vertex 56.6092643737793 39.83797073364258 26.948034286499023
   vertex 56.73798370361328 39.83797073364258 26.85167694091797
   vertex 56.34114456176758 39.959285736083984 26.45571517944336
  endloop
 endfacet
 facet normal 0.11463518458213429 0.977260937270295 0.1783811507458248
  outer loop
   vertex 56.6092643737793 39.83797073364258 26.948034286499023
   vertex 56.34114456176758 39.959285736083984 26.45571517944336
   vertex 56.2728157043457 39.959285736083984 26.49962615966797
  endloop
 endfacet
 facet normal 0.24595051368227552 0.9375599816740549 0.2459463876188676
  outer loop
   vertex 57.17497253417969 39.638526916503906 27.174970626831055
   vertex 56.85167694091797 39.83797073364258 26.73798179626465
   vertex 56.73798370361328 39.83797073364258 26.85167694091797
  endloop
 endfacet
 facet normal 0.26595543436058805 0.9360344623766137 0.23044997760337183
  outer loop
   vertex 57.17497253417969 39.638526916503906 27.174970626831055
   vertex 57.33022689819336 39.638526916503906 26.99579620361328
   vertex 56.85167694091797 39.83797073364258 26.73798179626465
  endloop
 endfacet
 facet normal 0.42421713978948233 0.8754328883342732 0.23163997135974268
  outer loop
   vertex 57.81926345825195 39.365013122558594 27.169170379638672
   vertex 57.96713638305664 39.365013122558594 26.898361206054688
   vertex 57.458404541015625 39.638526916503906 26.796348571777344
  endloop
 endfacet
 facet normal 0.40055907578605615 0.8793662630444632 0.25742455637455575
  outer loop
   vertex 57.81926345825195 39.365013122558594 27.169170379638672
   vertex 57.458404541015625 39.638526916503906 26.796348571777344
   vertex 57.33022689819336 39.638526916503906 26.99579620361328
  endloop
 endfacet
 facet normal 0.09499887954107084 0.9941132103924276 0.05209738773875613
  outer loop
   vertex 56.12100601196289 39.959285736083984 26.556249618530273
   vertex 56 40 26
   vertex 56 39.97808837890625 26.418113708496094
  endloop
 endfacet
 facet normal 0.020149677580253315 0.9974391272848179 0.06862344974360174
  outer loop
   vertex 56.12100601196289 39.959285736083984 26.556249618530273
   vertex 56.198936462402344 39.959285736083984 26.533367156982422
   vertex 56 40 26
  endloop
 endfacet
 facet normal 0.557177152661664 0.8039695528983157 0.20781380744388195
  outer loop
   vertex 58.45428466796875 39.02299880981445 26.915401458740234
   vertex 58.0749626159668 39.365013122558594 26.609264373779297
   vertex 57.96713638305664 39.365013122558594 26.898361206054688
  endloop
 endfacet
 facet normal 0.580417922540261 0.79628407471755 0.17043094655977986
  outer loop
   vertex 58.45428466796875 39.02299880981445 26.915401458740234
   vertex 58.5595817565918 39.02299880981445 26.55680274963379
   vertex 58.0749626159668 39.365013122558594 26.609264373779297
  endloop
 endfacet
 facet normal 0.08808804779346299 0.9772608543401422 0.19287746993962668
  outer loop
   vertex 56.468143463134766 39.83797073364258 27.02509117126465
   vertex 56.2728157043457 39.959285736083984 26.49962615966797
   vertex 56.198936462402344 39.959285736083984 26.533367156982422
  endloop
 endfacet
 facet normal 0.10237466032261132 0.976917526493857 0.18748753386013284
  outer loop
   vertex 56.468143463134766 39.83797073364258 27.02509117126465
   vertex 56.6092643737793 39.83797073364258 26.948034286499023
   vertex 56.2728157043457 39.959285736083984 26.49962615966797
  endloop
 endfacet
 facet normal 0.7762492513827283 0.6286002660324963 0.047945857710848735
  outer loop
   vertex 58.99222946166992 38.619441986083984 26.430217742919922
   vertex 59.23606872558594 38.35114288330078 26
   vertex 58.97257995605469 38.67652130126953 26
  endloop
 endfacet
 facet normal 0.7085802527187796 0.7029966925699989 0.06090710707818352
  outer loop
   vertex 58.99222946166992 38.619441986083984 26.430217742919922
   vertex 58.97257995605469 38.67652130126953 26
   vertex 58.612770080566406 39.02299880981445 26.18686866760254
  endloop
 endfacet
 facet normal 0.694147541107134 0.7128804565214137 0.09980303544853127
  outer loop
   vertex 58.99222946166992 38.619441986083984 26.430217742919922
   vertex 58.612770080566406 39.02299880981445 26.18686866760254
   vertex 58.5595817565918 39.02299880981445 26.55680274963379
  endloop
 endfacet
 facet normal 0.20844227183247482 0.937559759711521 0.2784484086558799
  outer loop
   vertex 56.99579620361328 39.638526916503906 27.33022689819336
   vertex 56.73798370361328 39.83797073364258 26.85167694091797
   vertex 56.6092643737793 39.83797073364258 26.948034286499023
  endloop
 endfacet
 facet normal 0.23045070549672653 0.9360341684247895 0.2659558382088538
  outer loop
   vertex 56.99579620361328 39.638526916503906 27.33022689819336
   vertex 57.17497253417969 39.638526916503906 27.174970626831055
   vertex 56.73798370361328 39.83797073364258 26.85167694091797
  endloop
 endfacet
 facet normal 0.3598478390096505 0.8793665626997393 0.31180760280296294
  outer loop
   vertex 57.63435745239258 39.365013122558594 27.41617774963379
   vertex 57.33022689819336 39.638526916503906 26.99579620361328
   vertex 57.17497253417969 39.638526916503906 27.174970626831055
  endloop
 endfacet
 facet normal 0.38693378733245337 0.8754333146485932 0.2896528194648569
  outer loop
   vertex 57.63435745239258 39.365013122558594 27.41617774963379
   vertex 57.81926345825195 39.365013122558594 27.169170379638672
   vertex 57.33022689819336 39.638526916503906 26.99579620361328
  endloop
 endfacet
 facet normal -0.11850215269434451 0.980728418549444 0.1553351500991094
  outer loop
   vertex 56.040611267089844 39.959285736083984 26.567808151245117
   vertex 56 39.97808837890625 26.418113708496094
   vertex 56 39.91259002685547 26.831645965576172
  endloop
 endfacet
 facet normal 0.01725263996708613 0.9926239947454 0.11999979779087133
  outer loop
   vertex 56.040611267089844 39.959285736083984 26.567808151245117
   vertex 56.12100601196289 39.959285736083984 26.556249618530273
   vertex 56 39.97808837890625 26.418113708496094
  endloop
 endfacet
 facet normal 0.5219289882997777 0.8039702605235463 0.28499465146923675
  outer loop
   vertex 58.29903030395508 39.02299880981445 27.2553653717041
   vertex 57.96713638305664 39.365013122558594 26.898361206054688
   vertex 57.81926345825195 39.365013122558594 27.169170379638672
  endloop
 endfacet
 facet normal 0.550259734352216 0.7962829494310352 0.2512920396591188
  outer loop
   vertex 58.29903030395508 39.02299880981445 27.2553653717041
   vertex 58.45428466796875 39.02299880981445 26.915401458740234
   vertex 57.96713638305664 39.365013122558594 26.898361206054688
  endloop
 endfacet
 facet normal 0.059738757130971966 0.9772608756852375 0.2034513744150415
  outer loop
   vertex 56.3174934387207 39.83797073364258 27.081281661987305
   vertex 56.198936462402344 39.959285736083984 26.533367156982422
   vertex 56.12100601196289 39.959285736083984 26.556249618530273
  endloop
 endfacet
 facet normal 0.07465269065809829 0.9769174195611898 0.2001482728764167
  outer loop
   vertex 56.3174934387207 39.83797073364258 27.081281661987305
   vertex 56.468143463134766 39.83797073364258 27.02509117126465
   vertex 56.198936462402344 39.959285736083984 26.533367156982422
  endloop
 endfacet
 facet normal 0.6728755946045024 0.7128819530440313 0.1975797439257491
  outer loop
   vertex 58.90054702758789 38.619441986083984 26.85167694091797
   vertex 58.5595817565918 39.02299880981445 26.55680274963379
   vertex 58.45428466796875 39.02299880981445 26.915401458740234
  endloop
 endfacet
 facet normal 0.6975735322043268 0.7002599263251029 0.1517471671931319
  outer loop
   vertex 58.90054702758789 38.619441986083984 26.85167694091797
   vertex 58.99222946166992 38.619441986083984 26.430217742919922
   vertex 58.5595817565918 39.02299880981445 26.55680274963379
  endloop
 endfacet
 facet normal 0.16669252435949838 0.937559978843651 0.3052783785225388
  outer loop
   vertex 56.796348571777344 39.638526916503906 27.458404541015625
   vertex 56.6092643737793 39.83797073364258 26.948034286499023
   vertex 56.468143463134766 39.83797073364258 27.02509117126465
  endloop
 endfacet
 facet normal 0.1902567683260955 0.9360342559762608 0.2960443104419981
  outer loop
   vertex 56.796348571777344 39.638526916503906 27.458404541015625
   vertex 56.99579620361328 39.638526916503906 27.33022689819336
   vertex 56.6092643737793 39.83797073364258 26.948034286499023
  endloop
 endfacet
 facet normal 0.83865223911722 0.5446183041576323 0.007302369487898033
  outer loop
   vertex 59.356441497802734 38.16256332397461 26.24005699157715
   vertex 59.4640998840332 38 26
   vertex 59.23606872558594 38.35114288330078 26
  endloop
 endfacet
 facet normal 0.7946887202299966 0.602398691741097 0.07473723387860362
  outer loop
   vertex 59.356441497802734 38.16256332397461 26.24005699157715
   vertex 59.23606872558594 38.35114288330078 26
   vertex 58.99222946166992 38.619441986083984 26.430217742919922
  endloop
 endfacet
 facet normal 0.31180794081790136 0.8793665247248941 0.35984763891981053
  outer loop
   vertex 57.41617965698242 39.365013122558594 27.634355545043945
   vertex 57.17497253417969 39.638526916503906 27.174970626831055
   vertex 56.99579620361328 39.638526916503906 27.33022689819336
  endloop
 endfacet
 facet normal 0.34177242977044847 0.8754331570700347 0.34177242977044847
  outer loop
   vertex 57.41617965698242 39.365013122558594 27.634355545043945
   vertex 57.63435745239258 39.365013122558594 27.41617774963379
   vertex 57.17497253417969 39.638526916503906 27.174970626831055
  endloop
 endfacet
 facet normal 0.4760590331119027 0.8039700021838029 0.3563706393365427
  outer loop
   vertex 58.09697341918945 39.02299880981445 27.569772720336914
   vertex 57.81926345825195 39.365013122558594 27.169170379638672
   vertex 57.63435745239258 39.365013122558594 27.41617774963379
  endloop
 endfacet
 facet normal 0.5088943984401286 0.7962835593480458 0.32704584441369494
  outer loop
   vertex 58.09697341918945 39.02299880981445 27.569772720336914
   vertex 58.29903030395508 39.02299880981445 27.2553653717041
   vertex 57.81926345825195 39.365013122558594 27.169170379638672
  endloop
 endfacet
 facet normal -0.008599346446076154 0.9658904972633447 0.2588080341432019
  outer loop
   vertex 56.160377502441406 39.83797073364258 27.115459442138672
   vertex 56 39.91259002685547 26.831645965576172
   vertex 56 39.80422592163086 27.236068725585938
  endloop
 endfacet
 facet normal 0.11649610673266064 0.9747600162530617 0.1904509591219304
  outer loop
   vertex 56.160377502441406 39.83797073364258 27.115459442138672
   vertex 56.040611267089844 39.959285736083984 26.567808151245117
   vertex 56 39.91259002685547 26.831645965576172
  endloop
 endfacet
 facet normal 0.030175278109929107 0.9772608593603537 0.209882503685398
  outer loop
   vertex 56.160377502441406 39.83797073364258 27.115459442138672
   vertex 56.12100601196289 39.959285736083984 26.556249618530273
   vertex 56.040611267089844 39.959285736083984 26.567808151245117
  endloop
 endfacet
 facet normal 0.045406725498276436 0.9769174322791269 0.20873562175316832
  outer loop
   vertex 56.160377502441406 39.83797073364258 27.115459442138672
   vertex 56.3174934387207 39.83797073364258 27.081281661987305
   vertex 56.12100601196289 39.959285736083984 26.556249618530273
  endloop
 endfacet
 facet normal 0.6688745605540116 0.7002623513162053 0.24947837896855388
  outer loop
   vertex 58.74981689453125 38.619441986083984 27.25579833984375
   vertex 58.90054702758789 38.619441986083984 26.85167694091797
   vertex 58.45428466796875 39.02299880981445 26.915401458740234
  endloop
 endfacet
 facet normal 0.6379119766642782 0.7128817574906716 0.291320973953618
  outer loop
   vertex 58.74981689453125 38.619441986083984 27.25579833984375
   vertex 58.45428466796875 39.02299880981445 26.915401458740234
   vertex 58.29903030395508 39.02299880981445 27.2553653717041
  endloop
 endfacet
 facet normal 0.1461890182371314 0.9360345851746826 0.32010627345262027
  outer loop
   vertex 56.580692291259766 39.638526916503906 27.55689239501953
   vertex 56.796348571777344 39.638526916503906 27.458404541015625
   vertex 56.468143463134766 39.83797073364258 27.02509117126465
  endloop
 endfacet
 facet normal 0.12155352928197496 0.9375601416145168 0.32589219133766156
  outer loop
   vertex 56.580692291259766 39.638526916503906 27.55689239501953
   vertex 56.468143463134766 39.83797073364258 27.02509117126465
   vertex 56.3174934387207 39.83797073364258 27.081281661987305
  endloop
 endfacet
 facet normal 0.799532190975978 0.5895192663719235 0.11495786258217115
  outer loop
   vertex 59.28811264038086 38.16256332397461 26.71528434753418
   vertex 59.356441497802734 38.16256332397461 26.24005699157715
   vertex 58.99222946166992 38.619441986083984 26.430217742919922
  endloop
 endfacet
 facet normal 0.7759268638591568 0.6078213756313354 0.16879181635175522
  outer loop
   vertex 59.28811264038086 38.16256332397461 26.71528434753418
   vertex 58.99222946166992 38.619441986083984 26.430217742919922
   vertex 58.90054702758789 38.619441986083984 26.85167694091797
  endloop
 endfacet
 facet normal 0.2896533868825859 0.8754332354082244 0.3869335418520027
  outer loop
   vertex 57.16917037963867 39.365013122558594 27.819263458251953
   vertex 57.41617965698242 39.365013122558594 27.634355545043945
   vertex 56.99579620361328 39.638526916503906 27.33022689819336
  endloop
 endfacet
 facet normal 0.25742455637455575 0.8793662630444632 0.40055907578605615
  outer loop
   vertex 57.16917037963867 39.365013122558594 27.819263458251953
   vertex 56.99579620361328 39.638526916503906 27.33022689819336
   vertex 56.796348571777344 39.638526916503906 27.458404541015625
  endloop
 endfacet
 facet normal 0.4571715667056718 0.796282876543167 0.39614105962399393
  outer loop
   vertex 57.85222625732422 39.02299880981445 27.85222625732422
   vertex 58.09697341918945 39.02299880981445 27.569772720336914
   vertex 57.63435745239258 39.365013122558594 27.41617774963379
  endloop
 endfacet
 facet normal 0.42049531467382906 0.8039697635326312 0.42049531467382906
  outer loop
   vertex 57.85222625732422 39.02299880981445 27.85222625732422
   vertex 57.63435745239258 39.365013122558594 27.41617774963379
   vertex 57.41617965698242 39.365013122558594 27.634355545043945
  endloop
 endfacet
 facet normal 0.5899585800136671 0.7128813557479178 0.3791425147556894
  outer loop
   vertex 58.54310989379883 38.619441986083984 27.634355545043945
   vertex 58.29903030395508 39.02299880981445 27.2553653717041
   vertex 58.09697341918945 39.02299880981445 27.569772720336914
  endloop
 endfacet
 facet normal 0.6265644328390332 0.700260678623053 0.3421286212456978
  outer loop
   vertex 58.54310989379883 38.619441986083984 27.634355545043945
   vertex 58.74981689453125 38.619441986083984 27.25579833984375
   vertex 58.29903030395508 39.02299880981445 27.2553653717041
  endloop
 endfacet
 facet normal 0.07393384912591006 0.9375598721044442 0.33987537741490675
  outer loop
   vertex 56.35321044921875 39.638526916503906 27.623685836791992
   vertex 56.3174934387207 39.83797073364258 27.081281661987305
   vertex 56.160377502441406 39.83797073364258 27.115459442138672
  endloop
 endfacet
 facet normal 0.0991424326804491 0.9360343192128071 0.33765445546892947
  outer loop
   vertex 56.35321044921875 39.638526916503906 27.623685836791992
   vertex 56.580692291259766 39.638526916503906 27.55689239501953
   vertex 56.3174934387207 39.83797073364258 27.081281661987305
  endloop
 endfacet
 facet normal 0.744007813495984 0.6078199983597365 0.2775017532393175
  outer loop
   vertex 59.15284729003906 38.16256332397461 27.17595100402832
   vertex 58.90054702758789 38.619441986083984 26.85167694091797
   vertex 58.74981689453125 38.619441986083984 27.25579833984375
  endloop
 endfacet
 facet normal 0.7750354693451417 0.5895170917545376 0.22757332837182018
  outer loop
   vertex 59.15284729003906 38.16256332397461 27.17595100402832
   vertex 59.28811264038086 38.16256332397461 26.71528434753418
   vertex 58.90054702758789 38.619441986083984 26.85167694091797
  endloop
 endfacet
 facet normal 0.19779996634158892 0.8793659508787786 0.4331174179715333
  outer loop
   vertex 56.89836120605469 39.365013122558594 27.96713638305664
   vertex 56.796348571777344 39.638526916503906 27.458404541015625
   vertex 56.580692291259766 39.638526916503906 27.55689239501953
  endloop
 endfacet
 facet normal 0.23163997135974268 0.8754328883342732 0.42421713978948233
  outer loop
   vertex 56.89836120605469 39.365013122558594 27.96713638305664
   vertex 57.16917037963867 39.365013122558594 27.819263458251953
   vertex 56.796348571777344 39.638526916503906 27.458404541015625
  endloop
 endfacet
 facet normal 0.8893932733585325 0.4531727653862437 0.060116969457710244
  outer loop
   vertex 59.60149383544922 37.661659240722656 26.5178165435791
   vertex 59.65418243408203 37.62694549560547 26
   vertex 59.4640998840332 38 26
  endloop
 endfacet
 facet normal 0.9312382934460225 0.3574687778981555 0.07079063248579662
  outer loop
   vertex 59.60149383544922 37.661659240722656 26.5178165435791
   vertex 59.80422592163086 37.23606872558594 26
   vertex 59.65418243408203 37.62694549560547 26
  endloop
 endfacet
 facet normal 0.8624612103800182 0.490696648611081 0.12400588547196846
  outer loop
   vertex 59.60149383544922 37.661659240722656 26.5178165435791
   vertex 59.356441497802734 38.16256332397461 26.24005699157715
   vertex 59.28811264038086 38.16256332397461 26.71528434753418
  endloop
 endfacet
 facet normal 0.8787344939113366 0.47140431964677343 0.07485757562698721
  outer loop
   vertex 59.60149383544922 37.661659240722656 26.5178165435791
   vertex 59.4640998840332 38 26
   vertex 59.356441497802734 38.16256332397461 26.24005699157715
  endloop
 endfacet
 facet normal 0.39614077055204655 0.7962829388172429 0.4571717087211388
  outer loop
   vertex 57.56977462768555 39.02299880981445 28.09697151184082
   vertex 57.85222625732422 39.02299880981445 27.85222625732422
   vertex 57.41617965698242 39.365013122558594 27.634355545043945
  endloop
 endfacet
 facet normal 0.3563713272510923 0.8039698841635841 0.4760587174617098
  outer loop
   vertex 57.56977462768555 39.02299880981445 28.09697151184082
   vertex 57.41617965698242 39.365013122558594 27.634355545043945
   vertex 57.16917037963867 39.365013122558594 27.819263458251953
  endloop
 endfacet
 facet normal 0.5714956267750348 0.7002601392175142 0.42781828619178686
  outer loop
   vertex 58.284629821777344 38.619441986083984 27.979642868041992
   vertex 58.54310989379883 38.619441986083984 27.634355545043945
   vertex 58.09697341918945 39.02299880981445 27.569772720336914
  endloop
 endfacet
 facet normal 0.5299965473134732 0.7128803670324769 0.4592442075143008
  outer loop
   vertex 58.284629821777344 38.619441986083984 27.979642868041992
   vertex 58.09697341918945 39.02299880981445 27.569772720336914
   vertex 57.85222625732422 39.02299880981445 27.85222625732422
  endloop
 endfacet
 facet normal 0.03113757846765184 0.9331283628430251 0.3581925594775337
  outer loop
   vertex 56.1185417175293 39.638526916503906 27.657426834106445
   vertex 56 39.80422592163086 27.236068725585938
   vertex 56 39.65418243408203 27.6269474029541
  endloop
 endfacet
 facet normal 0.000941398309005985 0.8910034649001667 0.4539955278470492
  outer loop
   vertex 56.1185417175293 39.638526916503906 27.657426834106445
   vertex 56 39.65418243408203 27.6269474029541
   vertex 56 39.4640998840332 28
  endloop
 endfacet
 facet normal 0.05008285098961946 0.9360344266463593 0.34832637018975926
  outer loop
   vertex 56.1185417175293 39.638526916503906 27.657426834106445
   vertex 56.35321044921875 39.638526916503906 27.623685836791992
   vertex 56.160377502441406 39.83797073364258 27.115459442138672
  endloop
 endfacet
 facet normal 0.06583445602894954 0.934777591463224 0.34907976008010805
  outer loop
   vertex 56.1185417175293 39.638526916503906 27.657426834106445
   vertex 56.160377502441406 39.83797073364258 27.115459442138672
   vertex 56 39.80422592163086 27.236068725585938
  endloop
 endfacet
 facet normal 0.7347617212173474 0.5895190922281516 0.3355479890153082
  outer loop
   vertex 58.95340347290039 38.16256332397461 27.612680435180664
   vertex 59.15284729003906 38.16256332397461 27.17595100402832
   vertex 58.74981689453125 38.619441986083984 27.25579833984375
  endloop
 endfacet
 facet normal 0.696940878909931 0.6078238664080553 0.38055690603248227
  outer loop
   vertex 58.95340347290039 38.16256332397461 27.612680435180664
   vertex 58.74981689453125 38.619441986083984 27.25579833984375
   vertex 58.54310989379883 38.619441986083984 27.634355545043945
  endloop
 endfacet
 facet normal 0.16891087430457208 0.8754326595772071 0.4528650738213785
  outer loop
   vertex 56.6092643737793 39.365013122558594 28.07496452331543
   vertex 56.89836120605469 39.365013122558594 27.96713638305664
   vertex 56.580692291259766 39.638526916503906 27.55689239501953
  endloop
 endfacet
 facet normal 0.13414347074487085 0.8793663207590483 0.45685928158593236
  outer loop
   vertex 56.6092643737793 39.365013122558594 28.07496452331543
   vertex 56.580692291259766 39.638526916503906 27.55689239501953
   vertex 56.35321044921875 39.638526916503906 27.623685836791992
  endloop
 endfacet
 facet normal 0.8360342345627007 0.4906976493311355 0.24548436931922393
  outer loop
   vertex 59.49114227294922 37.661659240722656 27.02509117126465
   vertex 59.28811264038086 38.16256332397461 26.71528434753418
   vertex 59.15284729003906 38.16256332397461 27.17595100402832
  endloop
 endfacet
 facet normal 0.8642602295616475 0.4665904740168713 0.18800953474427798
  outer loop
   vertex 59.49114227294922 37.661659240722656 27.02509117126465
   vertex 59.60149383544922 37.661659240722656 26.5178165435791
   vertex 59.28811264038086 38.16256332397461 26.71528434753418
  endloop
 endfacet
 facet normal 0.3270479238061875 0.796283707503062 0.5088928302690463
  outer loop
   vertex 57.255367279052734 39.02299880981445 28.299030303955078
   vertex 57.56977462768555 39.02299880981445 28.09697151184082
   vertex 57.16917037963867 39.365013122558594 27.819263458251953
  endloop
 endfacet
 facet normal 0.284994287303735 0.8039708225710395 0.5219283213801323
  outer loop
   vertex 57.255367279052734 39.02299880981445 28.299030303955078
   vertex 57.16917037963867 39.365013122558594 27.819263458251953
   vertex 56.89836120605469 39.365013122558594 27.96713638305664
  endloop
 endfacet
 facet normal 0.965758956756724 0.25877278818103 0.01860864157265842
  outer loop
   vertex 59.82819366455078 37.126930236816406 26.2737979888916
   vertex 59.91259002685547 36.83164596557617 26
   vertex 59.80422592163086 37.23606872558594 26
  endloop
 endfacet
 facet normal 0.9289540350689156 0.3646172019240516 0.06402106520712954
  outer loop
   vertex 59.82819366455078 37.126930236816406 26.2737979888916
   vertex 59.80422592163086 37.23606872558594 26
   vertex 59.60149383544922 37.661659240722656 26.5178165435791
  endloop
 endfacet
 facet normal 0.4592431692826106 0.7128815167365091 0.5299959005150111
  outer loop
   vertex 57.979644775390625 38.619441986083984 28.284629821777344
   vertex 57.85222625732422 39.02299880981445 27.85222625732422
   vertex 57.56977462768555 39.02299880981445 28.09697151184082
  endloop
 endfacet
 facet normal 0.50479638555425 0.7002602412440951 0.5047932286234893
  outer loop
   vertex 57.979644775390625 38.619441986083984 28.284629821777344
   vertex 58.284629821777344 38.619441986083984 27.979642868041992
   vertex 57.85222625732422 39.02299880981445 27.85222625732422
  endloop
 endfacet
 facet normal 0.6795247775240544 0.5895197445570279 0.4367064775204292
  outer loop
   vertex 58.69383239746094 38.16256332397461 28.016578674316406
   vertex 58.95340347290039 38.16256332397461 27.612680435180664
   vertex 58.54310989379883 38.619441986083984 27.634355545043945
  endloop
 endfacet
 facet normal 0.6356867525504377 0.6078229799144114 0.47587138779279803
  outer loop
   vertex 58.69383239746094 38.16256332397461 28.016578674316406
   vertex 58.54310989379883 38.619441986083984 27.634355545043945
   vertex 58.284629821777344 38.619441986083984 27.979642868041992
  endloop
 endfacet
 facet normal 0.021286179055837053 0.8384832255683152 0.5445115049489371
  outer loop
   vertex 56.30776596069336 39.365013122558594 28.14055061340332
   vertex 56 39.4640998840332 28
   vertex 56 39.23606872558594 28.35114097595215
  endloop
 endfacet
 facet normal 0.0679099773043205 0.8793808598081188 0.4712510354213142
  outer loop
   vertex 56.30776596069336 39.365013122558594 28.14055061340332
   vertex 56.1185417175293 39.638526916503906 27.657426834106445
   vertex 56 39.4640998840332 28
  endloop
 endfacet
 facet normal 0.06776413455653785 0.8793660046840065 0.4712997473730399
  outer loop
   vertex 56.30776596069336 39.365013122558594 28.14055061340332
   vertex 56.35321044921875 39.638526916503906 27.623685836791992
   vertex 56.1185417175293 39.638526916503906 27.657426834106445
  endloop
 endfacet
 facet normal 0.10273984194506523 0.8754331241381343 0.47229373279649717
  outer loop
   vertex 56.30776596069336 39.365013122558594 28.14055061340332
   vertex 56.6092643737793 39.365013122558594 28.07496452331543
   vertex 56.35321044921875 39.638526916503906 27.623685836791992
  endloop
 endfacet
 facet normal 0.7925919768822619 0.490698074200202 0.3619576745395533
  outer loop
   vertex 59.309722900390625 37.661659240722656 27.511499404907227
   vertex 59.15284729003906 38.16256332397461 27.17595100402832
   vertex 58.95340347290039 38.16256332397461 27.612680435180664
  endloop
 endfacet
 facet normal 0.8287068693146501 0.46659281681299036 0.3090890940315282
  outer loop
   vertex 59.309722900390625 37.661659240722656 27.511499404907227
   vertex 59.49114227294922 37.661659240722656 27.02509117126465
   vertex 59.15284729003906 38.16256332397461 27.17595100402832
  endloop
 endfacet
 facet normal 0.20781677496480053 0.8039701023155822 0.5571752530630749
  outer loop
   vertex 56.915401458740234 39.02299880981445 28.454286575317383
   vertex 56.89836120605469 39.365013122558594 27.96713638305664
   vertex 56.6092643737793 39.365013122558594 28.07496452331543
  endloop
 endfacet
 facet normal 0.25129298030179625 0.7962837673123243 0.5502581212176091
  outer loop
   vertex 56.915401458740234 39.02299880981445 28.454286575317383
   vertex 57.255367279052734 39.02299880981445 28.299030303955078
   vertex 56.89836120605469 39.365013122558594 27.96713638305664
  endloop
 endfacet
 facet normal 0.9102647710567671 0.36360308733794316 0.19801727563848545
  outer loop
   vertex 59.75026321411133 37.126930236816406 26.815818786621094
   vertex 59.60149383544922 37.661659240722656 26.5178165435791
   vertex 59.49114227294922 37.661659240722656 27.02509117126465
  endloop
 endfacet
 facet normal 0.9328778693941934 0.33428856395805573 0.13412694286164495
  outer loop
   vertex 59.75026321411133 37.126930236816406 26.815818786621094
   vertex 59.82819366455078 37.126930236816406 26.2737979888916
   vertex 59.60149383544922 37.661659240722656 26.5178165435791
  endloop
 endfacet
 facet normal 0.3791454244440367 0.7128806700891862 0.589957538587604
  outer loop
   vertex 57.63435745239258 38.619441986083984 28.543107986450195
   vertex 57.56977462768555 39.02299880981445 28.09697151184082
   vertex 57.255367279052734 39.02299880981445 28.299030303955078
  endloop
 endfacet
 facet normal 0.4278158584334386 0.7002608275017813 0.5714966008117461
  outer loop
   vertex 57.63435745239258 38.619441986083984 28.543107986450195
   vertex 57.979644775390625 38.619441986083984 28.284629821777344
   vertex 57.56977462768555 39.02299880981445 28.09697151184082
  endloop
 endfacet
 facet normal 0.6104598149953119 0.5895208109374669 0.5289650534274649
  outer loop
   vertex 58.379425048828125 38.16256332397461 28.379425048828125
   vertex 58.69383239746094 38.16256332397461 28.016578674316406
   vertex 58.284629821777344 38.619441986083984 27.979642868041992
  endloop
 endfacet
 facet normal 0.5614955420104337 0.6078235401808785 0.5614920304905433
  outer loop
   vertex 58.379425048828125 38.16256332397461 28.379425048828125
   vertex 58.284629821777344 38.619441986083984 27.979642868041992
   vertex 57.979644775390625 38.619441986083984 28.284629821777344
  endloop
 endfacet
 facet normal 0.7762837433780906 0.46658784769561257 0.423885987206082
  outer loop
   vertex 59.0609245300293 37.661659240722656 27.96713638305664
   vertex 59.309722900390625 37.661659240722656 27.511499404907227
   vertex 58.95340347290039 38.16256332397461 27.612680435180664
  endloop
 endfacet
 facet normal 0.7330096980044389 0.49069444541176527 0.47107933925558815
  outer loop
   vertex 59.0609245300293 37.661659240722656 27.96713638305664
   vertex 58.95340347290039 38.16256332397461 27.612680435180664
   vertex 58.69383239746094 38.16256332397461 28.016578674316406
  endloop
 endfacet
 facet normal 0.17042493150913504 0.7962827163442892 0.5804215522975233
  outer loop
   vertex 56.556800842285156 39.02299880981445 28.559579849243164
   vertex 56.915401458740234 39.02299880981445 28.454286575317383
   vertex 56.6092643737793 39.365013122558594 28.07496452331543
  endloop
 endfacet
 facet normal 0.12640471939268935 0.8039694454170518 0.581080870233269
  outer loop
   vertex 56.556800842285156 39.02299880981445 28.559579849243164
   vertex 56.6092643737793 39.365013122558594 28.07496452331543
   vertex 56.30776596069336 39.365013122558594 28.14055061340332
  endloop
 endfacet
 facet normal 0.872821293924057 0.3635998946295874 0.32554278597150244
  outer loop
   vertex 59.595985412597656 37.126930236816406 27.34123420715332
   vertex 59.49114227294922 37.661659240722656 27.02509117126465
   vertex 59.309722900390625 37.661659240722656 27.511499404907227
  endloop
 endfacet
 facet normal 0.9042932548617291 0.33428838198157707 0.2655277516263021
  outer loop
   vertex 59.595985412597656 37.126930236816406 27.34123420715332
   vertex 59.75026321411133 37.126930236816406 26.815818786621094
   vertex 59.49114227294922 37.661659240722656 27.02509117126465
  endloop
 endfacet
 facet normal 0.2913230389612845 0.712880677526495 0.6379122404999982
  outer loop
   vertex 57.25579833984375 38.619441986083984 28.74981689453125
   vertex 57.255367279052734 39.02299880981445 28.299030303955078
   vertex 56.915401458740234 39.02299880981445 28.454286575317383
  endloop
 endfacet
 facet normal 0.34213027364804177 0.7002595119678658 0.6265648344361839
  outer loop
   vertex 57.25579833984375 38.619441986083984 28.74981689453125
   vertex 57.63435745239258 38.619441986083984 28.543107986450195
   vertex 57.255367279052734 39.02299880981445 28.299030303955078
  endloop
 endfacet
 facet normal 0.9758685867817388 0.2019791957473141 0.08297533258673831
  outer loop
   vertex 59.91898727416992 36.56925964355469 26.563465118408203
   vertex 59.91259002685547 36.83164596557617 26
   vertex 59.82819366455078 37.126930236816406 26.2737979888916
  endloop
 endfacet
 facet normal 0.9858172128428387 0.15614115164901565 0.06151718153895026
  outer loop
   vertex 59.91898727416992 36.56925964355469 26.563465118408203
   vertex 59.97808837890625 36.418113708496094 26
   vertex 59.91259002685547 36.83164596557617 26
  endloop
 endfacet
 facet normal 0.9635567953805794 0.22883521674284238 0.13853788526668326
  outer loop
   vertex 59.91898727416992 36.56925964355469 26.563465118408203
   vertex 59.82819366455078 37.126930236816406 26.2737979888916
   vertex 59.75026321411133 37.126930236816406 26.815818786621094
  endloop
 endfacet
 facet normal 0.9857583489185536 0.06247663337074593 0.156131828337545
  outer loop
   vertex 59.91898727416992 36.56925964355469 26.563465118408203
   vertex 59.91259002685547 36 26.831645965576172
   vertex 59.97808837890625 36 26.418113708496094
  endloop
 endfacet
 facet normal 0.9932294551534654 0.08214392678570359 0.08214392678570359
  outer loop
   vertex 59.91898727416992 36.56925964355469 26.563465118408203
   vertex 59.97808837890625 36 26.418113708496094
   vertex 59.97808837890625 36.418113708496094 26
  endloop
 endfacet
 facet normal 0.4758693282106599 0.607822563925606 0.6356886920901125
  outer loop
   vertex 58.016578674316406 38.16256332397461 28.693832397460938
   vertex 57.979644775390625 38.619441986083984 28.284629821777344
   vertex 57.63435745239258 38.619441986083984 28.543107986450195
  endloop
 endfacet
 facet normal 0.5289657420517657 0.5895193701019747 0.610460609712204
  outer loop
   vertex 58.016578674316406 38.16256332397461 28.693832397460938
   vertex 58.379425048828125 38.16256332397461 28.379425048828125
   vertex 57.979644775390625 38.619441986083984 28.284629821777344
  endloop
 endfacet
 facet normal 0.6585089134475215 0.4906953889069683 0.5705997250398949
  outer loop
   vertex 58.74981689453125 37.661659240722656 28.382728576660156
   vertex 58.69383239746094 38.16256332397461 28.016578674316406
   vertex 58.379425048828125 38.16256332397461 28.379425048828125
  endloop
 endfacet
 facet normal 0.7080588666145641 0.46658874056727306 0.530044892989589
  outer loop
   vertex 58.74981689453125 37.661659240722656 28.382728576660156
   vertex 59.0609245300293 37.661659240722656 27.96713638305664
   vertex 58.69383239746094 38.16256332397461 28.016578674316406
  endloop
 endfacet
 facet normal 0.0050272109150656516 0.7771368035527821 0.6293116205141771
  outer loop
   vertex 56.18687057495117 39.02299880981445 28.612768173217773
   vertex 56 39.23606872558594 28.35114097595215
   vertex 56 38.97257995605469 28.676523208618164
  endloop
 endfacet
 facet normal 0.05040054777476394 0.7062058335428159 0.7062103832811439
  outer loop
   vertex 56.18687057495117 39.02299880981445 28.612768173217773
   vertex 56 38.97257995605469 28.676523208618164
   vertex 56 38.67652130126953 28.972579956054688
  endloop
 endfacet
 facet normal 0.07417715047302359 0.7985412242651495 0.597352210590049
  outer loop
   vertex 56.18687057495117 39.02299880981445 28.612768173217773
   vertex 56.30776596069336 39.365013122558594 28.14055061340332
   vertex 56 39.23606872558594 28.35114097595215
  endloop
 endfacet
 facet normal 0.0860902740006561 0.7962831685593172 0.5987667160018378
  outer loop
   vertex 56.18687057495117 39.02299880981445 28.612768173217773
   vertex 56.556800842285156 39.02299880981445 28.559579849243164
   vertex 56.30776596069336 39.365013122558594 28.14055061340332
  endloop
 endfacet
 facet normal 0.8573031725554033 0.3342858191985068 0.3915153399411365
  outer loop
   vertex 59.368507385253906 37.126930236816406 27.839344024658203
   vertex 59.595985412597656 37.126930236816406 27.34123420715332
   vertex 59.309722900390625 37.661659240722656 27.511499404907227
  endloop
 endfacet
 facet normal 0.8176045045075898 0.3636016697999813 0.4464489891662475
  outer loop
   vertex 59.368507385253906 37.126930236816406 27.839344024658203
   vertex 59.309722900390625 37.661659240722656 27.511499404907227
   vertex 59.0609245300293 37.661659240722656 27.96713638305664
  endloop
 endfacet
 facet normal 0.24947643600936467 0.7002599346274612 0.6688778153232541
  outer loop
   vertex 56.85167694091797 38.619441986083984 28.900545120239258
   vertex 57.25579833984375 38.619441986083984 28.74981689453125
   vertex 56.915401458740234 39.02299880981445 28.454286575317383
  endloop
 endfacet
 facet normal 0.19757256886952074 0.7128806186277344 0.6728791151575718
  outer loop
   vertex 56.85167694091797 38.619441986083984 28.900545120239258
   vertex 56.915401458740234 39.02299880981445 28.454286575317383
   vertex 56.556800842285156 39.02299880981445 28.559579849243164
  endloop
 endfacet
 facet normal 0.9340317776009924 0.22883653049877603 0.2742598781098195
  outer loop
   vertex 59.79890823364258 36.56925964355469 27.115459442138672
   vertex 59.75026321411133 37.126930236816406 26.815818786621094
   vertex 59.595985412597656 37.126930236816406 27.34123420715332
  endloop
 endfacet
 facet normal 0.9582728288907858 0.19559602836152293 0.20845953827745403
  outer loop
   vertex 59.79890823364258 36.56925964355469 27.115459442138672
   vertex 59.91898727416992 36.56925964355469 26.563465118408203
   vertex 59.75026321411133 37.126930236816406 26.815818786621094
  endloop
 endfacet
 facet normal 0.9639627113442054 0.06372909918356354 0.2582914885457506
  outer loop
   vertex 59.79890823364258 36.56925964355469 27.115459442138672
   vertex 59.80422592163086 36 27.236068725585938
   vertex 59.91259002685547 36 26.831645965576172
  endloop
 endfacet
 facet normal 0.9732859871858888 0.08880720844196406 0.21172545164985562
  outer loop
   vertex 59.79890823364258 36.56925964355469 27.115459442138672
   vertex 59.91259002685547 36 26.831645965576172
   vertex 59.91898727416992 36.56925964355469 26.563465118408203
  endloop
 endfacet
 facet normal 0.3805590217325719 0.6078214464351925 0.6969418341808579
  outer loop
   vertex 57.61267852783203 38.16256332397461 28.953401565551758
   vertex 57.63435745239258 38.619441986083984 28.543107986450195
   vertex 57.25579833984375 38.619441986083984 28.74981689453125
  endloop
 endfacet
 facet normal 0.43670308590700435 0.5895188857301071 0.679527702251227
  outer loop
   vertex 57.61267852783203 38.16256332397461 28.953401565551758
   vertex 58.016578674316406 38.16256332397461 28.693832397460938
   vertex 57.63435745239258 38.619441986083984 28.543107986450195
  endloop
 endfacet
 facet normal 0.5705997250398949 0.4906953889069683 0.6585089134475215
  outer loop
   vertex 58.382728576660156 37.661659240722656 28.74981689453125
   vertex 58.379425048828125 38.16256332397461 28.379425048828125
   vertex 58.016578674316406 38.16256332397461 28.693832397460938
  endloop
 endfacet
 facet normal 0.6254181027046234 0.46658803415721933 0.6254181027046234
  outer loop
   vertex 58.382728576660156 37.661659240722656 28.74981689453125
   vertex 58.74981689453125 37.661659240722656 28.382728576660156
   vertex 58.379425048828125 38.16256332397461 28.379425048828125
  endloop
 endfacet
 facet normal 0.792857570915947 0.33429002871032726 0.5095361115231309
  outer loop
   vertex 59.07245635986328 37.126930236816406 28.300010681152344
   vertex 59.368507385253906 37.126930236816406 27.839344024658203
   vertex 59.0609245300293 37.661659240722656 27.96713638305664
  endloop
 endfacet
 facet normal 0.7457477103593969 0.3636041552654096 0.5582583369439682
  outer loop
   vertex 59.07245635986328 37.126930236816406 28.300010681152344
   vertex 59.0609245300293 37.661659240722656 27.96713638305664
   vertex 58.74981689453125 37.661659240722656 28.382728576660156
  endloop
 endfacet
 facet normal 0.06090740442624014 0.7029983566091721 0.7085785762291024
  outer loop
   vertex 56.43021774291992 38.619441986083984 28.992229461669922
   vertex 56.18687057495117 39.02299880981445 28.612768173217773
   vertex 56 38.67652130126953 28.972579956054688
  endloop
 endfacet
 facet normal 0.09980381034486953 0.7128820700083297 0.6941457726596659
  outer loop
   vertex 56.43021774291992 38.619441986083984 28.992229461669922
   vertex 56.556800842285156 39.02299880981445 28.559579849243164
   vertex 56.18687057495117 39.02299880981445 28.612768173217773
  endloop
 endfacet
 facet normal 0.15174993008408605 0.7002611319704866 0.6975717208795722
  outer loop
   vertex 56.43021774291992 38.619441986083984 28.992229461669922
   vertex 56.85167694091797 38.619441986083984 28.900545120239258
   vertex 56.556800842285156 39.02299880981445 28.559579849243164
  endloop
 endfacet
 facet normal 0.047945857710848735 0.6286002660324963 0.7762492513827283
  outer loop
   vertex 56.43021774291992 38.619441986083984 28.992229461669922
   vertex 56 38.67652130126953 28.972579956054688
   vertex 56 38.35114288330078 29.236068725585938
  endloop
 endfacet
 facet normal 0.9188513916011295 0.19559864050588335 0.3427145926057395
  outer loop
   vertex 59.60149383544922 36.56925964355469 27.644746780395508
   vertex 59.79890823364258 36.56925964355469 27.115459442138672
   vertex 59.595985412597656 37.126930236816406 27.34123420715332
  endloop
 endfacet
 facet normal 0.8854955945028636 0.2288362231914566 0.4043903251457557
  outer loop
   vertex 59.60149383544922 36.56925964355469 27.644746780395508
   vertex 59.595985412597656 37.126930236816406 27.34123420715332
   vertex 59.368507385253906 37.126930236816406 27.839344024658203
  endloop
 endfacet
 facet normal 0.9337545942441224 0.08251137885144313 0.3482732118438451
  outer loop
   vertex 59.60149383544922 36.56925964355469 27.644746780395508
   vertex 59.80422592163086 36 27.236068725585938
   vertex 59.79890823364258 36.56925964355469 27.115459442138672
  endloop
 endfacet
 facet normal 0.9309522217446038 0.07499184664519809 0.3573572215102546
  outer loop
   vertex 59.60149383544922 36.56925964355469 27.644746780395508
   vertex 59.65418243408203 36 27.6269474029541
   vertex 59.80422592163086 36 27.236068725585938
  endloop
 endfacet
 facet normal 0.8889345334173303 0.06811415743926982 0.4529413393083605
  outer loop
   vertex 59.60149383544922 36.56925964355469 27.644746780395508
   vertex 59.4640998840332 36 28
   vertex 59.65418243408203 36 27.6269474029541
  endloop
 endfacet
 facet normal 0.3355557245751064 0.5895190922476629 0.7347581885085506
  outer loop
   vertex 57.17595291137695 38.16256332397461 29.152849197387695
   vertex 57.61267852783203 38.16256332397461 28.953401565551758
   vertex 57.25579833984375 38.619441986083984 28.74981689453125
  endloop
 endfacet
 facet normal 0.2774976893163806 0.6078236666199635 0.7440063324466619
  outer loop
   vertex 57.17595291137695 38.16256332397461 29.152849197387695
   vertex 57.25579833984375 38.619441986083984 28.74981689453125
   vertex 56.85167694091797 38.619441986083984 28.900545120239258
  endloop
 endfacet
 facet normal 0.47107478523457263 0.49069618590005465 0.7330114595689078
  outer loop
   vertex 57.96713638305664 37.661659240722656 29.060924530029297
   vertex 58.016578674316406 38.16256332397461 28.693832397460938
   vertex 57.61267852783203 38.16256332397461 28.953401565551758
  endloop
 endfacet
 facet normal 0.530044892989589 0.46658874056727306 0.7080588666145641
  outer loop
   vertex 57.96713638305664 37.661659240722656 29.060924530029297
   vertex 58.382728576660156 37.661659240722656 28.74981689453125
   vertex 58.016578674316406 38.16256332397461 28.693832397460938
  endloop
 endfacet
 facet normal 0.7122702559147761 0.3342888294267771 0.6171888374392188
  outer loop
   vertex 58.7138557434082 37.126930236816406 28.713855743408203
   vertex 59.07245635986328 37.126930236816406 28.300010681152344
   vertex 58.74981689453125 37.661659240722656 28.382728576660156
  endloop
 endfacet
 facet normal 0.6587085142915295 0.36360168646431196 0.6587085142915295
  outer loop
   vertex 58.7138557434082 37.126930236816406 28.713855743408203
   vertex 58.74981689453125 37.661659240722656 28.382728576660156
   vertex 58.382728576660156 37.661659240722656 28.74981689453125
  endloop
 endfacet
 facet normal 0.8189323101368443 0.22883463513507843 0.5262932463717609
  outer loop
   vertex 59.33076477050781 36.56925964355469 28.14055061340332
   vertex 59.368507385253906 37.126930236816406 27.839344024658203
   vertex 59.07245635986328 37.126930236816406 28.300010681152344
  endloop
 endfacet
 facet normal 0.8370676107899764 0.06184925914995492 0.5435922038706611
  outer loop
   vertex 59.33076477050781 36.56925964355469 28.14055061340332
   vertex 59.23606872558594 36 28.35114097595215
   vertex 59.4640998840332 36 28
  endloop
 endfacet
 facet normal 0.8743576295657227 0.08691783230489938 0.47743483958298205
  outer loop
   vertex 59.33076477050781 36.56925964355469 28.14055061340332
   vertex 59.4640998840332 36 28
   vertex 59.60149383544922 36.56925964355469 27.644746780395508
  endloop
 endfacet
 facet normal 0.8607263443868833 0.1955966587837603 0.4699916032771452
  outer loop
   vertex 59.33076477050781 36.56925964355469 28.14055061340332
   vertex 59.60149383544922 36.56925964355469 27.644746780395508
   vertex 59.368507385253906 37.126930236816406 27.839344024658203
  endloop
 endfacet
 facet normal 0.16879493073715723 0.6078228412305963 0.7759250382838563
  outer loop
   vertex 56.71528625488281 38.16256332397461 29.28811264038086
   vertex 56.85167694091797 38.619441986083984 28.900545120239258
   vertex 56.43021774291992 38.619441986083984 28.992229461669922
  endloop
 endfacet
 facet normal 0.22756959554771944 0.589520878283258 0.7750336852359279
  outer loop
   vertex 56.71528625488281 38.16256332397461 29.28811264038086
   vertex 57.17595291137695 38.16256332397461 29.152849197387695
   vertex 56.85167694091797 38.619441986083984 28.900545120239258
  endloop
 endfacet
 facet normal 0.4238816651660795 0.4665896352484856 0.7762850289775766
  outer loop
   vertex 57.511497497558594 37.661659240722656 29.309720993041992
   vertex 57.96713638305664 37.661659240722656 29.060924530029297
   vertex 57.61267852783203 38.16256332397461 28.953401565551758
  endloop
 endfacet
 facet normal 0.3619667997982134 0.4906947364332651 0.7925898759639365
  outer loop
   vertex 57.511497497558594 37.661659240722656 29.309720993041992
   vertex 57.61267852783203 38.16256332397461 28.953401565551758
   vertex 57.17595291137695 38.16256332397461 29.152849197387695
  endloop
 endfacet
 facet normal 0.5582588768912592 0.36360184690003466 0.7457484316463519
  outer loop
   vertex 58.300010681152344 37.126930236816406 29.07245445251465
   vertex 58.382728576660156 37.661659240722656 28.74981689453125
   vertex 57.96713638305664 37.661659240722656 29.060924530029297
  endloop
 endfacet
 facet normal 0.6171872245670237 0.3342877010648833 0.7122721830508401
  outer loop
   vertex 58.300010681152344 37.126930236816406 29.07245445251465
   vertex 58.7138557434082 37.126930236816406 28.713855743408203
   vertex 58.382728576660156 37.661659240722656 28.74981689453125
  endloop
 endfacet
 facet normal 0.7974228786105193 0.08818058538804939 0.5969429931150324
  outer loop
   vertex 58.99222946166992 36.56925964355469 28.59278106689453
   vertex 59.23606872558594 36 28.35114097595215
   vertex 59.33076477050781 36.56925964355469 28.14055061340332
  endloop
 endfacet
 facet normal 0.7754721171542338 0.06561043347802832 0.6279635869500362
  outer loop
   vertex 58.99222946166992 36.56925964355469 28.59278106689453
   vertex 58.97257995605469 36 28.676523208618164
   vertex 59.23606872558594 36 28.35114097595215
  endloop
 endfacet
 facet normal 0.7850787850556116 0.1955946789247011 0.5877023250183278
  outer loop
   vertex 58.99222946166992 36.56925964355469 28.59278106689453
   vertex 59.33076477050781 36.56925964355469 28.14055061340332
   vertex 59.07245635986328 37.126930236816406 28.300010681152344
  endloop
 endfacet
 facet normal 0.7356943196684078 0.22883500160196568 0.6374860077283792
  outer loop
   vertex 58.99222946166992 36.56925964355469 28.59278106689453
   vertex 59.07245635986328 37.126930236816406 28.300010681152344
   vertex 58.7138557434082 37.126930236816406 28.713855743408203
  endloop
 endfacet
 facet normal 0.0073125346878464585 0.5446214678548355 0.8386500960401088
  outer loop
   vertex 56.24005889892578 38.16256332397461 29.3564395904541
   vertex 56 38.35114288330078 29.236068725585938
   vertex 56 38 29.464101791381836
  endloop
 endfacet
 facet normal 0.07473993398986395 0.6023959915463146 0.794690513115718
  outer loop
   vertex 56.24005889892578 38.16256332397461 29.3564395904541
   vertex 56.43021774291992 38.619441986083984 28.992229461669922
   vertex 56 38.35114288330078 29.236068725585938
  endloop
 endfacet
 facet normal 0.11495479918939151 0.5895184905838469 0.7995332034400254
  outer loop
   vertex 56.24005889892578 38.16256332397461 29.3564395904541
   vertex 56.71528625488281 38.16256332397461 29.28811264038086
   vertex 56.43021774291992 38.619441986083984 28.992229461669922
  endloop
 endfacet
 facet normal 0.24548137428236935 0.4906964408632212 0.8360358232782888
  outer loop
   vertex 57.02509307861328 37.661659240722656 29.49114227294922
   vertex 57.17595291137695 38.16256332397461 29.152849197387695
   vertex 56.71528625488281 38.16256332397461 29.28811264038086
  endloop
 endfacet
 facet normal 0.30909492721448073 0.4665881932146691 0.8287072968925431
  outer loop
   vertex 57.02509307861328 37.661659240722656 29.49114227294922
   vertex 57.511497497558594 37.661659240722656 29.309720993041992
   vertex 57.17595291137695 38.16256332397461 29.152849197387695
  endloop
 endfacet
 facet normal 0.5095386756114261 0.33428877269050483 0.7928564526503079
  outer loop
   vertex 57.8393440246582 37.126930236816406 29.368507385253906
   vertex 58.300010681152344 37.126930236816406 29.07245445251465
   vertex 57.96713638305664 37.661659240722656 29.060924530029297
  endloop
 endfacet
 facet normal 0.44644454709721343 0.3636036261517261 0.8176060600414358
  outer loop
   vertex 57.8393440246582 37.126930236816406 29.368507385253906
   vertex 57.96713638305664 37.661659240722656 29.060924530029297
   vertex 57.511497497558594 37.661659240722656 29.309720993041992
  endloop
 endfacet
 facet normal 0.7048764878957546 0.07936166343702604 0.7048764878957546
  outer loop
   vertex 58.59278106689453 36.56925964355469 28.992229461669922
   vertex 58.97257995605469 36 28.676523208618164
   vertex 58.99222946166992 36.56925964355469 28.59278106689453
  endloop
 endfacet
 facet normal 0.704874372494537 0.07935890677864486 0.7048789136549136
  outer loop
   vertex 58.59278106689453 36.56925964355469 28.992229461669922
   vertex 58.67652130126953 36 28.972579956054688
   vertex 58.97257995605469 36 28.676523208618164
  endloop
 endfacet
 facet normal 0.627968087970629 0.06560911351176771 0.7754685839637301
  outer loop
   vertex 58.59278106689453 36.56925964355469 28.992229461669922
   vertex 58.35114288330078 36 29.236068725585938
   vertex 58.67652130126953 36 28.972579956054688
  endloop
 endfacet
 facet normal 0.6374838875725314 0.22883619383561543 0.7356957859579192
  outer loop
   vertex 58.59278106689453 36.56925964355469 28.992229461669922
   vertex 58.7138557434082 37.126930236816406 28.713855743408203
   vertex 58.300010681152344 37.126930236816406 29.07245445251465
  endloop
 endfacet
 facet normal 0.6934485369223633 0.19559717094188148 0.6934485369223633
  outer loop
   vertex 58.59278106689453 36.56925964355469 28.992229461669922
   vertex 58.99222946166992 36.56925964355469 28.59278106689453
   vertex 58.7138557434082 37.126930236816406 28.713855743408203
  endloop
 endfacet
 facet normal 0.0601176177228807 0.4531691376125387 0.8893950779911217
  outer loop
   vertex 56.51781463623047 37.661659240722656 29.60149383544922
   vertex 56 38 29.464101791381836
   vertex 56 37.62694549560547 29.65418243408203
  endloop
 endfacet
 facet normal 0.07079089193341219 0.3574687712996398 0.931238276256296
  outer loop
   vertex 56.51781463623047 37.661659240722656 29.60149383544922
   vertex 56 37.62694549560547 29.65418243408203
   vertex 56 37.23606872558594 29.80422592163086
  endloop
 endfacet
 facet normal 0.07486562002433537 0.47140978630289 0.8787308759320087
  outer loop
   vertex 56.51781463623047 37.661659240722656 29.60149383544922
   vertex 56.24005889892578 38.16256332397461 29.3564395904541
   vertex 56 38 29.464101791381836
  endloop
 endfacet
 facet normal 0.12400245159660903 0.4906971783072017 0.8624614027302213
  outer loop
   vertex 56.51781463623047 37.661659240722656 29.60149383544922
   vertex 56.71528625488281 38.16256332397461 29.28811264038086
   vertex 56.24005889892578 38.16256332397461 29.3564395904541
  endloop
 endfacet
 facet normal 0.1880082476090112 0.4665899139724892 0.8642608119139349
  outer loop
   vertex 56.51781463623047 37.661659240722656 29.60149383544922
   vertex 57.02509307861328 37.661659240722656 29.49114227294922
   vertex 56.71528625488281 38.16256332397461 29.28811264038086
  endloop
 endfacet
 facet normal 0.3255476165784814 0.3636029394993168 0.87281822375998
  outer loop
   vertex 57.34123229980469 37.126930236816406 29.59598731994629
   vertex 57.511497497558594 37.661659240722656 29.309720993041992
   vertex 57.02509307861328 37.661659240722656 29.49114227294922
  endloop
 endfacet
 facet normal 0.39151612400506475 0.3342905137699854 0.8573009839300606
  outer loop
   vertex 57.34123229980469 37.126930236816406 29.59598731994629
   vertex 57.8393440246582 37.126930236816406 29.368507385253906
   vertex 57.511497497558594 37.661659240722656 29.309720993041992
  endloop
 endfacet
 facet normal 0.5262955978833014 0.2288350137897219 0.8189306931068808
  outer loop
   vertex 58.14055252075195 36.56925964355469 29.33076286315918
   vertex 58.300010681152344 37.126930236816406 29.07245445251465
   vertex 57.8393440246582 37.126930236816406 29.368507385253906
  endloop
 endfacet
 facet normal 0.5435932128059151 0.06185258694641883 0.8370667096948599
  outer loop
   vertex 58.14055252075195 36.56925964355469 29.33076286315918
   vertex 58 36 29.464101791381836
   vertex 58.35114288330078 36 29.236068725585938
  endloop
 endfacet
 facet normal 0.5877015216562891 0.19559693670757658 0.7850788239364852
  outer loop
   vertex 58.14055252075195 36.56925964355469 29.33076286315918
   vertex 58.59278106689453 36.56925964355469 28.992229461669922
   vertex 58.300010681152344 37.126930236816406 29.07245445251465
  endloop
 endfacet
 facet normal 0.5969423246863659 0.08818297057843415 0.7974231152267913
  outer loop
   vertex 58.14055252075195 36.56925964355469 29.33076286315918
   vertex 58.35114288330078 36 29.236068725585938
   vertex 58.59278106689453 36.56925964355469 28.992229461669922
  endloop
 endfacet
 facet normal 0.19801608761620654 0.36360026972867676 0.9102661549779848
  outer loop
   vertex 56.815818786621094 37.126930236816406 29.750261306762695
   vertex 57.02509307861328 37.661659240722656 29.49114227294922
   vertex 56.51781463623047 37.661659240722656 29.60149383544922
  endloop
 endfacet
 facet normal 0.26552272074923017 0.3342871200766298 0.9042951985479073
  outer loop
   vertex 56.815818786621094 37.126930236816406 29.750261306762695
   vertex 57.34123229980469 37.126930236816406 29.59598731994629
   vertex 57.02509307861328 37.661659240722656 29.49114227294922
  endloop
 endfacet
 facet normal 0.46999150372056786 0.19559524316554086 0.8607267204412166
  outer loop
   vertex 57.644744873046875 36.56925964355469 29.60149383544922
   vertex 58.14055252075195 36.56925964355469 29.33076286315918
   vertex 57.8393440246582 37.126930236816406 29.368507385253906
  endloop
 endfacet
 facet normal 0.47743442051927826 0.0869221483951574 0.8743574293284132
  outer loop
   vertex 57.644744873046875 36.56925964355469 29.60149383544922
   vertex 58 36 29.464101791381836
   vertex 58.14055252075195 36.56925964355469 29.33076286315918
  endloop
 endfacet
 facet normal 0.45293587945603414 0.06811458262765493 0.8889372827904393
  outer loop
   vertex 57.644744873046875 36.56925964355469 29.60149383544922
   vertex 57.62694549560547 36 29.65418243408203
   vertex 58 36 29.464101791381836
  endloop
 endfacet
 facet normal 0.35735874406584 0.07499174569639025 0.9309516454236992
  outer loop
   vertex 57.644744873046875 36.56925964355469 29.60149383544922
   vertex 57.23606872558594 36 29.80422592163086
   vertex 57.62694549560547 36 29.65418243408203
  endloop
 endfacet
 facet normal 0.4043920535887267 0.22883413285958723 0.8854953453478416
  outer loop
   vertex 57.644744873046875 36.56925964355469 29.60149383544922
   vertex 57.8393440246582 37.126930236816406 29.368507385253906
   vertex 57.34123229980469 37.126930236816406 29.59598731994629
  endloop
 endfacet
 facet normal 0.018608771161351238 0.258772787556789 0.965758954427011
  outer loop
   vertex 56.27379608154297 37.126930236816406 29.82819366455078
   vertex 56 37.23606872558594 29.80422592163086
   vertex 56 36.83164596557617 29.91259002685547
  endloop
 endfacet
 facet normal 0.06402144502981594 0.36461704380876353 0.928954070953162
  outer loop
   vertex 56.27379608154297 37.126930236816406 29.82819366455078
   vertex 56.51781463623047 37.661659240722656 29.60149383544922
   vertex 56 37.23606872558594 29.80422592163086
  endloop
 endfacet
 facet normal 0.1341297605677944 0.3342872986017398 0.9328779176953313
  outer loop
   vertex 56.27379608154297 37.126930236816406 29.82819366455078
   vertex 56.815818786621094 37.126930236816406 29.750261306762695
   vertex 56.51781463623047 37.661659240722656 29.60149383544922
  endloop
 endfacet
 facet normal 0.2742547225964171 0.22883394764688264 0.9340339241900725
  outer loop
   vertex 57.11545944213867 36.56925964355469 29.798906326293945
   vertex 57.34123229980469 37.126930236816406 29.59598731994629
   vertex 56.815818786621094 37.126930236816406 29.750261306762695
  endloop
 endfacet
 facet normal 0.25829143537917776 0.06373231589684326 0.9639625129226701
  outer loop
   vertex 57.11545944213867 36.56925964355469 29.798906326293945
   vertex 56.83164596557617 36 29.91259002685547
   vertex 57.23606872558594 36 29.80422592163086
  endloop
 endfacet
 facet normal 0.34271304668425334 0.1955946705135539 0.9188528132944312
  outer loop
   vertex 57.11545944213867 36.56925964355469 29.798906326293945
   vertex 57.644744873046875 36.56925964355469 29.60149383544922
   vertex 57.34123229980469 37.126930236816406 29.59598731994629
  endloop
 endfacet
 facet normal 0.3482712808366235 0.0825141028263784 0.9337550737635515
  outer loop
   vertex 57.11545944213867 36.56925964355469 29.798906326293945
   vertex 57.23606872558594 36 29.80422592163086
   vertex 57.644744873046875 36.56925964355469 29.60149383544922
  endloop
 endfacet
 facet normal 0.06152050593428035 0.15614111959481902 0.985817010464552
  outer loop
   vertex 56.5634651184082 36.56925964355469 29.91898536682129
   vertex 56 36.83164596557617 29.91259002685547
   vertex 56 36.418113708496094 29.97808837890625
  endloop
 endfacet
 facet normal 0.08214654200938737 0.08214654200938737 0.9932290225682089
  outer loop
   vertex 56.5634651184082 36.56925964355469 29.91898536682129
   vertex 56 36.418113708496094 29.97808837890625
   vertex 56.418113708496094 36 29.97808837890625
  endloop
 endfacet
 facet normal 0.15613179611865607 0.062479923337458367 0.9857581455004608
  outer loop
   vertex 56.5634651184082 36.56925964355469 29.91898536682129
   vertex 56.418113708496094 36 29.97808837890625
   vertex 56.83164596557617 36 29.91259002685547
  endloop
 endfacet
 facet normal 0.20845953827745403 0.19559602836152293 0.9582728288907858
  outer loop
   vertex 56.5634651184082 36.56925964355469 29.91898536682129
   vertex 57.11545944213867 36.56925964355469 29.798906326293945
   vertex 56.815818786621094 37.126930236816406 29.750261306762695
  endloop
 endfacet
 facet normal 0.08297782656125241 0.20197746122763086 0.975868733721504
  outer loop
   vertex 56.5634651184082 36.56925964355469 29.91898536682129
   vertex 56.27379608154297 37.126930236816406 29.82819366455078
   vertex 56 36.83164596557617 29.91259002685547
  endloop
 endfacet
 facet normal 0.13854077439090523 0.22883387976136407 0.9635566975038519
  outer loop
   vertex 56.5634651184082 36.56925964355469 29.91898536682129
   vertex 56.815818786621094 37.126930236816406 29.750261306762695
   vertex 56.27379608154297 37.126930236816406 29.82819366455078
  endloop
 endfacet
 facet normal 0.2117253903316795 0.0888104437916752 0.9732857053108421
  outer loop
   vertex 56.5634651184082 36.56925964355469 29.91898536682129
   vertex 56.83164596557617 36 29.91259002685547
   vertex 57.11545944213867 36.56925964355469 29.798906326293945
  endloop
 endfacet
endsolid sketchbench
